<?xml version="1.0" encoding="UTF-8"?>
<kml xmlns="http://www.opengis.net/kml/2.2" xmlns:gx="http://www.google.com/kml/ext/2.2" xmlns:xsi="http://www.w3.org/2001/XMLSchema-instance"
 xsi:schemaLocation="http://www.opengis.net/kml/2.2 http://schemas.opengis.net/kml/2.2.0/ogckml22.xsd http://www.google.com/kml/ext/2.2 http://code.google.com/apis/kml/schema/kml22gx.xsd">
<Document id="Sector Catastral">
  <name>Sector Catastral</name>
  <snippet></snippet>
  <description><![CDATA[]]></description>
  <Folder id="FeatureLayer0">
    <name>Sector Catastral</name>
    <snippet></snippet>
    <description><![CDATA[]]></description>
    <Placemark id="ID_00000">
      <name>ARMENIA</name>
      <snippet></snippet>
      <description><![CDATA[<html xmlns:fo="http://www.w3.org/1999/XSL/Format" xmlns:msxsl="urn:schemas-microsoft-com:xslt">
<head>
<META http-equiv="Content-Type" content="text/html">
<meta http-equiv="content-type" content="text/html; charset=UTF-8">
</head>
<body style="margin:0px 0px 0px 0px;overflow:auto;background:#FFFFFF;">
<table style="font-family:Arial,Verdana,Times;font-size:12px;text-align:left;width:100%;border-collapse:collapse;padding:3px 3px 3px 3px">
<tr style="text-align:center;font-weight:bold;background:#9CBCE2">
<td>007105</td>
</tr>
<tr>
<td>
<table style="font-family:Arial,Verdana,Times;font-size:12px;text-align:left;width:100%;border-spacing:0px; padding:3px 3px 3px 3px">
<tr>
<td>OBJECTID1</td>
<td>39</td>
</tr>
<tr bgcolor="#D4E4F3">
<td>SCaCodigo</td>
<td>007105</td>
</tr>
<tr>
<td>SCaTipo</td>
<td>0</td>
</tr>
<tr bgcolor="#D4E4F3">
<td>SCaNombre</td>
<td>ARMENIA</td>
</tr>
<tr>
<td>SHAPE</td>
<td>Polígono</td>
</tr>
<tr bgcolor="#D4E4F3">
<td>SHAPE_Length</td>
<td>0.007913</td>
</tr>
<tr>
<td>SHAPE_Area</td>
<td>0</td>
</tr>
</table>
</td>
</tr>
</table>
</body><script type="text/javascript">
				function changeImage(attElement, nameElement) {
				document.getElementById('imageAttachment').src = attElement;
				document.getElementById('imageName').innerHTML = nameElement;}
			</script></html>
]]></description>
      <styleUrl>#PolyStyle00</styleUrl>
      <MultiGeometry>
        <Polygon>
          <extrude>0</extrude><altitudeMode>clampToGround</altitudeMode>
          <outerBoundaryIs><LinearRing><coordinates> -74.07279698999997,4.615405533848496,0 -74.07275049599997,4.615495652848482,0 -74.07212210999995,4.616726222848458,0 -74.07175673699999,4.617439941848413,0 -74.07141794399996,4.618101867848414,0 -74.07138505599994,4.618166525848397,0 -74.07281873699998,4.615437092848469,0 -74.07279698999997,4.615405533848496,0</coordinates></LinearRing></outerBoundaryIs>
        </Polygon>
        <Polygon>
          <extrude>0</extrude><altitudeMode>clampToGround</altitudeMode>
          <outerBoundaryIs><LinearRing><coordinates> -74.07061893399998,4.619625064848342,0 -74.07039904699997,4.620008998848338,0 -74.07021568499994,4.620356457848342,0 -74.07023421699995,4.620365892848328,0 -74.07030215199995,4.620228151848327,0 -74.07061893399998,4.619625064848342,0</coordinates></LinearRing></outerBoundaryIs>
        </Polygon>
      </MultiGeometry>
    </Placemark>
    <Placemark id="ID_00001">
      <name>BELEN</name>
      <snippet></snippet>
      <description><![CDATA[<html xmlns:fo="http://www.w3.org/1999/XSL/Format" xmlns:msxsl="urn:schemas-microsoft-com:xslt">
<head>
<META http-equiv="Content-Type" content="text/html">
<meta http-equiv="content-type" content="text/html; charset=UTF-8">
</head>
<body style="margin:0px 0px 0px 0px;overflow:auto;background:#FFFFFF;">
<table style="font-family:Arial,Verdana,Times;font-size:12px;text-align:left;width:100%;border-collapse:collapse;padding:3px 3px 3px 3px">
<tr style="text-align:center;font-weight:bold;background:#9CBCE2">
<td>003204</td>
</tr>
<tr>
<td>
<table style="font-family:Arial,Verdana,Times;font-size:12px;text-align:left;width:100%;border-spacing:0px; padding:3px 3px 3px 3px">
<tr>
<td>OBJECTID1</td>
<td>6</td>
</tr>
<tr bgcolor="#D4E4F3">
<td>SCaCodigo</td>
<td>003204</td>
</tr>
<tr>
<td>SCaTipo</td>
<td>0</td>
</tr>
<tr bgcolor="#D4E4F3">
<td>SCaNombre</td>
<td>BELEN</td>
</tr>
<tr>
<td>SHAPE</td>
<td>Polígono</td>
</tr>
<tr bgcolor="#D4E4F3">
<td>SHAPE_Length</td>
<td>0.001329</td>
</tr>
<tr>
<td>SHAPE_Area</td>
<td>0</td>
</tr>
</table>
</td>
</tr>
</table>
</body><script type="text/javascript">
				function changeImage(attElement, nameElement) {
				document.getElementById('imageAttachment').src = attElement;
				document.getElementById('imageName').innerHTML = nameElement;}
			</script></html>
]]></description>
      <styleUrl>#PolyStyle01</styleUrl>
      <MultiGeometry>
        <Polygon>
          <extrude>0</extrude><altitudeMode>clampToGround</altitudeMode>
          <outerBoundaryIs><LinearRing><coordinates> -74.07095602899994,4.59084358584931,0 -74.07074361699995,4.59119372684931,0 -74.07062305499994,4.591418207849274,0 -74.07062375199996,4.5914175068493,0 -74.07062550899997,4.591415891849266,0 -74.07062741399994,4.591413686849283,0 -74.07063268599995,4.591408396849288,0 -74.07063532299998,4.591405016849277,0 -74.07063796399996,4.591401466849248,0 -74.07065374099994,4.591374073849269,0 -74.07066730099996,4.591350617849264,0 -74.07068314699995,4.591323264849255,0 -74.07071487799993,4.591268582849271,0 -74.07073073199996,4.591241230849252,0 -74.07073977899995,4.591225597849281,0 -74.07075332699998,4.591202131849264,0 -74.07076908799996,4.591174730849262,0 -74.07078030699995,4.591155135849289,0 -74.07078925699994,4.591139444849303,0 -74.07080710399998,4.591108032849312,0 -74.07081607699996,4.591092348849307,0 -74.07082508399998,4.591076680849294,0 -74.07083185599998,4.591064937849282,0 -74.07085900399994,4.591017985849295,0 -74.07087029999997,4.590998414849291,0 -74.07088155799994,4.590978818849281,0 -74.07089052499998,4.590963125849314,0 -74.07089944599994,4.590947407849269,0 -74.07090388599994,4.590939538849277,0 -74.07091051799995,4.590927719849266,0 -74.07091929899997,4.590911931849288,0 -74.07092583299993,4.590900066849307,0 -74.07093016499994,4.590892140849282,0 -74.07093447299997,4.590884206849289,0 -74.07094089099996,4.590872280849276,0 -74.07094513899995,4.590864316849311,0 -74.07094935799995,4.590856337849287,0 -74.07095145999995,4.590852343849283,0 -74.07095602899994,4.59084358584931,0</coordinates></LinearRing></outerBoundaryIs>
        </Polygon>
      </MultiGeometry>
    </Placemark>
    <Placemark id="ID_00002">
      <name>BOSQUE IZQUIERDO</name>
      <snippet></snippet>
      <description><![CDATA[<html xmlns:fo="http://www.w3.org/1999/XSL/Format" xmlns:msxsl="urn:schemas-microsoft-com:xslt">
<head>
<META http-equiv="Content-Type" content="text/html">
<meta http-equiv="content-type" content="text/html; charset=UTF-8">
</head>
<body style="margin:0px 0px 0px 0px;overflow:auto;background:#FFFFFF;">
<table style="font-family:Arial,Verdana,Times;font-size:12px;text-align:left;width:100%;border-collapse:collapse;padding:3px 3px 3px 3px">
<tr style="text-align:center;font-weight:bold;background:#9CBCE2">
<td>008106</td>
</tr>
<tr>
<td>
<table style="font-family:Arial,Verdana,Times;font-size:12px;text-align:left;width:100%;border-spacing:0px; padding:3px 3px 3px 3px">
<tr>
<td>OBJECTID1</td>
<td>5</td>
</tr>
<tr bgcolor="#D4E4F3">
<td>SCaCodigo</td>
<td>008106</td>
</tr>
<tr>
<td>SCaTipo</td>
<td>0</td>
</tr>
<tr bgcolor="#D4E4F3">
<td>SCaNombre</td>
<td>BOSQUE IZQUIERDO</td>
</tr>
<tr>
<td>SHAPE</td>
<td>Polígono</td>
</tr>
<tr bgcolor="#D4E4F3">
<td>SHAPE_Length</td>
<td>0.021513</td>
</tr>
<tr>
<td>SHAPE_Area</td>
<td>0.000012</td>
</tr>
</table>
</td>
</tr>
</table>
</body><script type="text/javascript">
				function changeImage(attElement, nameElement) {
				document.getElementById('imageAttachment').src = attElement;
				document.getElementById('imageName').innerHTML = nameElement;}
			</script></html>
]]></description>
      <styleUrl>#PolyStyle02</styleUrl>
      <MultiGeometry>
        <Polygon>
          <extrude>0</extrude><altitudeMode>clampToGround</altitudeMode>
          <outerBoundaryIs><LinearRing><coordinates> -74.06508985199997,4.612549840848572,0 -74.06509507799996,4.612536914848557,0 -74.06532481599999,4.611564111848626,0 -74.06527815599998,4.611524513848622,0 -74.06526761999999,4.611497303848641,0 -74.06526942299996,4.611486275848626,0 -74.06527266699999,4.6114721738486,0 -74.06531558099994,4.611184000848615,0 -74.06537111299997,4.610828121848638,0 -74.06545140899993,4.610564087848647,0 -74.06554783199994,4.610285320848661,0 -74.06559676399996,4.610148197848661,0 -74.06564037699997,4.610036745848666,0 -74.06565416499996,4.609992273848653,0 -74.06566660099998,4.609961630848653,0 -74.06566892099994,4.609953772848649,0 -74.06567156899996,4.609945677848651,0 -74.06567249699998,4.609946149848665,0 -74.06567606199997,4.609936773848682,0 -74.06569660499997,4.609905860848698,0 -74.06574155799996,4.609904238848684,0 -74.06583427499999,4.609729606848708,0 -74.06595547099994,4.609452198848668,0 -74.06597791699994,4.609317964848702,0 -74.06594398899995,4.609016764848694,0 -74.06590499699996,4.608885597848686,0 -74.06599002199994,4.608750545848728,0 -74.06618309599997,4.608651551848691,0 -74.06613742299999,4.607849368848756,0 -74.06600589399994,4.607496339848774,0 -74.06584084099995,4.60742851584873,0 -74.06581238499996,4.607327360848752,0 -74.06571927099998,4.607037091848754,0 -74.06565902899996,4.606815346848786,0 -74.06561003499996,4.606709759848781,0 -74.06554114199997,4.606519380848783,0 -74.06542036599996,4.606277017848806,0 -74.06524796999997,4.606043417848822,0 -74.06501513799998,4.605723212848792,0 -74.06494390099994,4.605619412848817,0 -74.06489421499998,4.605655302848814,0 -74.06473961699999,4.605729398848805,0 -74.06460391799999,4.605769024848785,0 -74.06439650099998,4.605771779848816,0 -74.06427166499998,4.60577355884881,0 -74.06420820399995,4.605780128848799,0 -74.06407413099998,4.605803013848815,0 -74.06395161599994,4.605826916848811,0 -74.06388010899997,4.605844606848805,0 -74.06371182699996,4.605912989848789,0 -74.06369656799995,4.605953168848787,0 -74.06373659299999,4.606110068848819,0 -74.06377566499998,4.606259315848773,0 -74.06382619199996,4.606280368848789,0 -74.06397396999995,4.60626316584882,0 -74.06401305899993,4.606271780848778,0 -74.06403078199997,4.60627773284881,0 -74.06404279499998,4.606279312848811,0 -74.06414089999998,4.606270139848789,0 -74.06432538499996,4.60624720084877,0 -74.06441405199996,4.606240036848765,0 -74.06441618699995,4.606330442848794,0 -74.06439829599998,4.606459592848806,0 -74.06439970999998,4.606595202848766,0 -74.06434250599995,4.606597348848756,0 -74.06432748299994,4.606658334848748,0 -74.06433246299997,4.606882916848787,0 -74.06419660299997,4.606890075848793,0 -74.06419177399994,4.606934050848775,0 -74.06412527499998,4.606939423848793,0 -74.06410156799996,4.607009481848738,0 -74.06410699399999,4.607060243848737,0 -74.06403473399996,4.607067307848781,0 -74.06404093899994,4.607139354848785,0 -74.06404651499997,4.607139049848768,0 -74.06411277099994,4.607133508848766,0 -74.06411930299998,4.60721459884874,0 -74.06417621699995,4.607208139848773,0 -74.06417693299994,4.607214244848736,0 -74.06424173899995,4.607210686848796,0 -74.06424451099997,4.607242201848779,0 -74.06430932799998,4.607239816848763,0 -74.06432387999996,4.607356419848736,0 -74.06433814299999,4.607418055848736,0 -74.06439369999998,4.607402129848731,0 -74.06439884899999,4.607430411848741,0 -74.06440382499994,4.607441517848735,0 -74.06428992299993,4.607449333848725,0 -74.06402248199998,4.607462322848749,0 -74.06398976899999,4.607737196848758,0 -74.06401459499995,4.607745340848747,0 -74.06401488699998,4.607820405848721,0 -74.06398655699996,4.60798153184874,0 -74.06433918199997,4.60801272684876,0 -74.06436032999994,4.608154938848718,0 -74.06458919699998,4.608093470848756,0 -74.06462958699996,4.608096934848725,0 -74.06471686599997,4.60809267484871,0 -74.06470870799996,4.608009919848713,0 -74.06472593299998,4.60801007284874,0 -74.06472717199995,4.608081434848718,0 -74.06474666899999,4.608081778848712,0 -74.06478834799998,4.608020792848715,0 -74.06481023599997,4.607988675848725,0 -74.06479942999994,4.608142701848742,0 -74.06482674999995,4.608982483848681,0 -74.06475219399994,4.609004418848685,0 -74.06456166099997,4.6091440448487,0 -74.06414935099997,4.60942695384871,0 -74.06392697599995,4.609534535848704,0 -74.06331911899997,4.609321390848676,0 -74.06338978499997,4.609699466848668,0 -74.06351399499994,4.610067012848665,0 -74.06352251299995,4.610180255848651,0 -74.06342738799998,4.610378275848671,0 -74.06323633799997,4.610610698848663,0 -74.06318214399994,4.61077251484866,0 -74.06320857499998,4.610992074848658,0 -74.06325789299996,4.611169305848605,0 -74.06325572899993,4.611336484848618,0 -74.06318228699996,4.611594539848622,0 -74.06308419699997,4.611816157848634,0 -74.06304783399997,4.61189688984858,0 -74.06317497899994,4.611931407848592,0 -74.06447431999999,4.612362200848596,0 -74.06503228899999,4.612531935848576,0 -74.06503251699996,4.612531293848603,0 -74.06508985199997,4.612549840848572,0</coordinates></LinearRing></outerBoundaryIs>
        </Polygon>
      </MultiGeometry>
    </Placemark>
    <Placemark id="ID_00003">
      <name>BUENOS AIRES</name>
      <snippet></snippet>
      <description><![CDATA[<html xmlns:fo="http://www.w3.org/1999/XSL/Format" xmlns:msxsl="urn:schemas-microsoft-com:xslt">
<head>
<META http-equiv="Content-Type" content="text/html">
<meta http-equiv="content-type" content="text/html; charset=UTF-8">
</head>
<body style="margin:0px 0px 0px 0px;overflow:auto;background:#FFFFFF;">
<table style="font-family:Arial,Verdana,Times;font-size:12px;text-align:left;width:100%;border-collapse:collapse;padding:3px 3px 3px 3px">
<tr style="text-align:center;font-weight:bold;background:#9CBCE2">
<td>001102</td>
</tr>
<tr>
<td>
<table style="font-family:Arial,Verdana,Times;font-size:12px;text-align:left;width:100%;border-spacing:0px; padding:3px 3px 3px 3px">
<tr>
<td>OBJECTID1</td>
<td>34</td>
</tr>
<tr bgcolor="#D4E4F3">
<td>SCaCodigo</td>
<td>001102</td>
</tr>
<tr>
<td>SCaTipo</td>
<td>0</td>
</tr>
<tr bgcolor="#D4E4F3">
<td>SCaNombre</td>
<td>BUENOS AIRES</td>
</tr>
<tr>
<td>SHAPE</td>
<td>Polígono</td>
</tr>
<tr bgcolor="#D4E4F3">
<td>SHAPE_Length</td>
<td>0.003206</td>
</tr>
<tr>
<td>SHAPE_Area</td>
<td>0</td>
</tr>
</table>
</td>
</tr>
</table>
</body><script type="text/javascript">
				function changeImage(attElement, nameElement) {
				document.getElementById('imageAttachment').src = attElement;
				document.getElementById('imageName').innerHTML = nameElement;}
			</script></html>
]]></description>
      <styleUrl>#PolyStyle03</styleUrl>
      <MultiGeometry>
        <Polygon>
          <extrude>0</extrude><altitudeMode>clampToGround</altitudeMode>
          <outerBoundaryIs><LinearRing><coordinates> -74.07818207899999,4.581047574849634,0 -74.07831381099999,4.581176264849627,0 -74.07839212899995,4.581265184849623,0 -74.07841522599995,4.581302628849601,0 -74.07836070999997,4.581202706849604,0 -74.07795179399994,4.580831832849619,0 -74.07793738899994,4.580839510849593,0 -74.07798890699996,4.580876655849612,0 -74.07818207899999,4.581047574849634,0</coordinates></LinearRing></outerBoundaryIs>
        </Polygon>
        <Polygon>
          <extrude>0</extrude><altitudeMode>clampToGround</altitudeMode>
          <outerBoundaryIs><LinearRing><coordinates> -74.07778854699995,4.58035949684966,0 -74.07778796599996,4.580373814849614,0 -74.07778768599997,4.580381723849645,0 -74.07778761299994,4.580382853849634,0 -74.07774832599995,4.580502975849624,0 -74.07770440199994,4.580606925849606,0 -74.07763058299997,4.580783070849614,0 -74.07780405299997,4.580377019849655,0 -74.07778854699995,4.58035949684966,0</coordinates></LinearRing></outerBoundaryIs>
        </Polygon>
        <Polygon>
          <extrude>0</extrude><altitudeMode>clampToGround</altitudeMode>
          <outerBoundaryIs><LinearRing><coordinates> -74.07762420299997,4.58079800584964,0 -74.07757087199997,4.580911851849607,0 -74.07782204299997,4.580940060849604,0 -74.07791816299994,4.580849757849632,0 -74.07779414399994,4.580915856849606,0 -74.07766113199995,4.580915841849592,0 -74.07759709599998,4.580861455849607,0 -74.07762420299997,4.58079800584964,0</coordinates></LinearRing></outerBoundaryIs>
        </Polygon>
      </MultiGeometry>
    </Placemark>
    <Placemark id="ID_00004">
      <name>CENTRO ADMINISTRATIVO</name>
      <snippet></snippet>
      <description><![CDATA[<html xmlns:fo="http://www.w3.org/1999/XSL/Format" xmlns:msxsl="urn:schemas-microsoft-com:xslt">
<head>
<META http-equiv="Content-Type" content="text/html">
<meta http-equiv="content-type" content="text/html; charset=UTF-8">
</head>
<body style="margin:0px 0px 0px 0px;overflow:auto;background:#FFFFFF;">
<table style="font-family:Arial,Verdana,Times;font-size:12px;text-align:left;width:100%;border-collapse:collapse;padding:3px 3px 3px 3px">
<tr style="text-align:center;font-weight:bold;background:#9CBCE2">
<td>003106</td>
</tr>
<tr>
<td>
<table style="font-family:Arial,Verdana,Times;font-size:12px;text-align:left;width:100%;border-spacing:0px; padding:3px 3px 3px 3px">
<tr>
<td>OBJECTID1</td>
<td>43</td>
</tr>
<tr bgcolor="#D4E4F3">
<td>SCaCodigo</td>
<td>003106</td>
</tr>
<tr>
<td>SCaTipo</td>
<td>0</td>
</tr>
<tr bgcolor="#D4E4F3">
<td>SCaNombre</td>
<td>CENTRO ADMINISTRATIVO</td>
</tr>
<tr>
<td>SHAPE</td>
<td>Polígono</td>
</tr>
<tr bgcolor="#D4E4F3">
<td>SHAPE_Length</td>
<td>0.000332</td>
</tr>
<tr>
<td>SHAPE_Area</td>
<td>0</td>
</tr>
</table>
</td>
</tr>
</table>
</body><script type="text/javascript">
				function changeImage(attElement, nameElement) {
				document.getElementById('imageAttachment').src = attElement;
				document.getElementById('imageName').innerHTML = nameElement;}
			</script></html>
]]></description>
      <styleUrl>#PolyStyle04</styleUrl>
      <MultiGeometry>
        <Polygon>
          <extrude>0</extrude><altitudeMode>clampToGround</altitudeMode>
          <outerBoundaryIs><LinearRing><coordinates> -74.08114145399998,4.595074253849155,0 -74.08113654199997,4.595071394849151,0 -74.08110099899994,4.595133405849167,0 -74.08105551199998,4.59521293984917,0 -74.08114145399998,4.595074253849155,0</coordinates></LinearRing></outerBoundaryIs>
        </Polygon>
      </MultiGeometry>
    </Placemark>
    <Placemark id="ID_00005">
      <name>EDUARDO SANTOS</name>
      <snippet></snippet>
      <description><![CDATA[<html xmlns:fo="http://www.w3.org/1999/XSL/Format" xmlns:msxsl="urn:schemas-microsoft-com:xslt">
<head>
<META http-equiv="Content-Type" content="text/html">
<meta http-equiv="content-type" content="text/html; charset=UTF-8">
</head>
<body style="margin:0px 0px 0px 0px;overflow:auto;background:#FFFFFF;">
<table style="font-family:Arial,Verdana,Times;font-size:12px;text-align:left;width:100%;border-collapse:collapse;padding:3px 3px 3px 3px">
<tr style="text-align:center;font-weight:bold;background:#9CBCE2">
<td>004105</td>
</tr>
<tr>
<td>
<table style="font-family:Arial,Verdana,Times;font-size:12px;text-align:left;width:100%;border-spacing:0px; padding:3px 3px 3px 3px">
<tr>
<td>OBJECTID1</td>
<td>40</td>
</tr>
<tr bgcolor="#D4E4F3">
<td>SCaCodigo</td>
<td>004105</td>
</tr>
<tr>
<td>SCaTipo</td>
<td>0</td>
</tr>
<tr bgcolor="#D4E4F3">
<td>SCaNombre</td>
<td>EDUARDO SANTOS</td>
</tr>
<tr>
<td>SHAPE</td>
<td>Polígono</td>
</tr>
<tr bgcolor="#D4E4F3">
<td>SHAPE_Length</td>
<td>0.01352</td>
</tr>
<tr>
<td>SHAPE_Area</td>
<td>0</td>
</tr>
</table>
</td>
</tr>
</table>
</body><script type="text/javascript">
				function changeImage(attElement, nameElement) {
				document.getElementById('imageAttachment').src = attElement;
				document.getElementById('imageName').innerHTML = nameElement;}
			</script></html>
]]></description>
      <styleUrl>#PolyStyle05</styleUrl>
      <MultiGeometry>
        <Polygon>
          <extrude>0</extrude><altitudeMode>clampToGround</altitudeMode>
          <outerBoundaryIs><LinearRing><coordinates> -74.08638999399994,4.594857795849152,0 -74.08465825599995,4.597069701849103,0 -74.08469267999999,4.597071330849094,0 -74.08488039599996,4.596844824849112,0 -74.08491650299999,4.596795182849088,0 -74.08531974699997,4.596237949849117,0 -74.08893479299996,4.591918126849246,0 -74.08895650299996,4.591887596849252,0 -74.08893876299999,4.591881092849249,0 -74.08889864899999,4.591880095849277,0 -74.08888478499995,4.591880799849276,0 -74.08887092099997,4.591881439849276,0 -74.08716966999998,4.593861934849211,0 -74.08638999399994,4.594857795849152,0</coordinates></LinearRing></outerBoundaryIs>
        </Polygon>
      </MultiGeometry>
    </Placemark>
    <Placemark id="ID_00006">
      <name>EGIPTO</name>
      <snippet></snippet>
      <description><![CDATA[<html xmlns:fo="http://www.w3.org/1999/XSL/Format" xmlns:msxsl="urn:schemas-microsoft-com:xslt">
<head>
<META http-equiv="Content-Type" content="text/html">
<meta http-equiv="content-type" content="text/html; charset=UTF-8">
</head>
<body style="margin:0px 0px 0px 0px;overflow:auto;background:#FFFFFF;">
<table style="font-family:Arial,Verdana,Times;font-size:12px;text-align:left;width:100%;border-collapse:collapse;padding:3px 3px 3px 3px">
<tr style="text-align:center;font-weight:bold;background:#9CBCE2">
<td>003105</td>
</tr>
<tr>
<td>
<table style="font-family:Arial,Verdana,Times;font-size:12px;text-align:left;width:100%;border-spacing:0px; padding:3px 3px 3px 3px">
<tr>
<td>OBJECTID1</td>
<td>53</td>
</tr>
<tr bgcolor="#D4E4F3">
<td>SCaCodigo</td>
<td>003105</td>
</tr>
<tr>
<td>SCaTipo</td>
<td>0</td>
</tr>
<tr bgcolor="#D4E4F3">
<td>SCaNombre</td>
<td>EGIPTO</td>
</tr>
<tr>
<td>SHAPE</td>
<td>Polígono</td>
</tr>
<tr bgcolor="#D4E4F3">
<td>SHAPE_Length</td>
<td>0.010913</td>
</tr>
<tr>
<td>SHAPE_Area</td>
<td>0</td>
</tr>
</table>
</td>
</tr>
</table>
</body><script type="text/javascript">
				function changeImage(attElement, nameElement) {
				document.getElementById('imageAttachment').src = attElement;
				document.getElementById('imageName').innerHTML = nameElement;}
			</script></html>
]]></description>
      <styleUrl>#PolyStyle06</styleUrl>
      <MultiGeometry>
        <Polygon>
          <extrude>0</extrude><altitudeMode>clampToGround</altitudeMode>
          <outerBoundaryIs><LinearRing><coordinates> -74.06812916099994,4.593542373849188,0 -74.06794626699997,4.593778437849218,0 -74.06787634899996,4.593900038849204,0 -74.06781894599999,4.594085901849221,0 -74.06770460899997,4.594285327849201,0 -74.06747368299995,4.59467258984919,0 -74.06744358899994,4.594729643849153,0 -74.06743109899998,4.594750906849165,0 -74.06743442799996,4.594747819849179,0 -74.06743778799995,4.594744735849164,0 -74.06744456099995,4.594738601849176,0 -74.06745139799995,4.59473250984915,0 -74.06745828499999,4.594726452849139,0 -74.06746521199995,4.594720422849187,0 -74.06747217499998,4.594714414849168,0 -74.06749663699998,4.594693437849154,0 -74.06750708999994,4.59468442384915,0 -74.06751402499998,4.594678388849141,0 -74.06751747399994,4.594675359849178,0 -74.06752091599998,4.594672327849179,0 -74.06752775799998,4.594666227849175,0 -74.06753453799996,4.594660086849142,0 -74.06753790299996,4.594656997849184,0 -74.06754124699995,4.594653896849177,0 -74.06754456999994,4.594650779849172,0 -74.06754787199998,4.594647649849194,0 -74.06755115199996,4.594644502849158,0 -74.06755440699999,4.594641339849184,0 -74.06755763599995,4.594638161849143,0 -74.06756083999994,4.594634961849161,0 -74.06756401299998,4.594631742849155,0 -74.06756715599994,4.594628505849173,0 -74.06757027199995,4.594625245849139,0 -74.06757335299994,4.594621964849172,0 -74.06757640299998,4.594618659849158,0 -74.06757941499995,4.594615332849156,0 -74.06758239299995,4.594611979849145,0 -74.06758533299995,4.594608601849167,0 -74.06758823399997,4.594605197849193,0 -74.06759109699993,4.594601769849172,0 -74.06759391999998,4.594598309849165,0 -74.06759669799999,4.594594821849158,0 -74.06759943299994,4.594591305849166,0 -74.06760212399996,4.594587755849185,0 -74.06760476799997,4.594584175849194,0 -74.06760736299998,4.59458056684916,0 -74.06760991099998,4.594576919849188,0 -74.06761241399994,4.594573244849169,0 -74.06761487899996,4.594569545849186,0 -74.06761731299997,4.594565824849203,0 -74.06761971499998,4.594562080849174,0 -74.06762208299995,4.594558316849188,0 -74.06762441999996,4.594554527849184,0 -74.06762672699995,4.594550719849147,0 -74.06762900199993,4.594546890849177,0 -74.06763124999998,4.594543043849154,0 -74.06763346799994,4.594539177849171,0 -74.06763565899996,4.59453529284916,0 -74.06763782099995,4.594531386849195,0 -74.06763995899996,4.594527463849191,0 -74.06764206999998,4.594523523849195,0 -74.06764415499998,4.594519566849137,0 -74.06764621399998,4.594515592849167,0 -74.06764825399995,4.594511603849173,0 -74.06765026699998,4.594507598849179,0 -74.06765225999999,4.594503577849182,0 -74.06765423099995,4.594499541849175,0 -74.06765617999997,4.59449549284919,0 -74.06765811099996,4.594491428849196,0 -74.06766001999995,4.594487351849165,0 -74.06766378299994,4.594479160849164,0 -74.06766563899998,4.594475045849197,0 -74.06766929999998,4.594466783849206,0 -74.06767290199997,4.594458479849193,0 -74.06767467899994,4.594454312849155,0 -74.06767644699994,4.594450135849167,0 -74.06767994199998,4.594441759849179,0 -74.06768339299998,4.594433350849142,0 -74.06768510499995,4.594429133849179,0 -74.06769018399996,4.594416453849181,0 -74.06769520299997,4.594403728849147,0 -74.06770018099996,4.594390969849193,0 -74.06771504499994,4.594352626849161,0 -74.06772004199996,4.594339862849202,0 -74.06772339899999,4.594331370849191,0 -74.06772849299995,4.59431866584918,0 -74.06773193499998,4.594310224849202,0 -74.06773367199997,4.594306013849177,0 -74.06773717999994,4.594297610849186,0 -74.06774073999998,4.594289243849165,0 -74.06774435399996,4.594280909849195,0 -74.06774618499998,4.59427675784917,0 -74.06774803399998,4.594272615849201,0 -74.06774989999997,4.594268485849165,0 -74.06775178199996,4.594264366849184,0 -74.06775368299998,4.594260256849163,0 -74.06775560199998,4.594256163849193,0 -74.06775754199998,4.594252078849184,0 -74.06775950299993,4.594248009849194,0 -74.06776346499998,4.594239895849169,0 -74.06777143999994,4.594223688849173,0 -74.06777947399996,4.594207509849187,0 -74.06778756599994,4.594191355849203,0 -74.06779571499999,4.594175229849216,0 -74.06780186199995,4.594163152849204,0 -74.06781217899999,4.594143058849162,0 -74.06781841299994,4.594131023849179,0 -74.06782676699999,4.594114997849199,0 -74.06783517499997,4.594099001849202,0 -74.06784363599996,4.594083029849175,0 -74.06785001399999,4.594071072849201,0 -74.06785427999995,4.594063106849208,0 -74.06786285399994,4.594047198849188,0 -74.06787147699998,4.594031317849157,0 -74.06787797399994,4.594019427849161,0 -74.06788667999996,4.5940035948492,0 -74.06789543099995,4.593987789849166,0 -74.06790202299999,4.593975957849186,0 -74.06791306699995,4.593956264849175,0 -74.06791746999994,4.593948354849211,0 -74.06791965899998,4.593944373849187,0 -74.06792401199993,4.593936370849184,0 -74.06792832999997,4.593928307849187,0 -74.06793262299993,4.593920195849202,0 -74.06793688999994,4.593912036849197,0 -74.06794113399997,4.593903832849211,0 -74.06794536099994,4.593895595849183,0 -74.06794956999994,4.59388732784919,0 -74.06795376599996,4.593879029849179,0 -74.06796004699999,4.593866543849182,0 -74.06797676499997,4.593833127849179,0 -74.06798305799998,4.59382059884917,0 -74.06798937899998,4.593808095849175,0 -74.06799361099996,4.593799783849206,0 -74.06799999999998,4.593787358849182,0 -74.06800429099997,4.593779114849222,0 -74.06800644699996,4.593775005849194,0 -74.06801077899996,4.593766816849218,0 -74.06801295899999,4.593762736849171,0 -74.06801734499999,4.593754614849174,0 -74.06802176299993,4.593746543849204,0 -74.06802622699996,4.593738525849183,0 -74.06802847399996,4.593734541849204,0 -74.06803300399997,4.59372661684922,0 -74.06803528499995,4.593722677849214,0 -74.06803757999995,4.593718757849167,0 -74.06803988899998,4.593714855849231,0 -74.06804220899994,4.59371097484917,0 -74.06804689399996,4.593703263849208,0 -74.06804925799997,4.593699441849205,0 -74.06805163699994,4.59369563684921,0 -74.06805402799995,4.593691856849219,0 -74.06805643899997,4.593688098849227,0 -74.06805886299998,4.593684364849212,0 -74.06806130499996,4.59368064984922,0 -74.06806376399999,4.593676961849223,0 -74.06806623999995,4.593673298849198,0 -74.06806873299996,4.593669660849189,0 -74.06807124399995,4.593666048849188,0 -74.06807377499996,4.593662462849191,0 -74.06807632299996,4.593658903849207,0 -74.06807888999998,4.5936553728492,0 -74.06808147499999,4.59365186984918,0 -74.06808408399996,4.593648395849197,0 -74.06808671199997,4.593644953849216,0 -74.06808935899994,4.593641540849222,0 -74.06809202799997,4.593638155849208,0 -74.06809471899999,4.593634804849178,0 -74.06809743199995,4.593631483849219,0 -74.06810016699995,4.593628198849177,0 -74.06810292599994,4.593624943849204,0 -74.06810570499994,4.593621723849214,0 -74.06810850999994,4.593618537849203,0 -74.06811133699995,4.593615386849208,0 -74.06811418999996,4.593612272849229,0 -74.06811706599996,4.593609192849177,0 -74.06811996999994,4.593606149849185,0 -74.06812291999995,4.593603169849199,0 -74.06812616599996,4.593600475849215,0 -74.06812974799993,4.593598116849213,0 -74.06813364499999,4.593596070849192,0 -74.06813783199993,4.593594317849199,0 -74.06814228999997,4.593592838849201,0 -74.06814699499995,4.593591617849215,0 -74.06815192599998,4.593590630849198,0 -74.06815705399998,4.593589856849189,0 -74.06816236299994,4.593589280849208,0 -74.06816782799996,4.593588881849223,0 -74.06817342499994,4.593588636849192,0 -74.06817913399993,4.59358852984919,0 -74.06818492899998,4.593588542849227,0 -74.06819078899997,4.593588652849201,0 -74.06819669199996,4.593588838849214,0 -74.06820261399997,4.593589083849182,0 -74.06820853199997,4.593589369849232,0 -74.06822026999998,4.593589979849198,0 -74.06822604199994,4.593590264849203,0 -74.06823172099996,4.593590509849224,0 -74.06823728199998,4.59359069584919,0 -74.06824270599998,4.593590802849194,0 -74.06824796399997,4.59359081584923,0 -74.06825303899996,4.593590707849176,0 -74.06825790799996,4.593590461849216,0 -74.06826254299995,4.593590060849199,0 -74.06826692799996,4.593589480849192,0 -74.06826720099997,4.59358942984922,0 -74.06824428199997,4.593588216849197,0 -74.06822059499996,4.593542446849216,0 -74.06812916099994,4.593542373849188,0</coordinates></LinearRing></outerBoundaryIs>
        </Polygon>
        <Polygon>
          <extrude>0</extrude><altitudeMode>clampToGround</altitudeMode>
          <outerBoundaryIs><LinearRing><coordinates> -74.06730606399998,4.59493574984916,0 -74.06721519099995,4.595065353849144,0 -74.06715688999998,4.59522437984915,0 -74.06705759199997,4.595456854849162,0 -74.06694415599998,4.595651335849149,0 -74.06687310999996,4.596196869849103,0 -74.06680560099994,4.596525194849088,0 -74.06670547899995,4.596873565849103,0 -74.06653853799997,4.59702251784911,0 -74.06650682599997,4.597052705849098,0 -74.06616032699998,4.597388302849089,0 -74.06614257899997,4.597401498849083,0 -74.06596825399998,4.597526314849064,0 -74.06577439699998,4.597531249849059,0 -74.06577839099998,4.597532414849071,0 -74.06578286899997,4.597533692849087,0 -74.06578734599998,4.597534940849078,0 -74.06579182099995,4.5975361588491,0 -74.06579629499998,4.59753734484906,0 -74.06580076699998,4.597538494849065,0 -74.06580523899999,4.597539610849086,0 -74.06580970499994,4.597540694849045,0 -74.06581416999995,4.597541738849091,0 -74.06581862899998,4.597542745849068,0 -74.06582308599997,4.597543715849097,0 -74.06582753999999,4.597544646849082,0 -74.06583198799996,4.597545535849063,0 -74.06583642999993,4.597546385849058,0 -74.06584086699996,4.597547190849077,0 -74.06584529899999,4.597547953849075,0 -74.06584972399997,4.597548673849079,0 -74.06585414199998,4.597549345849075,0 -74.06585855299994,4.597549972849096,0 -74.06586295699998,4.597550551849054,0 -74.06586735199994,4.59755108284907,0 -74.06587173899999,4.597551563849096,0 -74.06587611799995,4.597551994849082,0 -74.06588048799995,4.597552375849088,0 -74.06588484599996,4.597552704849077,0 -74.06588919599994,4.59755297884908,0 -74.06589353599998,4.597553195849063,0 -74.06589786299998,4.597553360849079,0 -74.06590217899998,4.597553468849068,0 -74.06590648499997,4.597553519849108,0 -74.06591077799999,4.597553509849087,0 -74.06591505999995,4.597553443849048,0 -74.06591932799995,4.597553314849049,0 -74.06592358299997,4.597553125849056,0 -74.06592782299998,4.597552873849052,0 -74.06593204899997,4.597552559849082,0 -74.06593626099993,4.597552177849083,0 -74.06594045899999,4.597551734849053,0 -74.06594464199998,4.597551223849056,0 -74.06594882799999,4.597550648849056,0 -74.06595301099998,4.597550007849064,0 -74.06595719799998,4.597549306849093,0 -74.06596138599997,4.597548543849086,0 -74.06596557299997,4.597547720849103,0 -74.06596976099996,4.597546839849086,0 -74.06597394899995,4.597545897849042,0 -74.06597813699995,4.597544899849082,0 -74.06598232299996,4.59754384384905,0 -74.06598651099995,4.59754273384908,0 -74.06599069699996,4.597541567849085,0 -74.06599487999995,4.597540348849066,0 -74.06599906299994,4.597539076849042,0 -74.06600324499993,4.597537751849071,0 -74.06600742599994,4.597536377849052,0 -74.06601160199995,4.597534949849099,0 -74.06601577699996,4.597533475849048,0 -74.06601995199998,4.597531954849048,0 -74.06602412099994,4.597530383849067,0 -74.06602828799998,4.597528768849087,0 -74.06603245099996,4.597527105849058,0 -74.06603661199995,4.597525399849076,0 -74.06604076699995,4.59752365184909,0 -74.06604491899998,4.597521858849067,0 -74.06604906699994,4.597520026849055,0 -74.06605321199999,4.597518152849092,0 -74.06605734899995,4.597516236849067,0 -74.06606148199995,4.597514283849081,0 -74.06606561299998,4.597512294849082,0 -74.06606973399994,4.597510267849092,0 -74.06607385199999,4.597508204849074,0 -74.06607796299994,4.597506105849053,0 -74.06608206699997,4.597503973849093,0 -74.06608616599993,4.597501807849092,0 -74.06609025999995,4.597499611849059,0 -74.06609434499995,4.597497381849066,0 -74.06609842199998,4.597495123849062,0 -74.06610249199997,4.597492835849102,0 -74.06610655599997,4.59749051684907,0 -74.06611060999995,4.597488173849059,0 -74.06611465799995,4.597485801849073,0 -74.06611869599999,4.597483406849057,0 -74.06612272799998,4.597480983849101,0 -74.06612674799999,4.597478540849075,0 -74.06613076099995,4.597476072849083,0 -74.06613476499996,4.597473583849083,0 -74.06614273999998,4.597468544849052,0 -74.06614671399996,4.597465994849078,0 -74.06615067799999,4.597463426849065,0 -74.06615857199995,4.597458241849098,0 -74.06616642399996,4.597452996849087,0 -74.06617422699998,4.59744769884907,0 -74.06618198399997,4.597442353849097,0 -74.06618969199997,4.597436969849077,0 -74.06619734599997,4.597431554849102,0 -74.06620494799995,4.597426118849064,0 -74.06621249399996,4.597420665849087,0 -74.06621998299994,4.597415204849095,0 -74.06623110699996,4.597407013849082,0 -74.06623844299997,4.597401565849061,0 -74.06624932699998,4.597393428849049,0 -74.06625649999995,4.597388036849057,0 -74.06626360299998,4.597382661849061,0 -74.06626712699995,4.597379941849063,0 -74.06627063299999,4.597377193849082,0 -74.06627411899996,4.597374422849113,0 -74.06627758899998,4.597371624849086,0 -74.06628103799994,4.597368805849052,0 -74.06628447299994,4.597365961849063,0 -74.06628789099994,4.597363091849058,0 -74.06629129199996,4.597360200849098,0 -74.06629467799996,4.597357287849095,0 -74.06629804599999,4.597354350849071,0 -74.06630139899994,4.597351393849078,0 -74.06630473699994,4.597348415849077,0 -74.06630805999998,4.597345417849062,0 -74.06631136899995,4.597342397849049,0 -74.06631466099998,4.597339357849089,0 -74.06631794099997,4.597336299849088,0 -74.06632120799998,4.597333221849057,0 -74.06632445799994,4.597330125849062,0 -74.06632769999999,4.597327011849084,0 -74.06633413999998,4.597320731849102,0 -74.06633734099995,4.597317565849103,0 -74.06634370799998,4.59731118984906,0 -74.06635002999997,4.59730474984907,0 -74.06635317399997,4.597301507849076,0 -74.06635943299995,4.597294983849066,0 -74.06636565199994,4.597288406849101,0 -74.06637183499998,4.597281781849071,0 -74.06637491199996,4.597278454849071,0 -74.06638104399997,4.597271764849103,0 -74.06638409899995,4.597268403849066,0 -74.06638714699994,4.597265035849102,0 -74.06639322099994,4.597258271849064,0 -74.06639926799994,4.59725147684908,0 -74.06640529199996,4.597244650849079,0 -74.06641129499997,4.597237799849101,0 -74.06641728299996,4.597230931849091,0 -74.06642623199997,4.597220592849066,0 -74.06643812499993,4.597206772849079,0 -74.06646777599997,4.597172198849094,0 -74.06647668199997,4.597161871849109,0 -74.06648263199997,4.597155010849074,0 -74.06649157599998,4.597144762849115,0 -74.06649755699993,4.597137964849098,0 -74.06650355599999,4.59713119884909,0 -74.06650957599999,4.597124467849096,0 -74.06651259599994,4.597121115849077,0 -74.06651562499997,4.597117769849104,0 -74.06652171899998,4.597111089849096,0 -74.06652785199998,4.597104425849079,0 -74.06653711499996,4.597094457849114,0 -74.06654332599999,4.597087828849075,0 -74.06655581599995,4.597074592849103,0 -74.06656208399994,4.597067983849076,0 -74.06659037699995,4.597038233849069,0 -74.06659978699997,4.597028291849096,0 -74.06660604699994,4.597021647849114,0 -74.06661228399997,4.597014991849069,0 -74.06662159699994,4.597004974849105,0 -74.06662776899998,4.59699827184911,0 -74.06663390899996,4.596991546849114,0 -74.06664000899997,4.596984797849093,0 -74.06664304199995,4.596981415849108,0 -74.06664907799995,4.596974626849112,0 -74.06665207699996,4.596971219849105,0 -74.06665803599998,4.596964384849082,0 -74.06666099499995,4.596960953849091,0 -74.06666686999995,4.596954067849106,0 -74.06666978599998,4.596950610849118,0 -74.06667268199999,4.596947144849105,0 -74.06667842999997,4.596940179849089,0 -74.06668127799998,4.596936683849115,0 -74.06668410599997,4.596933175849096,0 -74.06668691799996,4.596929656849079,0 -74.06668970899995,4.596926127849105,0 -74.06669523099998,4.596919030849074,0 -74.06669796099999,4.596915465849089,0 -74.06670066999999,4.596911887849071,0 -74.06670335599995,4.596908297849112,0 -74.06670602199995,4.596904694849081,0 -74.06670866299999,4.596901078849124,0 -74.06671128099998,4.596897446849113,0 -74.06671387599994,4.596893800849069,0 -74.06671644599999,4.596890142849105,0 -74.06671898899998,4.596886469849124,0 -74.06672150899993,4.596882780849077,0 -74.06672400199994,4.596879078849128,0 -74.06672646799996,4.59687536084911,0 -74.06672890599998,4.596871625849093,0 -74.06673131599996,4.596867877849109,0 -74.06673369899994,4.596864110849102,0 -74.06673605199995,4.596860327849098,0 -74.06673837599999,4.596856527849095,0 -74.06674066899996,4.596852712849082,0 -74.06674293399993,4.596848877849113,0 -74.06674516899994,4.596845027849126,0 -74.06674738899994,4.596841162849072,0 -74.06674959199995,4.596837284849101,0 -74.06675178299997,4.596833392849109,0 -74.06675612099997,4.596825569849067,0 -74.06676039899997,4.596817695849118,0 -74.06676251899995,4.596813737849086,0 -74.06676671399998,4.596805789849127,0 -74.06676878899998,4.596801797849107,0 -74.06677289799995,4.596793778849104,0 -74.06677694999996,4.596785711849095,0 -74.06678094399996,4.596777602849068,0 -74.06678291799994,4.596773530849108,0 -74.06678488099993,4.596769450849108,0 -74.06678875999995,4.596761257849128,0 -74.06679067799996,4.596757145849126,0 -74.06679447199997,4.596748893849083,0 -74.06679820999994,4.596740604849094,0 -74.06680005499999,4.596736447849115,0 -74.06680370599997,4.596728102849089,0 -74.06680551099998,4.59672391884911,0 -74.06680907399993,4.596715525849082,0 -74.06681258099997,4.596707103849131,0 -74.06681431299995,4.596702881849101,0 -74.06681773599996,4.596694410849102,0 -74.06682109999997,4.596685913849084,0 -74.06682275999998,4.596681656849081,0 -74.06682440699996,4.596677394849087,0 -74.06682765499994,4.596668845849115,0 -74.06682926199994,4.5966645628491,0 -74.06683242399998,4.596655982849113,0 -74.06683553199997,4.596647379849087,0 -74.06683858099996,4.596638756849104,0 -74.06684008499997,4.596634438849118,0 -74.06684157399997,4.596630116849134,0 -74.06684450799997,4.596621460849095,0 -74.06684738599995,4.596612787849129,0 -74.06684880299997,4.596608445849117,0 -74.06685020799995,4.596604102849118,0 -74.06685297199994,4.596595404849127,0 -74.06685567799997,4.596586694849099,0 -74.06685700899999,4.596582336849086,0 -74.06685963099994,4.596573615849119,0 -74.06686091899996,4.596569250849115,0 -74.06686219399995,4.596564886849111,0 -74.06686469899995,4.596556151849127,0 -74.06686593099994,4.596551782849117,0 -74.06686835099998,4.596543041849122,0 -74.06686954199995,4.596538670849133,0 -74.06687187599994,4.596529928849103,0 -74.06687415299996,4.596521186849125,0 -74.06687526999997,4.596516818849106,0 -74.06687746199998,4.596508077849113,0 -74.06687853699998,4.59650371084908,0 -74.06688064099995,4.596494977849122,0 -74.06688268999994,4.596486253849124,0 -74.06688468199997,4.596477534849135,0 -74.06688563599994,4.596473170849132,0 -74.06688655299996,4.596468798849094,0 -74.06688742999995,4.59646442084912,0 -74.06688827199997,4.596460033849132,0 -74.06688907599994,4.596455636849136,0 -74.06688984399995,4.596451234849138,0 -74.06689057799997,4.596446824849104,0 -74.06689127599998,4.596442409849132,0 -74.06689194199998,4.596437985849134,0 -74.06689257499994,4.59643355684913,0 -74.06689317799999,4.596429117849127,0 -74.06689375099995,4.596424674849104,0 -74.06689429399995,4.596420224849091,0 -74.06689480599994,4.596415769849089,0 -74.06689529299996,4.596411307849097,0 -74.06689574999996,4.596406839849101,0 -74.06689618099995,4.596402366849119,0 -74.06689658799996,4.596397888849123,0 -74.06689697099995,4.596393407849104,0 -74.06689732899997,4.596388918849109,0 -74.06689766399995,4.596384423849121,0 -74.06689826999997,4.596375424849139,0 -74.06689879199996,4.596366403849103,0 -74.06689924299997,4.596357369849087,0 -74.06689943999999,4.596352847849103,0 -74.06689962299998,4.596348321849105,0 -74.06689994399994,4.596339257849126,0 -74.06690008199996,4.596334721849112,0 -74.06690032399996,4.596325640849084,0 -74.06690052099998,4.596316548849123,0 -74.06690060399995,4.596311998849089,0 -74.06690080999994,4.596298341849136,0 -74.06690096199998,4.596284669849113,0 -74.06690132599994,4.596243613849132,0 -74.06690149299999,4.596229930849108,0 -74.06690163699994,4.596220812849126,0 -74.06690181599998,4.596211701849128,0 -74.06690192099995,4.596207147849145,0 -74.06690203499994,4.596202595849141,0 -74.06690230499999,4.596193499849088,0 -74.06690262599994,4.59618440984911,0 -74.06690280899994,4.596179868849098,0 -74.06690322499998,4.596170797849133,0 -74.06690371299999,4.596161738849095,0 -74.06690398499995,4.596157214849138,0 -74.06690459399994,4.596148175849112,0 -74.06690493099995,4.596143662849094,0 -74.06690529099996,4.596139155849123,0 -74.06690567399994,4.596134649849136,0 -74.06690690299996,4.59612114484911,0 -74.06690768599998,4.596112123849135,0 -74.06690843799998,4.596103088849127,0 -74.06690916299993,4.596094036849126,0 -74.06690986599995,4.596084975849119,0 -74.06691088299993,4.59607136384914,0 -74.06691479899996,4.59601677984915,0 -74.06691615999995,4.595998574849144,0 -74.06691687199998,4.595989476849128,0 -74.06691760599995,4.595980384849156,0 -74.06691837099999,4.595971297849133,0 -74.06691916699998,4.595962219849125,0 -74.06691957999993,4.595957684849102,0 -74.06692000199996,4.595953151849133,0 -74.06692088299997,4.59594409484913,0 -74.06692133799999,4.595939569849119,0 -74.06692228699995,4.595930532849137,0 -74.06692328799994,4.595921510849103,0 -74.06692381099998,4.595917005849118,0 -74.06692434799999,4.595912504849134,0 -74.06692546799997,4.595903516849145,0 -74.06692665199995,4.595894547849128,0 -74.06692726999995,4.595890071849112,0 -74.06692856299998,4.595881135849135,0 -74.06692992899997,4.595872220849119,0 -74.06693137599996,4.595863333849143,0 -74.06693213299997,4.595858897849155,0 -74.06693290899995,4.595854469849145,0 -74.06693370699998,4.595850048849118,0 -74.06693452999997,4.595845634849123,0 -74.06693537599995,4.595841229849157,0 -74.06693624299999,4.595836830849121,0 -74.06693713599998,4.595832438849127,0 -74.06693805399993,4.595828054849106,0 -74.06693899699997,4.595823679849106,0 -74.06693996699994,4.595819310849151,0 -74.06694096199993,4.59581495384913,0 -74.06694198399998,4.595810602849158,0 -74.06694303399996,4.595806262849123,0 -74.06694411099994,4.595801926849104,0 -74.06694521899993,4.595797605849154,0 -74.06694635399998,4.595793291849143,0 -74.06694751799995,4.595788985849145,0 -74.06694871399998,4.595784690849148,0 -74.06694994099996,4.595780406849145,0 -74.06695121099995,4.595776135849123,0 -74.06695252799994,4.595771879849117,0 -74.06695389099997,4.595767638849117,0 -74.06695529899997,4.595763410849153,0 -74.06695674999997,4.595759196849147,0 -74.06695824099995,4.595754994849133,0 -74.06695977599998,4.595750805849159,0 -74.06696134999999,4.595746631849126,0 -74.06696296199993,4.595742466849126,0 -74.06696461299998,4.595738315849137,0 -74.06696629999993,4.595734175849153,0 -74.06696802099998,4.595730045849116,0 -74.06696977899998,4.595725926849134,0 -74.06697156599995,4.59572181684911,0 -74.06697338799995,4.595717719849127,0 -74.06697523799994,4.595713628849132,0 -74.06697712099998,4.595709547849149,0 -74.06697903099996,4.595705475849119,0 -74.06698096799994,4.595701411849125,0 -74.06698293099998,4.595697355849163,0 -74.06698491899994,4.595693308849155,0 -74.06698693099997,4.595689265849109,0 -74.06699102099998,4.595681204849149,0 -74.06699309699997,4.595677182849108,0 -74.06699730599996,4.59566915884915,0 -74.06699943799998,4.59566515284912,0 -74.06700374699994,4.595657152849136,0 -74.06700592099997,4.595653161849158,0 -74.06701030699998,4.595645185849162,0 -74.06701695599997,4.595633241849166,0 -74.06702142599994,4.595625287849153,0 -74.06703938399994,4.59559347284915,0 -74.06704607099994,4.595581519849141,0 -74.06705048899994,4.595573533849132,0 -74.06705486299995,4.595565532849154,0 -74.06705703199998,4.595561524849137,0 -74.06706132699998,4.595553495849125,0 -74.06706555699998,4.595545440849159,0 -74.06706764499995,4.595541402849117,0 -74.06706971099999,4.595537357849148,0 -74.06707175999998,4.595533308849173,0 -74.06707378399994,4.595529247849136,0 -74.06707578499999,4.595525182849163,0 -74.06707776199994,4.595521104849135,0 -74.06707971499998,4.595517021849113,0 -74.06708163899998,4.595512927849148,0 -74.06708353699997,4.595508824849119,0 -74.06708540599993,4.595504709849148,0 -74.06708724399994,4.595500586849148,0 -74.06709089199995,4.595492325849154,0 -74.06709630999995,4.595479914849147,0 -74.06710167599994,4.595467477849139,0 -74.06710522299994,4.595459172849143,0 -74.06710875099998,4.595450858849134,0 -74.06711225499998,4.595442534849167,0 -74.06711747499998,4.595430035849136,0 -74.06712265299996,4.595417513849174,0 -74.06712608399994,4.595409158849135,0 -74.06712950099995,4.595400793849152,0 -74.06713459499997,4.595388237849157,0 -74.06714302799998,4.595367279849162,0 -74.06714972499998,4.595350492849167,0 -74.06715970799996,4.595325283849167,0 -74.06716799199995,4.595304258849147,0 -74.06719114699996,4.595245374849151,0 -74.06719945499998,4.595224360849122,0 -74.06720613299996,4.595207563849121,0 -74.06721116699998,4.59519497784915,0 -74.06721791599995,4.595178212849158,0 -74.06722469999994,4.595161458849154,0 -74.06722637499996,4.595157257849134,0 -74.06722803199995,4.59515304084916,0 -74.06723129799997,4.595144582849139,0 -74.06723450699997,4.595136082849163,0 -74.06723609199997,4.595131819849168,0 -74.06723922799995,4.595123269849152,0 -74.06724231599998,4.595114689849165,0 -74.06724688199995,4.59510177484915,0 -74.06725137699993,4.595088813849166,0 -74.06725582399997,4.595075821849171,0 -74.06726758099995,4.595041101849144,0 -74.06727348499999,4.595023757849138,0 -74.06727646099995,4.59501510284914,0 -74.06727946299998,4.595006462849162,0 -74.06728097299998,4.595002149849132,0 -74.06728401999999,4.594993541849163,0 -74.06728710699997,4.594984957849165,0 -74.06729023499997,4.594976401849149,0 -74.06729181499998,4.594972135849133,0 -74.06729501899997,4.594963628849173,0 -74.06729664099998,4.594959390849137,0 -74.06729993099998,4.594950941849133,0 -74.06730160099994,4.594946731849153,0 -74.06730328699996,4.594942536849179,0 -74.06730606399998,4.59493574984916,0</coordinates></LinearRing></outerBoundaryIs>
        </Polygon>
        <Polygon>
          <extrude>0</extrude><altitudeMode>clampToGround</altitudeMode>
          <outerBoundaryIs><LinearRing><coordinates> -74.06525392999998,4.597193218849116,0 -74.06514844999998,4.59725823984907,0 -74.06515784499999,4.597259649849103,0 -74.06517183399995,4.597261805849098,0 -74.06518578899994,4.597264005849084,0 -74.06521814499996,4.597269144849069,0 -74.06523188899996,4.597271284849069,0 -74.06524099799998,4.597272666849057,0 -74.06524553599996,4.597273343849064,0 -74.06525457399994,4.597274661849109,0 -74.06526355799997,4.597275921849087,0 -74.06527248399993,4.597277116849069,0 -74.06528135199994,4.597278242849096,0 -74.06528574699996,4.597278826849057,0 -74.06529001899997,4.597279814849072,0 -74.06529415799997,4.597281233849067,0 -74.06529818599995,4.59728302784909,0 -74.06530211499995,4.597285145849082,0 -74.06530596799996,4.597287527849076,0 -74.06530975499999,4.597290119849059,0 -74.06531349699998,4.597292866849056,0 -74.06531720799995,4.597295714849066,0 -74.06532460499994,4.59730148584908,0 -74.06532832699997,4.597304301849089,0 -74.06533208299999,4.597306996849064,0 -74.06533589499998,4.597309514849094,0 -74.06534362399998,4.597314172849063,0 -74.06534748399997,4.597316516849054,0 -74.06535517999998,4.597321253849101,0 -74.06536285199996,4.597326054849083,0 -74.06536667699999,4.597328477849093,0 -74.06537049899998,4.597330909849072,0 -74.06537812799996,4.597335814849092,0 -74.06538573999995,4.597340758849104,0 -74.06538953999996,4.597343244849081,0 -74.06540092299997,4.597350746849093,0 -74.06541228899994,4.597358291849054,0 -74.06543878699995,4.597375948849058,0 -74.06545015699999,4.597383480849096,0 -74.06546154999995,4.597390956849101,0 -74.06546916499997,4.597395900849061,0 -74.06547297599997,4.59739835684906,0 -74.06548061599995,4.59740323284905,0 -74.06548444399994,4.597405653849085,0 -74.06549211499998,4.597410449849073,0 -74.06549981299997,4.597415185849057,0 -74.06550753799996,4.597419851849059,0 -74.06551141199998,4.597422154849088,0 -74.06551529599994,4.597424439849085,0 -74.06551918599996,4.59742670284908,0 -74.06552308599998,4.597428945849067,0 -74.06552699599996,4.597431164849069,0 -74.06553091399996,4.59743336184909,0 -74.06553484299997,4.597435535849065,0 -74.06553878099999,4.597437680849056,0 -74.06554272999995,4.597439803849066,0 -74.06554669099995,4.597441897849082,0 -74.06555066199996,4.5974439658491,0 -74.06555464399997,4.597446002849098,0 -74.06555864099994,4.597448010849067,0 -74.06556264899996,4.597449990849103,0 -74.06556666799997,4.59745193684911,0 -74.06557070199995,4.597453853849063,0 -74.06557474799996,4.597455735849056,0 -74.06557880999998,4.597457584849058,0 -74.06558288299993,4.597459399849077,0 -74.06558697199995,4.597461180849058,0 -74.06559107699997,4.597462919849076,0 -74.06559519599995,4.597464625849061,0 -74.06559933099999,4.597466295849083,0 -74.06561183199995,4.597471294849075,0 -74.06564580999998,4.597484945849092,0 -74.06565876299999,4.597490108849068,0 -74.06567181299994,4.597495248849104,0 -74.06568055999998,4.597498651849099,0 -74.06568494799996,4.597500342849066,0 -74.06569374799994,4.597503697849051,0 -74.06569815899996,4.59750536284906,0 -74.06570257799996,4.597507016849086,0 -74.06571143499997,4.597510281849058,0 -74.06571587199994,4.597511895849101,0 -74.06572418799993,4.597514868849093,0 -74.06525392999998,4.597193218849116,0</coordinates></LinearRing></outerBoundaryIs>
        </Polygon>
      </MultiGeometry>
    </Placemark>
    <Placemark id="ID_00007">
      <name>EL DORADO</name>
      <snippet></snippet>
      <description><![CDATA[<html xmlns:fo="http://www.w3.org/1999/XSL/Format" xmlns:msxsl="urn:schemas-microsoft-com:xslt">
<head>
<META http-equiv="Content-Type" content="text/html">
<meta http-equiv="content-type" content="text/html; charset=UTF-8">
</head>
<body style="margin:0px 0px 0px 0px;overflow:auto;background:#FFFFFF;">
<table style="font-family:Arial,Verdana,Times;font-size:12px;text-align:left;width:100%;border-collapse:collapse;padding:3px 3px 3px 3px">
<tr style="text-align:center;font-weight:bold;background:#9CBCE2">
<td>003209</td>
</tr>
<tr>
<td>
<table style="font-family:Arial,Verdana,Times;font-size:12px;text-align:left;width:100%;border-spacing:0px; padding:3px 3px 3px 3px">
<tr>
<td>OBJECTID1</td>
<td>29</td>
</tr>
<tr bgcolor="#D4E4F3">
<td>SCaCodigo</td>
<td>003209</td>
</tr>
<tr>
<td>SCaTipo</td>
<td>0</td>
</tr>
<tr bgcolor="#D4E4F3">
<td>SCaNombre</td>
<td>EL DORADO</td>
</tr>
<tr>
<td>SHAPE</td>
<td>Polígono</td>
</tr>
<tr bgcolor="#D4E4F3">
<td>SHAPE_Length</td>
<td>0.028285</td>
</tr>
<tr>
<td>SHAPE_Area</td>
<td>0.000025</td>
</tr>
</table>
</td>
</tr>
</table>
</body><script type="text/javascript">
				function changeImage(attElement, nameElement) {
				document.getElementById('imageAttachment').src = attElement;
				document.getElementById('imageName').innerHTML = nameElement;}
			</script></html>
]]></description>
      <styleUrl>#PolyStyle07</styleUrl>
      <MultiGeometry>
        <Polygon>
          <extrude>0</extrude><altitudeMode>clampToGround</altitudeMode>
          <outerBoundaryIs><LinearRing><coordinates> -74.07356627999997,4.577062439849711,0 -74.07353373899997,4.57709572584973,0 -74.07326932299998,4.57736815784975,0 -74.07303004799996,4.577570175849731,0 -74.07285923899997,4.5777217868497,0 -74.07262275499994,4.577922040849686,0 -74.07250581999995,4.578017648849725,0 -74.07244654299996,4.578060932849735,0 -74.07235132099999,4.578118693849721,0 -74.07205088599994,4.578259407849715,0 -74.07191782999996,4.578322534849698,0 -74.07185846499993,4.578338763849676,0 -74.07161659199994,4.57839106784968,0 -74.07140994199995,4.578430738849698,0 -74.07133246999996,4.578445211849725,0 -74.07123725299994,4.57845783884971,0 -74.07119374299998,4.578466313849671,0 -74.07115158399995,4.578476613849709,0 -74.07110636299996,4.5784822588497,0 -74.07107976399993,4.578484173849681,0 -74.07112143699999,4.578192011849701,0 -74.07115054699995,4.578057199849703,0 -74.07152321799998,4.578001301849741,0 -74.07187391099995,4.577932765849716,0 -74.07178386599998,4.57758452784972,0 -74.07162214299996,4.576983591849735,0 -74.07162936199995,4.576859091849759,0 -74.07163277899997,4.576638579849774,0 -74.07157861699994,4.576544868849735,0 -74.07144700799995,4.57651357484974,0 -74.07143338099996,4.576523479849766,0 -74.07131653299996,4.576649740849748,0 -74.07123382899994,4.576749021849767,0 -74.07114571599999,4.576877119849754,0 -74.07095859299994,4.57711707184971,0 -74.07079137299996,4.577400387849742,0 -74.07068171899994,4.577638503849722,0 -74.07062135499996,4.577737795849735,0 -74.07037325599998,4.577889316849694,0 -74.07029951399994,4.577559086849732,0 -74.07007628999997,4.577595076849746,0 -74.07006142699998,4.577586252849725,0 -74.07004151599995,4.577620428849706,0 -74.07002169099997,4.577683558849712,0 -74.07001087499998,4.577748532849699,0 -74.06994077599995,4.57790008184971,0 -74.06996589499994,4.578026420849722,0 -74.07003739299995,4.578271768849675,0 -74.06999135999996,4.578289978849684,0 -74.06997838699994,4.578296901849689,0 -74.06998297999996,4.578310533849677,0 -74.07000729399994,4.578383701849704,0 -74.07004142099998,4.578515410849715,0 -74.07006653699995,4.578668804849709,0 -74.07007832799997,4.578762662849654,0 -74.07007642399998,4.578872682849679,0 -74.07005647099999,4.579302200849695,0 -74.07004839699994,4.579838070849641,0 -74.07005560099998,4.579861519849665,0 -74.07007181199998,4.579886804849655,0 -74.07009874199997,4.579930097849633,0 -74.07012747499994,4.57996258884965,0 -74.07016881899995,4.579987876849663,0 -74.07022457699998,4.580011321849676,0 -74.07037212699998,4.580042062849658,0 -74.07043400999999,4.580070878849656,0 -74.07046103099998,4.58010160684967,0 -74.07048976399994,4.580128655849647,0 -74.07052398899998,4.580188193849662,0 -74.07054731399995,4.580242360849637,0 -74.07056001199999,4.580278447849646,0 -74.07056901599998,4.580316305849625,0 -74.07059234299999,4.580354229849656,0 -74.07061927299998,4.580390317849657,0 -74.07065881599993,4.580422809849659,0 -74.07072538399996,4.580442658849607,0 -74.07079726699999,4.580453477849623,0 -74.07086194699997,4.58044450884966,0 -74.07094122199999,4.580404760849651,0 -74.07109220799998,4.580320031849618,0 -74.07124319299999,4.580231559849661,0 -74.07139786899995,4.580172041849663,0 -74.07163793999996,4.580127014849669,0 -74.07169910599998,4.580125176849664,0 -74.07174945999998,4.580135993849634,0 -74.07182485599998,4.580157677849622,0 -74.07188070299998,4.580186573849628,0 -74.07192745199995,4.580215459849625,0 -74.07195978699997,4.580256918849608,0 -74.07199761399994,4.580327330849629,0 -74.07202994399995,4.580422954849655,0 -74.07205326799993,4.58048792384965,0 -74.07206407399997,4.580525781849629,0 -74.07208918999999,4.58068460884963,0 -74.07209603399997,4.580701350849647,0 -74.07210665899999,4.5807456998496,0 -74.07211206199997,4.580768795849599,0 -74.07211467299999,4.580785103849598,0 -74.07211467099995,4.580797604849615,0 -74.07210782099997,4.580832848849617,0 -74.07211286599994,4.580835534849633,0 -74.07211043199999,4.580846480849607,0 -74.07209430399996,4.580884047849596,0 -74.07209601499994,4.58088552984962,0 -74.07209277099997,4.580895418849622,0 -74.07207114599998,4.580949581849638,0 -74.07201059699997,4.58108544784963,0 -74.07201618199997,4.581088485849618,0 -74.07199869899995,4.581161079849633,0 -74.07199401399998,4.581171673849635,0 -74.07197563299997,4.58121298284962,0 -74.07195229799999,4.581246317849627,0 -74.07189599199995,4.581299346849578,0 -74.07183590299996,4.581336907849578,0 -74.07162969399997,4.581463086849581,0 -74.07160563999997,4.581483350849577,0 -74.07159851799997,4.581540208849569,0 -74.07158301499999,4.581620143849597,0 -74.07156200999998,4.58177423784957,0 -74.07154686699994,4.581870144849574,0 -74.07156082799997,4.581878823849589,0 -74.07155443099998,4.581893584849576,0 -74.07158496699998,4.581912941849567,0 -74.07151027199995,4.582071757849573,0 -74.07139277499994,4.582365456849553,0 -74.07129041799993,4.582599134849574,0 -74.07136662099998,4.582664462849584,0 -74.07153488199998,4.582770205849521,0 -74.07150343799998,4.58281970284955,0 -74.07158198299999,4.582880519849562,0 -74.07165006999998,4.58294118884956,0 -74.07173060399998,4.583011327849554,0 -74.07174609699996,4.583022203849533,0 -74.07173447399998,4.583045506849559,0 -74.07174861599998,4.583057937849516,0 -74.07176924299995,4.583073758849549,0 -74.07179833699996,4.583095374849525,0 -74.07181743099994,4.58312284784957,0 -74.07181085399998,4.583131949849538,0 -74.07194164299995,4.583227592849547,0 -74.07201784599994,4.583287414849514,0 -74.07211305399994,4.583371392849539,0 -74.07210314299994,4.583385935849556,0 -74.07220753999997,4.583465747849524,0 -74.07230769999995,4.58356717184956,0 -74.07248820899997,4.583714299849526,0 -74.07260755699997,4.583808656849493,0 -74.07260170099994,4.583816990849527,0 -74.07265223299999,4.583851879849526,0 -74.07264646699997,4.583860213849493,0 -74.07269952099995,4.583901746849496,0 -74.07274671999994,4.58394334184952,0 -74.07276068099998,4.583959939849525,0 -74.07281121299997,4.583997802849511,0 -74.07281499599998,4.583995615849507,0 -74.07292814599998,4.583929665849545,0 -74.07300841099999,4.583905520849547,0 -74.07309219099994,4.583866478849524,0 -74.07317660399997,4.583804973849504,0 -74.07331840599994,4.583679067849507,0 -74.07347975499994,4.583551898849517,0 -74.07378885699995,4.58323688584955,0 -74.07380876399998,4.583248539849549,0 -74.07382434999994,4.583231104849531,0 -74.07386508099995,4.583093111849531,0 -74.07383851299994,4.583032019849573,0 -74.07375160699996,4.582805038849552,0 -74.07371936899995,4.582698676849555,0 -74.07370604199997,4.582643380849534,0 -74.07375577999994,4.582517049849551,0 -74.07393217199996,4.582392349849535,0 -74.07400352299999,4.582336284849576,0 -74.07421632099994,4.582085668849571,0 -74.07433570099994,4.581864917849601,0 -74.07435939599998,4.581825236849568,0 -74.07437381099999,4.581805387849561,0 -74.07443309099995,4.581742261849572,0 -74.07449786299998,4.581707945849599,0 -74.07466506199995,4.581632184849592,0 -74.07472262099998,4.58166467784958,0 -74.07485018799997,4.581543787849579,0 -74.07490604699996,4.58146081084961,0 -74.07501938899998,4.581269509849579,0 -74.07507506699994,4.581193737849584,0 -74.07529633099995,4.580950190849622,0 -74.07540588199998,4.580823856849615,0 -74.07539516399999,4.580811217849635,0 -74.07544768599996,4.580762563849623,0 -74.07547337699998,4.580584388849595,0 -74.07549419699995,4.580472038849604,0 -74.07557149999997,4.580333064849639,0 -74.07571439399999,4.580078698849664,0 -74.07572892699994,4.579777358849648,0 -74.07571803399998,4.579706949849665,0 -74.07569831599994,4.579613090849667,0 -74.07567590099995,4.57945433684969,0 -74.07565257799996,4.579374949849665,0 -74.07550336099996,4.578889486849659,0 -74.07545455299999,4.57872973584971,0 -74.07543852499998,4.578663989849691,0 -74.07543526999996,4.578647441849673,0 -74.07542701499995,4.578639137849671,0 -74.07538508099998,4.578531861849674,0 -74.07540417899997,4.578302202849672,0 -74.07544143299998,4.578054256849731,0 -74.07554237899996,4.577826092849726,0 -74.07558286399995,4.577638456849704,0 -74.07556775799998,4.577420377849735,0 -74.07550703499999,4.577303776849734,0 -74.07536566099998,4.577217532849752,0 -74.07522414999994,4.577085669849723,0 -74.07503219099993,4.576852386849734,0 -74.07483008999998,4.576685063849765,0 -74.07473403599994,4.576603909849788,0 -74.07453192899999,4.576507559849752,0 -74.07438806099998,4.57644134984975,0 -74.07433570399996,4.576444402849755,0 -74.07429606799997,4.576449759849774,0 -74.07424580099996,4.576467833849735,0 -74.07410004499997,4.576520148849746,0 -74.07400382999998,4.576608770849761,0 -74.07398499899995,4.576646409849731,0 -74.07395625999999,4.576684335849739,0 -74.07384301699994,4.576788983849773,0 -74.07377472999997,4.576850345849778,0 -74.07372247799998,4.576902670849726,0 -74.07356627999997,4.577062439849711,0</coordinates></LinearRing></outerBoundaryIs>
        </Polygon>
      </MultiGeometry>
    </Placemark>
    <Placemark id="ID_00008">
      <name>EL GUAVIO</name>
      <snippet></snippet>
      <description><![CDATA[<html xmlns:fo="http://www.w3.org/1999/XSL/Format" xmlns:msxsl="urn:schemas-microsoft-com:xslt">
<head>
<META http-equiv="Content-Type" content="text/html">
<meta http-equiv="content-type" content="text/html; charset=UTF-8">
</head>
<body style="margin:0px 0px 0px 0px;overflow:auto;background:#FFFFFF;">
<table style="font-family:Arial,Verdana,Times;font-size:12px;text-align:left;width:100%;border-collapse:collapse;padding:3px 3px 3px 3px">
<tr style="text-align:center;font-weight:bold;background:#9CBCE2">
<td>003205</td>
</tr>
<tr>
<td>
<table style="font-family:Arial,Verdana,Times;font-size:12px;text-align:left;width:100%;border-spacing:0px; padding:3px 3px 3px 3px">
<tr>
<td>OBJECTID1</td>
<td>15</td>
</tr>
<tr bgcolor="#D4E4F3">
<td>SCaCodigo</td>
<td>003205</td>
</tr>
<tr>
<td>SCaTipo</td>
<td>0</td>
</tr>
<tr bgcolor="#D4E4F3">
<td>SCaNombre</td>
<td>EL GUAVIO</td>
</tr>
<tr>
<td>SHAPE</td>
<td>Polígono</td>
</tr>
<tr bgcolor="#D4E4F3">
<td>SHAPE_Length</td>
<td>0.013823</td>
</tr>
<tr>
<td>SHAPE_Area</td>
<td>0.000008</td>
</tr>
</table>
</td>
</tr>
</table>
</body><script type="text/javascript">
				function changeImage(attElement, nameElement) {
				document.getElementById('imageAttachment').src = attElement;
				document.getElementById('imageName').innerHTML = nameElement;}
			</script></html>
]]></description>
      <styleUrl>#PolyStyle08</styleUrl>
      <MultiGeometry>
        <Polygon>
          <extrude>0</extrude><altitudeMode>clampToGround</altitudeMode>
          <outerBoundaryIs><LinearRing><coordinates> -74.07056760599994,4.591440404849298,0 -74.07056819999997,4.591441091849248,0 -74.07057360299996,4.591451008849252,0 -74.07057911799996,4.591456559849263,0 -74.07058587799997,4.591449168849267,0 -74.07059531599998,4.591440234849276,0 -74.07059947299996,4.591436495849258,0 -74.07060197999994,4.591434399849248,0 -74.07060448499993,4.591432723849295,0 -74.07060765299997,4.591430012849258,0 -74.07061140799993,4.591427536849301,0 -74.07061450999998,4.591425599849262,0 -74.07061826999995,4.591422666849303,0 -74.07062052899994,4.591420739849272,0 -74.07062305499994,4.591418207849274,0 -74.07074361699995,4.59119372684931,0 -74.07095602899994,4.59084358584931,0 -74.07096184699998,4.590832312849265,0 -74.07096798699996,4.590820251849316,0 -74.07097404799998,4.590808150849279,0 -74.07098005499995,4.590796019849273,0 -74.07098602499997,4.590783863849306,0 -74.07098998599997,4.590775746849309,0 -74.07099392899994,4.590767619849309,0 -74.07099785799994,4.590759483849293,0 -74.07100176699998,4.590751335849289,0 -74.07100566299994,4.590743178849318,0 -74.07100953899999,4.590735013849322,0 -74.07101339799993,4.590726837849274,0 -74.07101723999995,4.590718650849281,0 -74.07102296499994,4.59070635284928,0 -74.07102865099995,4.590694034849319,0 -74.07103241699997,4.590685809849276,0 -74.07103616199998,4.590677575849329,0 -74.07104174199998,4.590665204849295,0 -74.07104727599994,4.590652816849285,0 -74.07105093899997,4.590644542849306,0 -74.07105458099994,4.590636261849284,0 -74.07106000199997,4.590623821849308,0 -74.07106537199996,4.590611363849292,0 -74.07106892499996,4.590603044849277,0 -74.07107245399999,4.590594718849279,0 -74.07107770099998,4.590582211849322,0 -74.07108289599995,4.590569684849302,0 -74.07108803599994,4.590557134849291,0 -74.07109311899995,4.590544569849268,0 -74.07109814499995,4.590531981849325,0 -74.07110310999997,4.590519376849282,0 -74.07110801799996,4.590506751849325,0 -74.07111286399999,4.590494108849334,0 -74.07111764599995,4.590481443849288,0 -74.07112236299997,4.590468761849312,0 -74.07112701099999,4.590456045849295,0 -74.07113158999994,4.590443302849292,0 -74.07113610299996,4.590430531849287,0 -74.07114054999994,4.590417730849317,0 -74.07114347999999,4.590409185849304,0 -74.07114638499996,4.590400627849311,0 -74.07115068899998,4.59038777084931,0 -74.07115493799995,4.590374890849324,0 -74.07115773899994,4.590366291849315,0 -74.07116051899999,4.590357685849317,0 -74.07116327399996,4.590349070849312,0 -74.07116600399996,4.590340446849335,0 -74.07116871599999,4.590331815849322,0 -74.07117140499997,4.590323176849331,0 -74.07117671999998,4.590305877849298,0 -74.07117935099996,4.590297218849299,0 -74.07118196199997,4.5902885538493,0 -74.07118455599993,4.590279884849291,0 -74.07118712999994,4.590271209849292,0 -74.07119223099994,4.590253844849324,0 -74.07119727199995,4.590236463849308,0 -74.07120225499995,4.590219071849289,0 -74.07120841199998,4.590197319849339,0 -74.07121449999994,4.590175558849317,0 -74.07121812299994,4.590162498849301,0 -74.07122292299994,4.590145088849296,0 -74.07122650699995,4.590132033849288,0 -74.07122766499998,4.590127669849338,0 -74.07122864699994,4.590123230849328,0 -74.07122945999998,4.5901187188493,0 -74.07123011499993,4.590114141849325,0 -74.07123063499995,4.590109508849328,0 -74.07123103599997,4.59010483084934,0 -74.07123133899995,4.590100110849293,0 -74.07123156599994,4.590095363849305,0 -74.07123172899998,4.590090595849311,0 -74.07123185299997,4.590085813849346,0 -74.07123216099995,4.590071490849331,0 -74.07123230699995,4.590066748849345,0 -74.07123250599994,4.590062042849313,0 -74.07123277799997,4.590057374849342,0 -74.07123314099994,4.590052755849301,0 -74.07123361199996,4.590048196849314,0 -74.07123421399996,4.590043705849341,0 -74.07123496199995,4.59003928884933,0 -74.07123587799998,4.590034957849314,0 -74.07123697899993,4.590030718849297,0 -74.07123828399995,4.590026583849315,0 -74.07123981099994,4.5900225598493,0 -74.07124158299996,4.59001865384933,0 -74.07124361499996,4.590014876849311,0 -74.07124592699995,4.590011238849301,0 -74.07124850699995,4.590007731849334,0 -74.07125115299993,4.590004256849303,0 -74.07125381899993,4.590000790849296,0 -74.07125650599994,4.589997332849315,0 -74.07125921599999,4.589993885849331,0 -74.07126194599994,4.589990448849297,0 -74.07126469799994,4.589987023849309,0 -74.07126747099994,4.589983605849304,0 -74.07127307499997,4.589976799849314,0 -74.07127590499994,4.589973409849294,0 -74.07127875499998,4.589970029849345,0 -74.07128162499998,4.589966657849312,0 -74.07128451199998,4.589963296849324,0 -74.07128741699995,4.589959940849345,0 -74.07129034099995,4.589956594849321,0 -74.07129623899993,4.58994992884933,0 -74.07130220299996,4.589943294849347,0 -74.07130823199998,4.58993669384935,0 -74.07131431999994,4.589930121849327,0 -74.07132046899994,4.589923578849345,0 -74.07132356699998,4.589920317849327,0 -74.07132979899995,4.589913816849299,0 -74.07133293299995,4.589910576849345,0 -74.07133924299995,4.589904114849297,0 -74.07134559999997,4.589897679849307,0 -74.07135200199997,4.589891267849312,0 -74.07135844599998,4.589884877849295,0 -74.07136493199994,4.589878510849321,0 -74.07137145499996,4.589872164849301,0 -74.07137800799995,4.589865837849308,0 -74.07138459799995,4.589859529849341,0 -74.07139121599994,4.58985323784932,0 -74.07140210699998,4.589842974849344,0 -74.07132434099998,4.589847111849312,0 -74.07115219599996,4.589822171849307,0 -74.07123475699996,4.589393084849331,0 -74.07124079799996,4.589337854849345,0 -74.07124380399995,4.58901907684935,0 -74.07120427699994,4.58883517384936,0 -74.07111413799998,4.588522523849357,0 -74.07110199599998,4.588338623849399,0 -74.07110960399996,4.587940117849394,0 -74.07114322199999,4.587780728849371,0 -74.07132199499995,4.587308785849408,0 -74.07134641299996,4.587247482849414,0 -74.07142435199995,4.587075812849434,0 -74.07145184799998,4.586873493849406,0 -74.07144582599994,4.586744743849417,0 -74.07142170499998,4.586551874849444,0 -74.07139603099995,4.586551871849411,0 -74.07137810299997,4.586568683849424,0 -74.07127125499994,4.586668739849429,0 -74.07121296799994,4.586710468849406,0 -74.07110487299997,4.586677056849417,0 -74.07102578899998,4.5865935778494,0 -74.07101921299994,4.586598304849439,0 -74.07098137499997,4.586630146849438,0 -74.07089840199995,4.58669624384943,0 -74.07085389899999,4.586727949849442,0 -74.07081246199994,4.586716645849449,0 -74.07078084499994,4.586694676849399,0 -74.07070498899998,4.586766559849428,0 -74.07062237299994,4.586861257849428,0 -74.07056930999994,4.586905318849412,0 -74.07053093299999,4.586929748849411,0 -74.07050192399998,4.586948321849441,0 -74.07047624899997,4.586964626849412,0 -74.07014605699999,4.58734947484941,0 -74.07010209299995,4.587387327849386,0 -74.06998356199995,4.587519237849374,0 -74.06987203899996,4.587694071849379,0 -74.06973416699998,4.587734553849407,0 -74.06968647699995,4.587791253849367,0 -74.06963983099996,4.58785527884939,0 -74.06955729699996,4.58802970584938,0 -74.06957224899998,4.588048563849417,0 -74.06928439199999,4.588457216849368,0 -74.06917330299996,4.588614545849348,0 -74.06907528199997,4.588725973849366,0 -74.06889879299996,4.588889795849356,0 -74.06881383399997,4.588988163849355,0 -74.06868787699995,4.589194719849321,0 -74.06859066499999,4.589312927849328,0 -74.06853734299995,4.589254590849341,0 -74.06842085499994,4.589354291849346,0 -74.06833031399998,4.589431822849328,0 -74.06838102199998,4.589510788849316,0 -74.06848774899998,4.589694907849356,0 -74.06852080499993,4.589739683849336,0 -74.06855097499994,4.589808468849323,0 -74.06855241399995,4.589812284849329,0 -74.06862654599996,4.589897251849342,0 -74.06867698599996,4.589934749849326,0 -74.06862094099995,4.590005499849346,0 -74.06870542799999,4.590073151849326,0 -74.06874819099994,4.59003998284932,0 -74.06878676999997,4.590071176849295,0 -74.06880937899996,4.590042999849306,0 -74.06889775499997,4.590114453849327,0 -74.06897326599994,4.590167005849324,0 -74.06900330099995,4.590190093849301,0 -74.06905239099996,4.590240539849286,0 -74.06910811899996,4.590299628849333,0 -74.06917572499998,4.590339408849282,0 -74.06914987299996,4.590380771849321,0 -74.06922366799995,4.590424209849296,0 -74.06923524999996,4.590404826849302,0 -74.06927729499995,4.59042103784931,0 -74.06924863299997,4.590479436849306,0 -74.06933651999998,4.59052536384928,0 -74.06933679799994,4.590524792849296,0 -74.06935558099997,4.590538959849314,0 -74.06940690599998,4.590555772849317,0 -74.06951186199996,4.590588483849279,0 -74.06956949799996,4.590589201849291,0 -74.06957063399994,4.590589685849297,0 -74.06960895599997,4.590610926849311,0 -74.06969018399997,4.590655541849283,0 -74.06969980499997,4.590660781849288,0 -74.06970432799994,4.590652321849293,0 -74.06973090299994,4.59066575984929,0 -74.06971366699997,4.590700051849296,0 -74.06977821999999,4.590737912849296,0 -74.06977010699995,4.590754055849282,0 -74.06980902099997,4.590776814849269,0 -74.06979683199995,4.59080106784932,0 -74.06984351499995,4.590828403849276,0 -74.06985838099996,4.59080043284927,0 -74.06990179199994,4.590719150849277,0 -74.06996216899995,4.590754484849294,0 -74.07023028899994,4.590909973849298,0 -74.07018857199995,4.590982916849313,0 -74.07019719199997,4.591004675849302,0 -74.07022292499994,4.5910229568493,0 -74.07024584499999,4.591081905849287,0 -74.07026574699995,4.591092480849268,0 -74.07026289099997,4.591097084849292,0 -74.07026691599998,4.591122071849305,0 -74.07030552699996,4.591168621849286,0 -74.07033531299999,4.591187315849294,0 -74.07034388099999,4.591173502849286,0 -74.07036598599996,4.59120170784926,0 -74.07037220999996,4.5912035958493,0 -74.07038266499995,4.591243270849285,0 -74.07038214299996,4.591244114849284,0 -74.07041917099997,4.591267134849297,0 -74.07043443899994,4.591308803849279,0 -74.07043688699997,4.591315448849263,0 -74.07043976899996,4.591317908849287,0 -74.07048155999996,4.591346261849286,0 -74.07047723599999,4.591353085849258,0 -74.07049355099997,4.591369997849287,0 -74.07052364299994,4.591387588849249,0 -74.07056760599994,4.591440404849298,0</coordinates></LinearRing></outerBoundaryIs>
        </Polygon>
      </MultiGeometry>
    </Placemark>
    <Placemark id="ID_00009">
      <name>EL ROCIO</name>
      <snippet></snippet>
      <description><![CDATA[<html xmlns:fo="http://www.w3.org/1999/XSL/Format" xmlns:msxsl="urn:schemas-microsoft-com:xslt">
<head>
<META http-equiv="Content-Type" content="text/html">
<meta http-equiv="content-type" content="text/html; charset=UTF-8">
</head>
<body style="margin:0px 0px 0px 0px;overflow:auto;background:#FFFFFF;">
<table style="font-family:Arial,Verdana,Times;font-size:12px;text-align:left;width:100%;border-collapse:collapse;padding:3px 3px 3px 3px">
<tr style="text-align:center;font-weight:bold;background:#9CBCE2">
<td>003208</td>
</tr>
<tr>
<td>
<table style="font-family:Arial,Verdana,Times;font-size:12px;text-align:left;width:100%;border-spacing:0px; padding:3px 3px 3px 3px">
<tr>
<td>OBJECTID1</td>
<td>4</td>
</tr>
<tr bgcolor="#D4E4F3">
<td>SCaCodigo</td>
<td>003208</td>
</tr>
<tr>
<td>SCaTipo</td>
<td>0</td>
</tr>
<tr bgcolor="#D4E4F3">
<td>SCaNombre</td>
<td>EL ROCIO</td>
</tr>
<tr>
<td>SHAPE</td>
<td>Polígono</td>
</tr>
<tr bgcolor="#D4E4F3">
<td>SHAPE_Length</td>
<td>0.027403</td>
</tr>
<tr>
<td>SHAPE_Area</td>
<td>0.000024</td>
</tr>
</table>
</td>
</tr>
</table>
</body><script type="text/javascript">
				function changeImage(attElement, nameElement) {
				document.getElementById('imageAttachment').src = attElement;
				document.getElementById('imageName').innerHTML = nameElement;}
			</script></html>
]]></description>
      <styleUrl>#PolyStyle09</styleUrl>
      <MultiGeometry>
        <Polygon>
          <extrude>0</extrude><altitudeMode>clampToGround</altitudeMode>
          <outerBoundaryIs><LinearRing><coordinates> -74.07046960399998,4.58677190384942,0 -74.07049139799994,4.586825645849394,0 -74.07050084999997,4.586884123849425,0 -74.07050192399998,4.586948321849441,0 -74.07053093299999,4.586929748849411,0 -74.07056930999994,4.586905318849412,0 -74.07062237299994,4.586861257849428,0 -74.07070498899998,4.586766559849428,0 -74.07078084499994,4.586694676849399,0 -74.07081246199994,4.586716645849449,0 -74.07085389899999,4.586727949849442,0 -74.07089840199995,4.58669624384943,0 -74.07098137499997,4.586630146849438,0 -74.07101921299994,4.586598304849439,0 -74.07102578899998,4.5865935778494,0 -74.07110487299997,4.586677056849417,0 -74.07121296799994,4.586710468849406,0 -74.07127125499994,4.586668739849429,0 -74.07137810299997,4.586568683849424,0 -74.07146902599999,4.586276816849442,0 -74.07156886099995,4.58605041584944,0 -74.07168174699996,4.585919779849445,0 -74.07185112099995,4.585736882849442,0 -74.07207453699993,4.585612757849434,0 -74.07222218499999,4.585577953849445,0 -74.07233064699994,4.585543080849443,0 -74.07238281299993,4.585464695849445,0 -74.07239146799998,4.585395065849464,0 -74.07238715499994,4.585281791849474,0 -74.07240013599994,4.585194715849475,0 -74.07243491899999,4.585090195849501,0 -74.07253906799997,4.584950807849466,0 -74.07263023999997,4.584863739849493,0 -74.07274735899995,4.584733104849494,0 -74.07286889099998,4.584628593849482,0 -74.07286889899996,4.58454151584951,0 -74.07286324999995,4.584294628849508,0 -74.07283325899994,4.584230924849495,0 -74.07280858199994,4.58417470484953,0 -74.07279732599994,4.584140877849488,0 -74.07281499599998,4.583995615849507,0 -74.07281121299997,4.583997802849511,0 -74.07276068099998,4.583959939849525,0 -74.07274671999994,4.58394334184952,0 -74.07269952099995,4.583901746849496,0 -74.07264646699997,4.583860213849493,0 -74.07265223299999,4.583851879849526,0 -74.07260170099994,4.583816990849527,0 -74.07260755699997,4.583808656849493,0 -74.07248820899997,4.583714299849526,0 -74.07230769999995,4.58356717184956,0 -74.07220753999997,4.583465747849524,0 -74.07210314299994,4.583385935849556,0 -74.07211305399994,4.583371392849539,0 -74.07201784599994,4.583287414849514,0 -74.07194164299995,4.583227592849547,0 -74.07181085399998,4.583131949849538,0 -74.07181743099994,4.58312284784957,0 -74.07179833699996,4.583095374849525,0 -74.07176924299995,4.583073758849549,0 -74.07174861599998,4.583057937849516,0 -74.07173447399998,4.583045506849559,0 -74.07174609699996,4.583022203849533,0 -74.07173060399998,4.583011327849554,0 -74.07165006999998,4.58294118884956,0 -74.07158198299999,4.582880519849562,0 -74.07150343799998,4.58281970284955,0 -74.07153488199998,4.582770205849521,0 -74.07136662099998,4.582664462849584,0 -74.07129041799993,4.582599134849574,0 -74.07139277499994,4.582365456849553,0 -74.07151027199995,4.582071757849573,0 -74.07158496699998,4.581912941849567,0 -74.07155443099998,4.581893584849576,0 -74.07156082799997,4.581878823849589,0 -74.07154686699994,4.581870144849574,0 -74.07156200999998,4.58177423784957,0 -74.07158301499999,4.581620143849597,0 -74.07159851799997,4.581540208849569,0 -74.07160563999997,4.581483350849577,0 -74.07162969399997,4.581463086849581,0 -74.07183590299996,4.581336907849578,0 -74.07189599199995,4.581299346849578,0 -74.07195229799999,4.581246317849627,0 -74.07197563299997,4.58121298284962,0 -74.07199401399998,4.581171673849635,0 -74.07199869899995,4.581161079849633,0 -74.07201618199997,4.581088485849618,0 -74.07201059699997,4.58108544784963,0 -74.07207114599998,4.580949581849638,0 -74.07209277099997,4.580895418849622,0 -74.07209601499994,4.58088552984962,0 -74.07209430399996,4.580884047849596,0 -74.07211043199999,4.580846480849607,0 -74.07211286599994,4.580835534849633,0 -74.07210782099997,4.580832848849617,0 -74.07211467099995,4.580797604849615,0 -74.07211467299999,4.580785103849598,0 -74.07211206199997,4.580768795849599,0 -74.07210665899999,4.5807456998496,0 -74.07209603399997,4.580701350849647,0 -74.07208918999999,4.58068460884963,0 -74.07206407399997,4.580525781849629,0 -74.07205326799993,4.58048792384965,0 -74.07202994399995,4.580422954849655,0 -74.07199761399994,4.580327330849629,0 -74.07195978699997,4.580256918849608,0 -74.07192745199995,4.580215459849625,0 -74.07188070299998,4.580186573849628,0 -74.07182485599998,4.580157677849622,0 -74.07174945999998,4.580135993849634,0 -74.07169910599998,4.580125176849664,0 -74.07163793999996,4.580127014849669,0 -74.07139786899995,4.580172041849663,0 -74.07124319299999,4.580231559849661,0 -74.07109220799998,4.580320031849618,0 -74.07094122199999,4.580404760849651,0 -74.07086194699997,4.58044450884966,0 -74.07079726699999,4.580453477849623,0 -74.07072538399996,4.580442658849607,0 -74.07065881599993,4.580422809849659,0 -74.07061927299998,4.580390317849657,0 -74.07059234299999,4.580354229849656,0 -74.07056901599998,4.580316305849625,0 -74.07056001199999,4.580278447849646,0 -74.07054731399995,4.580242360849637,0 -74.07052398899998,4.580188193849662,0 -74.07048976399994,4.580128655849647,0 -74.07046103099998,4.58010160684967,0 -74.07043400999999,4.580070878849656,0 -74.07037212699998,4.580042062849658,0 -74.07022457699998,4.580011321849676,0 -74.07016881899995,4.579987876849663,0 -74.07012747499994,4.57996258884965,0 -74.07009874199997,4.579930097849633,0 -74.07007181199998,4.579886804849655,0 -74.07005560099998,4.579861519849665,0 -74.07004839699994,4.579838070849641,0 -74.07005647099999,4.579302200849695,0 -74.07007642399998,4.578872682849679,0 -74.07007832799997,4.578762662849654,0 -74.07006653699995,4.578668804849709,0 -74.07004142099998,4.578515410849715,0 -74.07000729399994,4.578383701849704,0 -74.06998297999996,4.578310533849677,0 -74.06984875099994,4.578383540849704,0 -74.06978847999994,4.578446249849724,0 -74.06973487299996,4.57853140484968,0 -74.06966558899995,4.578638958849684,0 -74.06945799299996,4.579102698849655,0 -74.06940966499997,4.57920173084969,0 -74.06941016999997,4.579295228849642,0 -74.06941761599995,4.579389509849678,0 -74.06939417899997,4.57941853284964,0 -74.06932421599998,4.579506093849675,0 -74.06926347299998,4.579581721849672,0 -74.06922792699999,4.579633976849685,0 -74.06917914899998,4.579700565849652,0 -74.06914311099996,4.579751762849653,0 -74.06911833099997,4.579813692849664,0 -74.06908398199994,4.579852813849645,0 -74.06904724099996,4.579901609849635,0 -74.06902014199994,4.579940728849635,0 -74.06900064299998,4.579973636849616,0 -74.06893919399994,4.580052654849631,0 -74.06886690799996,4.580158293849649,0 -74.06884057699995,4.58023837484961,0 -74.06878941399998,4.580242818849622,0 -74.06874000299996,4.580308843849643,0 -74.06868657899997,4.580379597849618,0 -74.06865483399997,4.580415046849612,0 -74.06862977699996,4.580443364849643,0 -74.06859951299998,4.580478527849658,0 -74.06855587199993,4.580534807849621,0 -74.06850399799998,4.580595181849598,0 -74.06845944399998,4.580652804849629,0 -74.06840010699995,4.58072913684962,0 -74.06837835699997,4.580759925849613,0 -74.06832183899996,4.580822277849601,0 -74.06828854199995,4.580893246849628,0 -74.06768852899995,4.58079494284963,0 -74.06757972999998,4.580782782849646,0 -74.06746262299998,4.580795902849593,0 -74.06742876899995,4.580820757849642,0 -74.06729975599995,4.580943127849622,0 -74.06725055699997,4.580985989849603,0 -74.06720403299994,4.581030404849595,0 -74.06715603199996,4.581073900849588,0 -74.06711408399997,4.581112665849584,0 -74.06707938399995,4.581144936849595,0 -74.06701561799997,4.581199377849625,0 -74.06692862099999,4.581294069849625,0 -74.06694147899998,4.581455086849603,0 -74.06694885699994,4.58156532684957,0 -74.06695335299997,4.581632133849613,0 -74.06696031099995,4.581700566849578,0 -74.06696262599996,4.581763561849586,0 -74.06696951199996,4.581855225849608,0 -74.06697703199995,4.581935878849606,0 -74.06698405899994,4.582029098849604,0 -74.06699199599996,4.582164619849594,0 -74.06699606799998,4.582242938849552,0 -74.06701970899996,4.582300003849571,0 -74.06704862799995,4.582323383849587,0 -74.06714884499996,4.582319298849585,0 -74.06717785299998,4.58221923284957,0 -74.06720389699996,4.582165069849554,0 -74.06723233199995,4.582145088849579,0 -74.06731488799994,4.582105478849591,0 -74.06739574799997,4.582116151849552,0 -74.06745176299995,4.582151257849591,0 -74.06756386299998,4.582224575849569,0 -74.06747476899994,4.582210439849561,0 -74.06731255399995,4.582187609849586,0 -74.06722577399995,4.582247135849556,0 -74.06720890399998,4.582377356849559,0 -74.06732081099995,4.582430841849579,0 -74.06738847599996,4.582555144849585,0 -74.06742064699995,4.582601785849564,0 -74.06748641799999,4.582697221849542,0 -74.06757173799997,4.582797177849534,0 -74.06763964899994,4.582889694849559,0 -74.06763244199993,4.582901843849548,0 -74.06774641999993,4.583048106849524,0 -74.06800886099995,4.583368794849561,0 -74.06805053999994,4.583420490849514,0 -74.06826389799994,4.583678408849544,0 -74.06831340699995,4.583687088849495,0 -74.06837751699999,4.583719143849512,0 -74.06846619099997,4.583821173849516,0 -74.06850704299995,4.58386501084953,0 -74.06859070399997,4.583968328849541,0 -74.06876247099996,4.584115725849509,0 -74.06884931099995,4.584137774849503,0 -74.06884200799993,4.584198645849519,0 -74.06881551099997,4.584312205849506,0 -74.06898539399998,4.584422036849481,0 -74.06904024899995,4.584469436849499,0 -74.06905402999996,4.584477907849508,0 -74.06908168299998,4.584501286849473,0 -74.06909843699998,4.584512660849525,0 -74.06911238899994,4.584495183849495,0 -74.06913036099996,4.584475956849499,0 -74.06914136599994,4.584466798849498,0 -74.06920069399996,4.584527425849472,0 -74.06925572799997,4.584600128849469,0 -74.06932023299998,4.584678296849481,0 -74.06934511399999,4.584649908849511,0 -74.06937743799995,4.584684365849477,0 -74.06941545499996,4.58472296384948,0 -74.06938830699994,4.584759995849502,0 -74.06942263999997,4.584827539849496,0 -74.06940740499994,4.584925976849506,0 -74.06939725099994,4.58504469684949,0 -74.06939067699994,4.585206433849469,0 -74.06943038899993,4.585243529849495,0 -74.06944614199995,4.58522173484949,0 -74.06949621699994,4.585090823849514,0 -74.06953067899997,4.585078308849462,0 -74.06958922299998,4.585087624849462,0 -74.06957317899997,4.585120967849499,0 -74.06963788399997,4.585163758849495,0 -74.06964649899999,4.585138044849494,0 -74.06975338099994,4.585219589849492,0 -74.06978708999998,4.58518742184947,0 -74.06985488999999,4.585253704849502,0 -74.06980574999994,4.5852984248495,0 -74.06984910799997,4.585376671849471,0 -74.06986569499998,4.585361405849479,0 -74.06989496199998,4.585395783849488,0 -74.06992823499996,4.585365338849442,0 -74.06995750199997,4.585399723849489,0 -74.06994413999996,4.585411902849444,0 -74.06995582899998,4.58542567584948,0 -74.06992795899998,4.585455192849448,0 -74.06997148499994,4.585512828849455,0 -74.07002464599998,4.58547884584948,0 -74.07004512499998,4.585502969849468,0 -74.07005409199996,4.585494788849473,0 -74.07008942599998,4.585532332849477,0 -74.07009057799996,4.585533576849453,0 -74.07005535899998,4.585568545849465,0 -74.07010698399995,4.585642592849454,0 -74.07014939299995,4.585602158849488,0 -74.07016384199994,4.585621091849466,0 -74.07021477899997,4.585687703849474,0 -74.07025157099997,4.58573416484949,0 -74.07022458299997,4.585758175849475,0 -74.07025258599998,4.585793549849473,0 -74.07028568099997,4.585764186849457,0 -74.07031494799998,4.58579848084945,0 -74.07031520599998,4.585798799849428,0 -74.07030088399995,4.585811200849474,0 -74.07033168399994,4.585867096849462,0 -74.07029750499998,4.585871012849435,0 -74.07016416499994,4.585892969849439,0 -74.07014127499997,4.585896445849452,0 -74.07010956199997,4.585906730849427,0 -74.07011260899998,4.585912408849461,0 -74.07011774299997,4.585922786849472,0 -74.07013548599997,4.585956966849476,0 -74.07014971199999,4.586013962849425,0 -74.07016096299998,4.586101393849426,0 -74.07016302999995,4.586151110849447,0 -74.07016347599995,4.586193343849437,0 -74.07016977099994,4.586291793849425,0 -74.07018543999999,4.586339740849463,0 -74.07030460499993,4.586475345849427,0 -74.07036035899995,4.586531640849403,0 -74.07041070499997,4.586625855849446,0 -74.07046960399998,4.58677190384942,0</coordinates></LinearRing></outerBoundaryIs>
        </Polygon>
      </MultiGeometry>
    </Placemark>
    <Placemark id="ID_00010">
      <name>GIRARDOT</name>
      <snippet></snippet>
      <description><![CDATA[<html xmlns:fo="http://www.w3.org/1999/XSL/Format" xmlns:msxsl="urn:schemas-microsoft-com:xslt">
<head>
<META http-equiv="Content-Type" content="text/html">
<meta http-equiv="content-type" content="text/html; charset=UTF-8">
</head>
<body style="margin:0px 0px 0px 0px;overflow:auto;background:#FFFFFF;">
<table style="font-family:Arial,Verdana,Times;font-size:12px;text-align:left;width:100%;border-collapse:collapse;padding:3px 3px 3px 3px">
<tr style="text-align:center;font-weight:bold;background:#9CBCE2">
<td>003211</td>
</tr>
<tr>
<td>
<table style="font-family:Arial,Verdana,Times;font-size:12px;text-align:left;width:100%;border-spacing:0px; padding:3px 3px 3px 3px">
<tr>
<td>OBJECTID1</td>
<td>19</td>
</tr>
<tr bgcolor="#D4E4F3">
<td>SCaCodigo</td>
<td>003211</td>
</tr>
<tr>
<td>SCaTipo</td>
<td>0</td>
</tr>
<tr bgcolor="#D4E4F3">
<td>SCaNombre</td>
<td>GIRARDOT</td>
</tr>
<tr>
<td>SHAPE</td>
<td>Polígono</td>
</tr>
<tr bgcolor="#D4E4F3">
<td>SHAPE_Length</td>
<td>0.019425</td>
</tr>
<tr>
<td>SHAPE_Area</td>
<td>0.000011</td>
</tr>
</table>
</td>
</tr>
</table>
</body><script type="text/javascript">
				function changeImage(attElement, nameElement) {
				document.getElementById('imageAttachment').src = attElement;
				document.getElementById('imageName').innerHTML = nameElement;}
			</script></html>
]]></description>
      <styleUrl>#PolyStyle010</styleUrl>
      <MultiGeometry>
        <Polygon>
          <extrude>0</extrude><altitudeMode>clampToGround</altitudeMode>
          <outerBoundaryIs><LinearRing><coordinates> -74.07356631599998,4.586482423849437,0 -74.07369367399997,4.586470402849406,0 -74.07391635799996,4.586455808849416,0 -74.07418443499995,4.586523559849431,0 -74.07449088199996,4.586648100849417,0 -74.07479010599997,4.586940991849421,0 -74.07475722099997,4.586984920849437,0 -74.07469522999997,4.587131381849416,0 -74.07463684199996,4.587285118849413,0 -74.07529530699998,4.587638493849381,0 -74.07535935199996,4.587674169849421,0 -74.07559364399998,4.587795168849409,0 -74.07592638999995,4.587981288849362,0 -74.07607825999997,4.588070496849376,0 -74.07617482299997,4.588127138849377,0 -74.07677329699999,4.588466819849383,0 -74.07688796399998,4.588545429849386,0 -74.07697020399996,4.588597269849353,0 -74.07717197799997,4.588706188849365,0 -74.07725001299997,4.588460439849385,0 -74.07695986499994,4.588389008849348,0 -74.07687043799996,4.588128978849362,0 -74.07679333299996,4.588070214849414,0 -74.07661750299997,4.58796178684938,0 -74.07637599599997,4.587925676849384,0 -74.07624574999994,4.587794943849402,0 -74.07629773699995,4.587701869849393,0 -74.07653072199997,4.587369058849384,0 -74.07659775499997,4.587242303849388,0 -74.07662163199996,4.587194704849427,0 -74.07676766599997,4.587083776849397,0 -74.07686441899995,4.587026367849441,0 -74.07695524099995,4.586828212849421,0 -74.07699867999997,4.586630053849456,0 -74.07704221599994,4.58636064484946,0 -74.07710539099998,4.586075336849465,0 -74.07710197399996,4.586011210849426,0 -74.07710170399997,4.58600810984943,0 -74.07710161399996,4.586004367849434,0 -74.07710173699996,4.585990959849468,0 -74.07707392199995,4.585995162849466,0 -74.07705308399994,4.58599848784943,0 -74.07694063399998,4.585978199849461,0 -74.07688570099998,4.585968102849432,0 -74.07681081499999,4.585936034849432,0 -74.07674866699995,4.585909443849437,0 -74.07653900299994,4.585819782849438,0 -74.07641058199994,4.58576478784947,0 -74.07618964999995,4.58567024084947,0 -74.07604365099996,4.585623774849459,0 -74.07590930999999,4.585571400849453,0 -74.07589030399998,4.585562354849456,0 -74.07575114299993,4.585509905849444,0 -74.07564179999997,4.585444055849447,0 -74.07562903599995,4.585437476849454,0 -74.07559261799997,4.585418414849471,0 -74.07557343099995,4.585409300849447,0 -74.07555748799996,4.585402167849449,0 -74.07554271499998,4.585395666849484,0 -74.07544551999996,4.58535568384946,0 -74.07528454999994,4.585290484849452,0 -74.07526518299994,4.585288999849469,0 -74.07518960699997,4.585256793849459,0 -74.07518789599999,4.585255735849451,0 -74.07518663499997,4.585255030849456,0 -74.07518429299995,4.585254035849461,0 -74.07517933799994,4.585252272849464,0 -74.07517339299994,4.585250084849466,0 -74.07516438499994,4.585246693849458,0 -74.07515258499996,4.585242380849484,0 -74.07512565199994,4.585232488849442,0 -74.07510105999995,4.585223383849499,0 -74.07509061099995,4.585219495849467,0 -74.07505809299994,4.585207343849454,0 -74.07504052699994,4.585200489849457,0 -74.07502242099997,4.585193500849478,0 -74.07499864099998,4.585184178849497,0 -74.07495891599996,4.585168770849467,0 -74.07493063199996,4.585157685849485,0 -74.07491324699998,4.585148499849483,0 -74.07488289099996,4.585130209849472,0 -74.07480443299994,4.585100326849451,0 -74.07470363499993,4.585056745849448,0 -74.07470057299997,4.585054630849482,0 -74.07467345899994,4.585047703849469,0 -74.07465715399996,4.585043742849461,0 -74.07464057999994,4.585039790849477,0 -74.07463088699996,4.585036967849478,0 -74.07458005699993,4.585016767849494,0 -74.07435883599999,4.584935195849495,0 -74.07436947799994,4.584910267849481,0 -74.07413961699996,4.584790728849518,0 -74.07411251699995,4.584842844849468,0 -74.07407162899995,4.584824336849486,0 -74.07403053199994,4.584805758849507,0 -74.07394911099993,4.584767120849463,0 -74.07390801299994,4.584748542849492,0 -74.07386628199998,4.584731659849484,0 -74.07382490299995,4.584713716849505,0 -74.07378556399993,4.584695704849506,0 -74.07374425499995,4.584677761849517,0 -74.07370255499995,4.584660679849514,0 -74.07366161199997,4.584641876849465,0 -74.07362026099997,4.584623928849475,0 -74.07349393999993,4.584568553849492,0 -74.07345171599997,4.584550399849512,0 -74.07331512099995,4.584491556849485,0 -74.07314664699999,4.584415761849503,0 -74.07306874699998,4.58438016084952,0 -74.07294404599998,4.584327958849521,0 -74.07286324999995,4.584294628849508,0 -74.07286889899996,4.58454151584951,0 -74.07286889099998,4.584628593849482,0 -74.07274735899995,4.584733104849494,0 -74.07263023999997,4.584863739849493,0 -74.07253906799997,4.584950807849466,0 -74.07243491899999,4.585090195849501,0 -74.07240013599994,4.585194715849475,0 -74.07238715499994,4.585281791849474,0 -74.07239146799998,4.585395065849464,0 -74.07238281299993,4.585464695849445,0 -74.07233064699994,4.585543080849443,0 -74.07222218499999,4.585577953849445,0 -74.07207453699993,4.585612757849434,0 -74.07185112099995,4.585736882849442,0 -74.07168174699996,4.585919779849445,0 -74.07156886099995,4.58605041584944,0 -74.07146902599999,4.586276816849442,0 -74.07137810299997,4.586568683849424,0 -74.07139603099995,4.586551871849411,0 -74.07149593199995,4.586551882849409,0 -74.07161654699996,4.586601964849438,0 -74.07175382699995,4.586652121849418,0 -74.07183849399996,4.586746692849447,0 -74.07193315999996,4.58684917384944,0 -74.07199170599995,4.586922417849397,0 -74.07210843499996,4.587083513849395,0 -74.07226894499996,4.587244614849396,0 -74.07249512299995,4.587420419849406,0 -74.07261915499998,4.587537521849399,0 -74.07270671899994,4.587493598849381,0 -74.07270988499994,4.58736888984941,0 -74.07253274599998,4.586859758849418,0 -74.07281471699997,4.586720805849451,0 -74.07325938199995,4.586526294849439,0 -74.07338351799996,4.586499676849454,0 -74.07356631599998,4.586482423849437,0</coordinates></LinearRing></outerBoundaryIs>
        </Polygon>
      </MultiGeometry>
    </Placemark>
    <Placemark id="ID_00011">
      <name>HOYA SAN CRISTOBAL</name>
      <snippet></snippet>
      <description><![CDATA[<html xmlns:fo="http://www.w3.org/1999/XSL/Format" xmlns:msxsl="urn:schemas-microsoft-com:xslt">
<head>
<META http-equiv="Content-Type" content="text/html">
<meta http-equiv="content-type" content="text/html; charset=UTF-8">
</head>
<body style="margin:0px 0px 0px 0px;overflow:auto;background:#FFFFFF;">
<table style="font-family:Arial,Verdana,Times;font-size:12px;text-align:left;width:100%;border-collapse:collapse;padding:3px 3px 3px 3px">
<tr style="text-align:center;font-weight:bold;background:#9CBCE2">
<td>101301</td>
</tr>
<tr>
<td>
<table style="font-family:Arial,Verdana,Times;font-size:12px;text-align:left;width:100%;border-spacing:0px; padding:3px 3px 3px 3px">
<tr>
<td>OBJECTID1</td>
<td>12</td>
</tr>
<tr bgcolor="#D4E4F3">
<td>SCaCodigo</td>
<td>101301</td>
</tr>
<tr>
<td>SCaTipo</td>
<td>1</td>
</tr>
<tr bgcolor="#D4E4F3">
<td>SCaNombre</td>
<td>HOYA SAN CRISTOBAL</td>
</tr>
<tr>
<td>SHAPE</td>
<td>Polígono</td>
</tr>
<tr bgcolor="#D4E4F3">
<td>SHAPE_Length</td>
<td>0.053333</td>
</tr>
<tr>
<td>SHAPE_Area</td>
<td>0.000006</td>
</tr>
</table>
</td>
</tr>
</table>
</body><script type="text/javascript">
				function changeImage(attElement, nameElement) {
				document.getElementById('imageAttachment').src = attElement;
				document.getElementById('imageName').innerHTML = nameElement;}
			</script></html>
]]></description>
      <styleUrl>#PolyStyle011</styleUrl>
      <MultiGeometry>
        <Polygon>
          <extrude>0</extrude><altitudeMode>clampToGround</altitudeMode>
          <outerBoundaryIs><LinearRing><coordinates> -74.02903929699994,4.560290385850315,0 -74.02906284099998,4.56077430885029,0 -74.02906644099994,4.560790345850256,0 -74.02907445299996,4.560824027850291,0 -74.02908408599995,4.560857502850241,0 -74.02909119599997,4.560891546850257,0 -74.02909920799993,4.560925228850238,0 -74.02910712899995,4.560959480850272,0 -74.02910973599995,4.560993948850237,0 -74.02911270299995,4.561029257850289,0 -74.02911548999998,4.561063725850263,0 -74.02911935799995,4.56109868185023,0 -74.02912502699996,4.561132860850238,0 -74.02912988599996,4.561167537850268,0 -74.02913555499998,4.561201653850264,0 -74.02914320599996,4.561235968850258,0 -74.02915283899995,4.561269452850227,0 -74.02916184199995,4.561302709850272,0 -74.02916733099994,4.561336889850265,0 -74.02917633299995,4.561370155850268,0 -74.02918740799998,4.561403567850264,0 -74.02919613999995,4.56143746785027,0 -74.02920973599998,4.561469595850254,0 -74.02921891799997,4.56148315985022,0 -74.02922985699996,4.561446550850278,0 -74.02922132799995,4.561398195850228,0 -74.02919909899998,4.561347361850255,0 -74.02919060099998,4.561296707850254,0 -74.02919574899994,4.561253126850252,0 -74.02920098499999,4.561202651850225,0 -74.02920618999997,4.561154478850244,0 -74.02920458899996,4.561101617850281,0 -74.02919603099997,4.561055558850279,0 -74.02918994299995,4.560995746850262,0 -74.02919060099998,4.560945214850277,0 -74.02917303699996,4.56088755085028,0 -74.02914607899999,4.560848141850273,0 -74.02913068499998,4.560799694850289,0 -74.02912630999998,4.560786160850288,0 -74.02912507399998,4.560778103850284,0 -74.02912878499995,4.5607681858503,0 -74.02914272799995,4.560753907850266,0 -74.02917543199999,4.560703795850271,0 -74.02916693399999,4.560653142850254,0 -74.02915388899999,4.56060013085029,0 -74.02914102099999,4.560533338850309,0 -74.02914390899997,4.560487430850302,0 -74.02913989899997,4.560443727850285,0 -74.02913363099998,4.560397698850256,0 -74.02911362999998,4.560351490850298,0 -74.02906916799998,4.560249823850278,0 -74.02907051499994,4.560146459850301,0 -74.02907577799994,4.560093689850273,0 -74.02907417799997,4.560040829850298,0 -74.02906803099995,4.559985612850292,0 -74.02905501399994,4.559930305850313,0 -74.02905100399994,4.5598866028503,0 -74.02904720499998,4.559826822850295,0 -74.02905924799995,4.559781035850319,0 -74.02907143999994,4.559723761850288,0 -74.02906752199993,4.559673167850329,0 -74.02908194399998,4.559620516850305,0 -74.02908711899994,4.559574638850325,0 -74.02908088099997,4.559526311850317,0 -74.02908611699996,4.559475839850325,0 -74.02906454299995,4.559374474850295,0 -74.02905369599995,4.559328383850291,0 -74.02906122399997,4.559277941850319,0 -74.02906865799997,4.559234390850355,0 -74.02907196399997,4.559156322850298,0 -74.02906581399998,4.559101106850339,0 -74.02905032999996,4.559059549850305,0 -74.02901656599994,4.559015458850303,0 -74.02899424499998,4.558971516850306,0 -74.02899493199999,4.558918685850311,0 -74.02899790999999,4.558865885850322,0 -74.02900784399998,4.558806284850344,0 -74.02897389799995,4.558775975850335,0 -74.02896344299995,4.558731277850325,0 -74.02903929699994,4.560290385850315,0</coordinates></LinearRing></outerBoundaryIs>
        </Polygon>
        <Polygon>
          <extrude>0</extrude><altitudeMode>clampToGround</altitudeMode>
          <outerBoundaryIs><LinearRing><coordinates> -74.07163277899997,4.576638579849774,0 -74.07162936199995,4.576859091849759,0 -74.07162214299996,4.576983591849735,0 -74.07178386599998,4.57758452784972,0 -74.07187391099995,4.577932765849716,0 -74.07152321799998,4.578001301849741,0 -74.07115054699995,4.578057199849703,0 -74.07112143699999,4.578192011849701,0 -74.07107976399993,4.578484173849681,0 -74.07110636299996,4.5784822588497,0 -74.07115158399995,4.578476613849709,0 -74.07119374299998,4.578466313849671,0 -74.07123725299994,4.57845783884971,0 -74.07133246999996,4.578445211849725,0 -74.07140994199995,4.578430738849698,0 -74.07161659199994,4.57839106784968,0 -74.07185846499993,4.578338763849676,0 -74.07191782999996,4.578322534849698,0 -74.07205088599994,4.578259407849715,0 -74.07235132099999,4.578118693849721,0 -74.07244654299996,4.578060932849735,0 -74.07250581999995,4.578017648849725,0 -74.07262275499994,4.577922040849686,0 -74.07285923899997,4.5777217868497,0 -74.07303004799996,4.577570175849731,0 -74.07326932299998,4.57736815784975,0 -74.07353373899997,4.57709572584973,0 -74.07372247799998,4.576902670849726,0 -74.07377472999997,4.576850345849778,0 -74.07384301699994,4.576788983849773,0 -74.07395625999999,4.576684335849739,0 -74.07398499899995,4.576646409849731,0 -74.07400382999998,4.576608770849761,0 -74.07378808699997,4.57662520684977,0 -74.07402440099997,4.576365149849782,0 -74.07401396399996,4.576294278849742,0 -74.07403331599994,4.576269911849757,0 -74.07402813699997,4.576267391849756,0 -74.07401469499996,4.576272264849771,0 -74.07400399499994,4.576286952849739,0 -74.07399871699994,4.57629839384976,0 -74.07399216899995,4.576309690849783,0 -74.07399033899998,4.576318518849753,0 -74.07399033899998,4.57632176684974,0 -74.07399005699995,4.576328406849782,0 -74.07398984499997,4.576331653849774,0 -74.07398956399999,4.576334973849789,0 -74.07398885899994,4.576341469849761,0 -74.07398843599998,4.576344789849779,0 -74.07398787399995,4.576348037849764,0 -74.07398681699993,4.57635453384979,0 -74.07398604199994,4.576357712849756,0 -74.07398533799994,4.576360960849746,0 -74.07398456399994,4.576364140849771,0 -74.07398371799997,4.576367317849769,0 -74.07398188999997,4.576373602849755,0 -74.07397977599999,4.576379887849792,0 -74.07397822899998,4.576384193849782,0 -74.07397724399993,4.576387724849789,0 -74.07397667999999,4.576389420849761,0 -74.07397604499994,4.576391186849783,0 -74.07397555199998,4.576392880849775,0 -74.07397477899997,4.576394718849778,0 -74.07397414499997,4.576396342849767,0 -74.07397344199995,4.57639803584977,0 -74.07397266599997,4.576399661849743,0 -74.07397189199997,4.576401354849744,0 -74.07397111899996,4.57640297884974,0 -74.07396942699995,4.576406227849767,0 -74.07396851499993,4.576407851849758,0 -74.07396759899996,4.576409546849735,0 -74.07396668399997,4.576411028849754,0 -74.07396372599999,4.576415689849747,0 -74.07396161599996,4.576418655849757,0 -74.07396048999993,4.576420208849759,0 -74.07395591399995,4.576425787849766,0 -74.07395464799998,4.576427128849734,0 -74.07395084799998,4.576431082849762,0 -74.07394957999998,4.57643235484978,0 -74.07394690599995,4.576434896849778,0 -74.07394549699995,4.576436098849748,0 -74.07394261199994,4.576438427849787,0 -74.07394120499998,4.576439486849792,0 -74.07393972599994,4.576440689849736,0 -74.07393831799999,4.576441744849781,0 -74.07393437699994,4.57644442984975,0 -74.07391868199994,4.57645607884973,0 -74.07389742899994,4.576462010849758,0 -74.07387955099995,4.576468503849759,0 -74.07386681499997,4.576474789849732,0 -74.07385414399994,4.576482839849746,0 -74.07383577499996,4.576485308849729,0 -74.07373358899997,4.576515169849762,0 -74.07373175799995,4.576517429849736,0 -74.07373091299996,4.576518558849735,0 -74.07373013899996,4.57651975884977,0 -74.07372929499996,4.576520818849763,0 -74.07372852099996,4.576522088849742,0 -74.07372781499998,4.57652336184975,0 -74.07372626799997,4.576525760849733,0 -74.07372415499998,4.576529645849746,0 -74.07372352399994,4.576530917849774,0 -74.07372302899995,4.57653211784976,0 -74.07372239799997,4.576533387849737,0 -74.07372183299998,4.576534799849751,0 -74.07372126999996,4.576536072849767,0 -74.07371979099997,4.576540095849738,0 -74.07371944099998,4.576541579849736,0 -74.07371894599999,4.576542849849774,0 -74.07371852499995,4.576544264849757,0 -74.07371739899997,4.576548428849782,0 -74.07371718699994,4.576549771849731,0 -74.07371662399999,4.576552596849751,0 -74.07371577899994,4.576558244849766,0 -74.07371556599998,4.576562554849774,0 -74.07371542499999,4.576564671849781,0 -74.07371542499999,4.576565802849755,0 -74.07371528399995,4.576568061849748,0 -74.07371514299996,4.576569121849727,0 -74.07371507399995,4.576570322849763,0 -74.07371493299996,4.576571382849749,0 -74.07371451099993,4.576573571849737,0 -74.07371436999995,4.576574700849739,0 -74.07371415799997,4.576575688849746,0 -74.07371387699999,4.576576890849767,0 -74.07371366499996,4.576577949849765,0 -74.07371310099995,4.576580139849738,0 -74.07371275099996,4.576581268849737,0 -74.07371246799994,4.576582256849743,0 -74.07371176399994,4.57658437484975,0 -74.07371049699998,4.576587552849725,0 -74.07371000399996,4.576588540849745,0 -74.07370965299998,4.576589672849767,0 -74.07370817399999,4.576592566849748,0 -74.07370592099994,4.576596521849753,0 -74.07370535899997,4.576597439849763,0 -74.07370282499994,4.576601110849771,0 -74.07370078499997,4.576603725849739,0 -74.07370000899994,4.576604641849769,0 -74.07369775699993,4.576607112849726,0 -74.07369628099997,4.576608596849783,0 -74.07369536499994,4.576609445849727,0 -74.07369466099993,4.576610219849729,0 -74.07369374599995,4.576610997849741,0 -74.07369198499998,4.576612408849774,0 -74.07369114099998,4.576613113849759,0 -74.07369029699998,4.576613892849762,0 -74.07368938199994,4.576614528849747,0 -74.07368832599997,4.576615234849781,0 -74.07366840899994,4.576623988849754,0 -74.07364546499997,4.576635072849742,0 -74.07362259099995,4.576652302849765,0 -74.07361238499993,4.576684646849738,0 -74.07358479399994,4.576707312849751,0 -74.07357303499998,4.57675031884974,0 -74.07356353199998,4.576768890849731,0 -74.07355311699996,4.576782733849769,0 -74.07353122799998,4.576803279849732,0 -74.07352299099995,4.576814225849769,0 -74.07349730099997,4.576845507849781,0 -74.07348596799994,4.576863725849756,0 -74.07347245599993,4.576877635849758,0 -74.07345443599996,4.576905882849747,0 -74.07344584999998,4.576913227849722,0 -74.07343627699998,4.576926786849747,0 -74.07343198299998,4.576931375849758,0 -74.07341713399995,4.576936600849755,0 -74.07338953999994,4.57698807984973,0 -74.07338897499994,4.57701922284973,0 -74.07338608799995,4.577034053849715,0 -74.07338143899995,4.577050436849719,0 -74.07337334499994,4.577070210849726,0 -74.07336229499998,4.577088426849725,0 -74.07335623999995,4.577099585849727,0 -74.07334575299996,4.577108623849754,0 -74.07333266399996,4.577118014849745,0 -74.07332154299996,4.577119637849749,0 -74.07331176099996,4.577123591849718,0 -74.07329705199999,4.577130934849761,0 -74.07328044299999,4.577137713849748,0 -74.07327185699995,4.577141099849752,0 -74.07326263599998,4.577146609849743,0 -74.07325158499998,4.577155081849737,0 -74.07324567499995,4.577159318849719,0 -74.07324032599996,4.577164119849709,0 -74.07323525699996,4.577169770849748,0 -74.07322786699996,4.577176619849736,0 -74.07322047699995,4.577188692849727,0 -74.07321674499997,4.577196956849761,0 -74.07321575799995,4.577210232849757,0 -74.07321625199995,4.577215598849743,0 -74.07321491199997,4.577227957849729,0 -74.07320977299997,4.577242224849704,0 -74.07320766199996,4.577250275849713,0 -74.07320343599997,4.577258324849748,0 -74.07319738499996,4.57726538484972,0 -74.07319541299995,4.577267645849734,0 -74.07318893899998,4.577271951849737,0 -74.07318154799998,4.57727597684974,0 -74.07317232999998,4.577279576849756,0 -74.07316381299995,4.577285367849729,0 -74.07315818399996,4.57728967484972,0 -74.07315353599995,4.577293134849738,0 -74.07314684999994,4.577300197849731,0 -74.07314382399994,4.577301889849742,0 -74.07314332999994,4.577306340849738,0 -74.07313769899997,4.577315024849759,0 -74.07313544599998,4.577324840849744,0 -74.07313136399995,4.577330561849718,0 -74.07312587499996,4.57733959984976,0 -74.07311925799996,4.577347084849724,0 -74.07311165799996,4.577351816849706,0 -74.07308913599996,4.577370457849757,0 -74.07307604499994,4.577380907849744,0 -74.07306238999996,4.577392347849731,0 -74.07304922699996,4.577404987849749,0 -74.07303698099997,4.577414448849739,0 -74.07302748199999,4.57742080484971,0 -74.07300974299994,4.57743866784975,0 -74.07299151399997,4.577455333849714,0 -74.07297947999996,4.577464370849756,0 -74.07296983799995,4.577477435849715,0 -74.07295984099994,4.577489863849705,0 -74.07294548399994,4.577504620849733,0 -74.07293119399998,4.577519167849713,0 -74.07292000399997,4.577530395849717,0 -74.07291134899998,4.577537102849726,0 -74.07289734299997,4.577554614849733,0 -74.07289156799999,4.577560516849725,0 -74.07279728099996,4.576803902849745,0 -74.07269550099994,4.57695770484974,0 -74.07251502199995,4.577276325849747,0 -74.07233679799998,4.577571994849705,0 -74.07213339399993,4.577739271849699,0 -74.07196443399994,4.577626895849702,0 -74.07188458799999,4.577358668849722,0 -74.07185259099998,4.577161562849756,0 -74.07176810199996,4.576872713849748,0 -74.07163277899997,4.576638579849774,0</coordinates></LinearRing></outerBoundaryIs>
        </Polygon>
        <Polygon>
          <extrude>0</extrude><altitudeMode>clampToGround</altitudeMode>
          <outerBoundaryIs><LinearRing><coordinates> -74.04455413699998,4.572243277849873,0 -74.04454472299994,4.572235730849885,0 -74.04450848799996,4.572205391849907,0 -74.04443845699996,4.572133255849884,0 -74.04438854799997,4.572098142849915,0 -74.04434993499996,4.572074662849879,0 -74.04431129099999,4.572053480849928,0 -74.04426803999996,4.572034535849902,0 -74.04421554399994,4.572022362849888,0 -74.04416979499996,4.572019464849896,0 -74.04412172599996,4.572018835849895,0 -74.04407368799997,4.572015909849911,0 -74.04403218299996,4.572015365849929,0 -74.04406620699996,4.572032256849902,0 -74.04410926299994,4.57204928384991,0 -74.04415141799996,4.572066518849886,0 -74.04419366399998,4.572083898849919,0 -74.04423608899998,4.572100501849922,0 -74.04427779399998,4.572119083849919,0 -74.04432057899999,4.572136599849876,0 -74.04436300499998,4.572153346849896,0 -74.04440074499996,4.572178770849894,0 -74.04443605199998,4.572208018849918,0 -74.04446973799998,4.572238242849918,0 -74.04449585599997,4.572275118849884,0 -74.04453584799995,4.572296447849881,0 -74.04457728299997,4.572315662849892,0 -74.04460970699995,4.572347377849919,0 -74.04464186099995,4.572379653849878,0 -74.04467969099994,4.572404445849908,0 -74.04471580999996,4.572431921849862,0 -74.04474940499995,4.572464061849894,0 -74.04478372099999,4.572494429849903,0 -74.04482182199996,4.572518588849868,0 -74.04486388699996,4.572537948849877,0 -74.04499971699994,4.572616710849856,0 -74.04504160099998,4.572634650849874,0 -74.04508402699997,4.572651398849892,0 -74.04512582099994,4.572669971849867,0 -74.04516184999994,4.572697447849881,0 -74.04519228599997,4.572719959849857,0 -74.04517062499997,4.572694207849859,0 -74.04513673799994,4.572659304849896,0 -74.04508905799997,4.572628813849877,0 -74.04504360699997,4.572602948849885,0 -74.04500499399995,4.5725794688499,0 -74.04491414999995,4.572523143849898,0 -74.04486644099995,4.572494950849904,0 -74.04482330999997,4.572466816849854,0 -74.04478936299995,4.572436507849911,0 -74.04473252699995,4.572405897849896,0 -74.04468948599998,4.572370873849904,0 -74.04465788999994,4.572335999849914,0 -74.04462625999997,4.572303422849903,0 -74.04458550799995,4.572268428849918,0 -74.04455413699998,4.572243277849873,0</coordinates></LinearRing></outerBoundaryIs>
        </Polygon>
        <Polygon>
          <extrude>0</extrude><altitudeMode>clampToGround</altitudeMode>
          <outerBoundaryIs><LinearRing><coordinates> -74.02900209199998,4.55830013285035,0 -74.02883765499996,4.55834968285038,0 -74.02884812299999,4.558377679850331,0 -74.02891385199996,4.558551564850365,0 -74.02893006599999,4.558549278850327,0 -74.02900209199998,4.55830013285035,0</coordinates></LinearRing></outerBoundaryIs>
        </Polygon>
        <Polygon>
          <extrude>0</extrude><altitudeMode>clampToGround</altitudeMode>
          <outerBoundaryIs><LinearRing><coordinates> -74.07006142699998,4.577586252849725,0 -74.07007628999997,4.577595076849746,0 -74.07029951399994,4.577559086849732,0 -74.07037325599998,4.577889316849694,0 -74.07062135499996,4.577737795849735,0 -74.07068171899994,4.577638503849722,0 -74.07079137299996,4.577400387849742,0 -74.07095859299994,4.57711707184971,0 -74.07114571599999,4.576877119849754,0 -74.07123382899994,4.576749021849767,0 -74.07131653299996,4.576649740849748,0 -74.07143338099996,4.576523479849766,0 -74.07144700799995,4.57651357484974,0 -74.07136615999997,4.576494350849781,0 -74.07121307999995,4.576611352849738,0 -74.07108054599996,4.576757945849747,0 -74.07090007599999,4.576991680849734,0 -74.07080181199996,4.577172811849763,0 -74.07065778599997,4.577493696849698,0 -74.07056409099994,4.577718188849722,0 -74.07046359099996,4.57775948984973,0 -74.07038816499994,4.577601291849727,0 -74.07031064099994,4.577339986849752,0 -74.07018962599994,4.57707182284973,0 -74.06999779399996,4.576968623849767,0 -74.06987891099999,4.577129060849739,0 -74.06983546599997,4.577344519849738,0 -74.06979300099994,4.57742601084974,0 -74.07006142699998,4.577586252849725,0</coordinates></LinearRing></outerBoundaryIs>
        </Polygon>
        <Polygon>
          <extrude>0</extrude><altitudeMode>clampToGround</altitudeMode>
          <outerBoundaryIs><LinearRing><coordinates> -74.04548928099996,4.572999622849869,0 -74.04550185599999,4.573032028849868,0 -74.04552770399994,4.57306960984988,0 -74.04555589399996,4.573106684849844,0 -74.04559354399998,4.573132045849894,0 -74.04563326599998,4.573154008849886,0 -74.04567596199996,4.573170122849887,0 -74.04572109199995,4.573174503849881,0 -74.04576540999994,4.573182844849891,0 -74.04580585299993,4.573202908849851,0 -74.04584638699998,4.573222476849873,0 -74.04588881199999,4.57323915084987,0 -74.04593132799994,4.573255888849866,0 -74.04593806599996,4.573256952849869,0 -74.04592116099997,4.573250802849878,0 -74.04587788099997,4.573234155849883,0 -74.04581646599996,4.573203484849841,0 -74.04576417799996,4.573175233849892,0 -74.04570746099995,4.573135435849855,0 -74.04566444999995,4.573098113849879,0 -74.04562824499999,4.573065478849852,0 -74.04558511399995,4.573037343849871,0 -74.04554183099998,4.573020696849881,0 -74.04549400199994,4.573001690849885,0 -74.04548928099996,4.572999622849869,0</coordinates></LinearRing></outerBoundaryIs>
        </Polygon>
        <Polygon>
          <extrude>0</extrude><altitudeMode>clampToGround</altitudeMode>
          <outerBoundaryIs><LinearRing><coordinates> -74.04610623999997,4.573307921849842,0 -74.04662922699998,4.573570814849846,0 -74.04753170399994,4.57384919384985,0 -74.04843400399994,4.574116750849867,0 -74.04930558299998,4.574409740849844,0 -74.05018094399998,4.574723980849802,0 -74.05102233899999,4.575085040849776,0 -74.05189005199998,4.575338749849819,0 -74.05280057599998,4.575420866849796,0 -74.05294890599998,4.575419178849796,0 -74.05293604899998,4.57540782184979,0 -74.05290965099994,4.575379763849797,0 -74.05286927699996,4.575347029849789,0 -74.05283355999995,4.575317413849789,0 -74.05279473899998,4.575276887849824,0 -74.05274723099996,4.575249239849813,0 -74.05269482099999,4.575230175849799,0 -74.05264458399995,4.575220328849798,0 -74.05258976899995,4.575210420849815,0 -74.05254636799998,4.575202960849812,0 -74.05250073699995,4.575190878849798,0 -74.05245513699998,4.575176499849812,0 -74.05239583199995,4.575159640849778,0 -74.05233881699996,4.575142811849775,0 -74.05227719399994,4.575128222849784,0 -74.05222011899997,4.57511598784981,0 -74.05217237799997,4.575090094849819,0 -74.05213373599997,4.57506891284981,0 -74.05209280199995,4.575047700849833,0 -74.05205210799994,4.57500811384983,0 -74.05198849399994,4.574970522849807,0 -74.05194075499998,4.574944626849797,0 -74.05189087599996,4.574907216849794,0 -74.05184090499995,4.574876698849837,0 -74.05179289699998,4.574871474849831,0 -74.05173796099996,4.574870756849807,0 -74.05169441199996,4.574874781849812,0 -74.05163495699998,4.574869407849804,0 -74.05159158599997,4.574859651849807,0 -74.05153460099996,4.574840527849804,0 -74.05148665299998,4.574830710849824,0 -74.05144331199995,4.574818657849796,0 -74.05138852499994,4.574806451849835,0 -74.05134756199999,4.574787537849831,0 -74.05129304499997,4.57475466284979,0 -74.05124759399996,4.574728796849802,0 -74.05120666299996,4.574707583849834,0 -74.05116347099994,4.5746840448498,0 -74.05110660299994,4.574655732849813,0 -74.05106563999993,4.574636819849799,0 -74.05101784199996,4.574615516849814,0 -74.05097001099995,4.574596511849801,0 -74.05092672999996,4.574579864849804,0 -74.05088341899994,4.574565513849795,0 -74.05083329999997,4.574546480849801,0 -74.05078089299997,4.574527413849818,0 -74.05073758299994,4.574513063849801,0 -74.05068511499996,4.574498593849807,0 -74.05061668499997,4.574479319849796,0 -74.05055957999997,4.574469380849802,0 -74.05047717799994,4.574468302849835,0 -74.05042230099997,4.574462990849852,0 -74.05036293699999,4.57445072684983,0 -74.05031492899997,4.574445503849816,0 -74.05025559399996,4.574430943849809,0 -74.05021225299998,4.574418890849828,0 -74.05016659299997,4.574409101849838,0 -74.05010719899997,4.57439913584985,0 -74.05005693299995,4.57439158484984,0 -74.05000898199995,4.574381767849805,0 -74.04995877399995,4.574369626849847,0 -74.04990170099995,4.574357391849802,0 -74.04984468399994,4.574340562849805,0 -74.04976275999996,4.574302733849855,0 -74.04971968699994,4.574270008849814,0 -74.04967429699997,4.57423954884981,0 -74.04963808999997,4.574206910849823,0 -74.04959983499998,4.57415586884983,0 -74.04957528299997,4.574107303849837,0 -74.04954829299999,4.574070192849862,0 -74.04951217799999,4.574030665849847,0 -74.04947820099994,4.574002652849829,0 -74.04944654299999,4.573972372849853,0 -74.04937871099997,4.573907158849837,0 -74.04934476299997,4.57387684784985,0 -74.04930178199999,4.573837230849826,0 -74.04925894799999,4.573786129849825,0 -74.04922520999997,4.573739740849859,0 -74.04918454599994,4.573697856849877,0 -74.04914385299998,4.573658267849833,0 -74.04910074899993,4.573627837849855,0 -74.04904858299994,4.573590398849873,0 -74.04900084199994,4.57356450284986,0 -74.04894849299995,4.57354084484983,0 -74.04889816799994,4.573537889849873,0 -74.04885250899997,4.573528101849875,0 -74.04879552099999,4.573508975849837,0 -74.04874079699994,4.57349217884983,0 -74.04869519699997,4.573477797849861,0 -74.04864278799994,4.573458732849862,0 -74.04858797199995,4.573448827849851,0 -74.04854466199998,4.573434475849862,0 -74.04849228499995,4.57341311384987,0 -74.04843526799993,4.573396286849847,0 -74.04837358799995,4.573386289849842,0 -74.04832786699995,4.573381095849862,0 -74.04827994799996,4.573368982849834,0 -74.04822985899995,4.573347650849874,0 -74.04818197199995,4.573333238849832,0 -74.04811565099999,4.573327776849847,0 -74.04806068499994,4.573329353849879,0 -74.04800111299994,4.573333169849882,0 -74.04794379999998,4.573339310849861,0 -74.04789109399997,4.57334321684987,0 -74.04783145999994,4.573351624849859,0 -74.04777866399996,4.573362420849883,0 -74.04772357999997,4.57337318684988,0 -74.04767994099996,4.573384100849853,0 -74.04762708599998,4.573399490849845,0 -74.04757197199996,4.573412552849838,0 -74.04751013999999,4.573414040849848,0 -74.04746658899995,4.573418064849865,0 -74.04736358499997,4.573416716849857,0 -74.04732015599996,4.573411554849875,0 -74.04726976799998,4.573413192849837,0 -74.04721934999998,4.573417126849835,0 -74.04716661499998,4.573423327849855,0 -74.04710695399996,4.573434035849845,0 -74.04704731999993,4.573442441849856,0 -74.04693058299995,4.573440913849868,0 -74.04688706399997,4.573442642849829,0 -74.04683655799994,4.573453467849839,0 -74.04678150299998,4.573461935849865,0 -74.04671500299997,4.573470255849873,0 -74.04666238499993,4.573467267849865,0 -74.04660058599995,4.573466458849839,0 -74.04655025699998,4.573463503849882,0 -74.04650227799993,4.573455982849839,0 -74.04644529399997,4.573436859849881,0 -74.04639297599994,4.573410903849878,0 -74.04634074799998,4.573378056849883,0 -74.04629758499993,4.57335221884989,0 -74.04624078099994,4.573319313849873,0 -74.04618825299997,4.573309435849859,0 -74.04611500599998,4.573308476849885,0 -74.04610623999997,4.573307921849842,0</coordinates></LinearRing></outerBoundaryIs>
        </Polygon>
        <Polygon>
          <extrude>0</extrude><altitudeMode>clampToGround</altitudeMode>
          <outerBoundaryIs><LinearRing><coordinates> -74.03071915099997,4.563092604850216,0 -74.03079926899994,4.563151975850174,0 -74.03132182899998,4.565338983850127,0 -74.03142454799996,4.565768739850128,0 -74.03142649599994,4.565750720850086,0 -74.03143164099998,4.565707137850112,0 -74.03144145499994,4.565656726850094,0 -74.03145361899993,4.565601747850125,0 -74.03145647399998,4.565558136850103,0 -74.03146391199994,4.565514584850138,0 -74.03145992999998,4.565468586850121,0 -74.03145598099997,4.565420290850139,0 -74.03144519499995,4.565369607850099,0 -74.03143898599996,4.565318982850132,0 -74.03144042099996,4.565208729850137,0 -74.03142966499996,4.565155749850113,0 -74.03141420999998,4.565111896850149,0 -74.03140107399997,4.56506577885015,0 -74.03138564999995,4.565019628850146,0 -74.03137486399999,4.564968944850115,0 -74.03136181799994,4.564915937850153,0 -74.03133967699995,4.564858211850138,0 -74.03131958499995,4.564818894850119,0 -74.03129500499995,4.564772624850133,0 -74.03126596599998,4.564717106850129,0 -74.03122361399994,4.564629253850168,0 -74.03119912199998,4.564576092850121,0 -74.03117912099998,4.564529882850136,0 -74.03115005299998,4.564476662850147,0 -74.03113474799994,4.564421324850174,0 -74.03113540599998,4.564370792850128,0 -74.03114064299996,4.56432032085013,0 -74.03115051499998,4.564265313850182,0 -74.03115123199996,4.564210186850177,0 -74.03114502499994,4.564159562850146,0 -74.03114101399996,4.564115860850175,0 -74.03113013899997,4.564072069850181,0 -74.03112630899994,4.564014585850162,0 -74.03112765599997,4.563911221850177,0 -74.03112367399996,4.563865223850159,0 -74.03111746499997,4.563814598850194,0 -74.03110673999998,4.56375932285018,0 -74.03110281999994,4.563708728850169,0 -74.03109657999994,4.563660404850194,0 -74.03109720899994,4.563612167850148,0 -74.03109328999994,4.56356157585017,0 -74.03107804299998,4.563501644850167,0 -74.03105587399995,4.563446216850167,0 -74.03103361299998,4.563397681850208,0 -74.03100900099997,4.563353708850203,0 -74.03097080699996,4.563298071850201,0 -74.03093932999997,4.563254010850168,0 -74.03090327699994,4.563209885850182,0 -74.03087165099998,4.563177308850176,0 -74.03081951299998,4.563137569850181,0 -74.03078099099997,4.563107200850181,0 -74.03072852499997,4.563092727850218,0 -74.03071915099997,4.563092604850216,0</coordinates></LinearRing></outerBoundaryIs>
        </Polygon>
        <Polygon>
          <extrude>0</extrude><altitudeMode>clampToGround</altitudeMode>
          <outerBoundaryIs><LinearRing><coordinates> -74.03152290599996,4.566096963850105,0 -74.03209357899993,4.567927437850014,0 -74.03212113999996,4.567943613850047,0 -74.03212987699999,4.56794813485004,0 -74.03215311199995,4.567987116850012,0 -74.03218003999996,4.568023703850026,0 -74.03220336399994,4.568062405850013,0 -74.03222677899998,4.568101044850031,0 -74.03224316699993,4.568143351850031,0 -74.03224550199997,4.568189182850055,0 -74.03224810699999,4.568234379850017,0 -74.03226207499995,4.56826488785002,0 -74.03226378199997,4.568258915850024,0 -74.03229178699996,4.568217929850039,0 -74.03230849799996,4.568165310850014,0 -74.03232734799997,4.568124205850031,0 -74.03235790999997,4.56806257685002,0 -74.03237236299998,4.568007631850035,0 -74.03239368199996,4.56795277385004,0 -74.03241966799999,4.567891087850062,0 -74.03243637799994,4.567838466850052,0 -74.03246694199999,4.567776838850031,0 -74.03248579099994,4.567735732850062,0 -74.03251882399996,4.567660354850041,0 -74.03251505299994,4.567598276850057,0 -74.03250417799995,4.567554484850072,0 -74.03249561799998,4.567508425850074,0 -74.03248712199996,4.567457773850051,0 -74.03247627599995,4.567411683850043,0 -74.03246093999996,4.567358643850029,0 -74.03244093799998,4.567312432850048,0 -74.03240708299995,4.567275232850042,0 -74.03237084899996,4.56724489085004,0 -74.03233235599998,4.567212226850041,0 -74.03228024799995,4.567170187850055,0 -74.03224648099996,4.567126095850053,0 -74.03221967299999,4.567075204850055,0 -74.03219292299997,4.567019717850059,0 -74.03218216499994,4.566966736850051,0 -74.03216228299993,4.566911340850057,0 -74.03214920699997,4.566860626850068,0 -74.03212462799996,4.566814356850083,0 -74.03208866299997,4.566763342850077,0 -74.03205935399995,4.566728499850091,0 -74.03202092099997,4.566691237850064,0 -74.03198483699998,4.56664941185009,0 -74.03194643399996,4.566609855850105,0 -74.03191257799995,4.566572652850071,0 -74.03187652199995,4.566528529850061,0 -74.03184269699995,4.566489031850088,0 -74.03181344899997,4.566449594850086,0 -74.03177953199997,4.566416984850085,0 -74.03174787899997,4.566386704850114,0 -74.03171167299996,4.566354067850104,0 -74.03167326999994,4.566314508850088,0 -74.03163492599998,4.566270357850093,0 -74.03159887099997,4.566226236850066,0 -74.03156962399999,4.566186795850116,0 -74.03154055599998,4.566133575850073,0 -74.03152290599996,4.566096963850105,0</coordinates></LinearRing></outerBoundaryIs>
        </Polygon>
        <Polygon>
          <extrude>0</extrude><altitudeMode>clampToGround</altitudeMode>
          <outerBoundaryIs><LinearRing><coordinates> -74.04083923399998,4.571633537849944,0 -74.04079342299997,4.571635235849891,0 -74.04073605199994,4.571645971849922,0 -74.04073159799998,4.571646851849938,0 -74.04088241299996,4.571647950849916,0 -74.04083923399998,4.571633537849944,0</coordinates></LinearRing></outerBoundaryIs>
        </Polygon>
        <Polygon>
          <extrude>0</extrude><altitudeMode>clampToGround</altitudeMode>
          <outerBoundaryIs><LinearRing><coordinates> -74.04363302299998,4.57192513684991,0 -74.04361777799994,4.571927019849889,0 -74.04363356699997,4.571929297849905,0 -74.04364178099996,4.571928563849927,0 -74.04363302299998,4.57192513684991,0</coordinates></LinearRing></outerBoundaryIs>
        </Polygon>
      </MultiGeometry>
    </Placemark>
    <Placemark id="ID_00012">
      <name>HOYA TEUSACA</name>
      <snippet></snippet>
      <description><![CDATA[<html xmlns:fo="http://www.w3.org/1999/XSL/Format" xmlns:msxsl="urn:schemas-microsoft-com:xslt">
<head>
<META http-equiv="Content-Type" content="text/html">
<meta http-equiv="content-type" content="text/html; charset=UTF-8">
</head>
<body style="margin:0px 0px 0px 0px;overflow:auto;background:#FFFFFF;">
<table style="font-family:Arial,Verdana,Times;font-size:12px;text-align:left;width:100%;border-collapse:collapse;padding:3px 3px 3px 3px">
<tr style="text-align:center;font-weight:bold;background:#9CBCE2">
<td>101201</td>
</tr>
<tr>
<td>
<table style="font-family:Arial,Verdana,Times;font-size:12px;text-align:left;width:100%;border-spacing:0px; padding:3px 3px 3px 3px">
<tr>
<td>OBJECTID1</td>
<td>51</td>
</tr>
<tr bgcolor="#D4E4F3">
<td>SCaCodigo</td>
<td>101201</td>
</tr>
<tr>
<td>SCaTipo</td>
<td>1</td>
</tr>
<tr bgcolor="#D4E4F3">
<td>SCaNombre</td>
<td>HOYA TEUSACA</td>
</tr>
<tr>
<td>SHAPE</td>
<td>Polígono</td>
</tr>
<tr bgcolor="#D4E4F3">
<td>SHAPE_Length</td>
<td>0.204246</td>
</tr>
<tr>
<td>SHAPE_Area</td>
<td>0.001814</td>
</tr>
</table>
</td>
</tr>
</table>
</body><script type="text/javascript">
				function changeImage(attElement, nameElement) {
				document.getElementById('imageAttachment').src = attElement;
				document.getElementById('imageName').innerHTML = nameElement;}
			</script></html>
]]></description>
      <styleUrl>#PolyStyle012</styleUrl>
      <MultiGeometry>
        <Polygon>
          <extrude>0</extrude><altitudeMode>clampToGround</altitudeMode>
          <outerBoundaryIs><LinearRing><coordinates> -74.01954221799997,4.560290385850315,0 -74.01880398299994,4.560597985850292,0 -74.01798828899996,4.561280528850242,0 -74.01455587399994,4.561571221850251,0 -74.01385512099995,4.560272720850282,0 -74.01310461399999,4.56018531885027,0 -74.01227380399996,4.560071103850277,0 -74.01145226699998,4.560037395850281,0 -74.01023409999993,4.559671973850292,0 -74.01014839899995,4.559653272850295,0 -74.00984133199995,4.559649024850314,0 -74.00853085099999,4.562100804850236,0 -74.00852526399996,4.562111325850216,0 -74.00849670099996,4.562157502850214,0 -74.00848787299998,4.5621593368502,0 -74.00845355099995,4.562165612850223,0 -74.00842913499997,4.562191107850211,0 -74.00840561999996,4.562216874850228,0 -74.00837534999994,4.562234947850205,0 -74.00834543999997,4.562252460850246,0 -74.00831553099994,4.562269901850203,0 -74.00828787199998,4.562291147850211,0 -74.00826111499998,4.562313460850201,0 -74.00823318599998,4.562335349850239,0 -74.00820489699998,4.562357870850239,0 -74.00817966999995,4.562382154850193,0 -74.00815336299996,4.562405389850206,0 -74.00812957699998,4.562431156850221,0 -74.00811218599995,4.562461453850236,0 -74.00809470499996,4.562491741850184,0 -74.00807677299997,4.56252324085023,0 -74.00805775999999,4.562553745850212,0 -74.00803586599994,4.562582269850227,0 -74.00801748399994,4.56261149985022,0 -74.00799630999995,4.562639680850226,0 -74.00797441599997,4.562666794850198,0 -74.00795279099998,4.562694686850191,0 -74.00793332899997,4.562724269850204,0 -74.00791575699998,4.5627551988502,0 -74.00790133899994,4.562786761850192,0 -74.00788583899998,4.562817764850188,0 -74.00786943899993,4.562849182850177,0 -74.00785312899995,4.562879976850184,0 -74.00783447699996,4.56290983985018,0 -74.00781663499998,4.562939214850179,0 -74.00779870399998,4.56296866185021,0 -74.00778194299994,4.562999238850167,0 -74.00776275099997,4.56302811685019,0 -74.00774788199993,4.563059399850191,0 -74.00773048699995,4.563110098850174,0 -74.00728476199998,4.564117705850163,0 -74.00675156299997,4.56468977385014,0 -74.00674725099998,4.56470754485013,0 -74.00679746199995,4.564915012850165,0 -74.00683914799998,4.565489237850119,0 -74.00662457999994,4.565821605850099,0 -74.00644188199993,4.565966185850081,0 -74.00614691699997,4.567181939850088,0 -74.00579716199996,4.568449440850014,0 -74.00514164899994,4.570301516849986,0 -74.00506237099995,4.57081162784996,0 -74.00483568199996,4.572232681849897,0 -74.00472211199997,4.572842890849879,0 -74.00457604199994,4.573389112849891,0 -74.00444555599995,4.573781100849865,0 -74.00443941299994,4.574222266849828,0 -74.00442416399994,4.574789277849793,0 -74.00451208999993,4.575341903849775,0 -74.00470988099994,4.575845894849776,0 -74.00496502899995,4.576340008849748,0 -74.00537763499995,4.576712265849777,0 -74.00570423599999,4.577099405849756,0 -74.00596494599995,4.577599382849735,0 -74.00609206499996,4.578181747849673,0 -74.00609176499995,4.578617335849672,0 -74.00594552499996,4.578957274849682,0 -74.00576167999998,4.579422272849644,0 -74.00546949999995,4.57966656084967,0 -74.00514155899998,4.579967125849641,0 -74.00477827899994,4.580306948849627,0 -74.00459194999996,4.5808636118496,0 -74.00447267799996,4.581473607849612,0 -74.00443983199995,4.582057352849567,0 -74.00442522199995,4.582601481849541,0 -74.00447395399993,4.583124367849523,0 -74.00456114399998,4.583493520849518,0 -74.00447133899996,4.583857974849533,0 -74.00451564799994,4.584334885849477,0 -74.00453265999994,4.584765181849509,0 -74.00450733199995,4.585068279849462,0 -74.00441123299998,4.585243327849473,0 -74.00418958299997,4.58541503184949,0 -74.00404319899997,4.585760689849442,0 -74.00389511299994,4.586169340849471,0 -74.00379932299995,4.586545021849438,0 -74.00380192899996,4.586871784849401,0 -74.00373825699995,4.587116542849399,0 -74.00357424999999,4.587266860849409,0 -74.00329460099994,4.587471318849386,0 -74.00305301199995,4.587745628849383,0 -74.00251640199997,4.588373050849401,0 -74.00229931499996,4.588584937849363,0 -74.00198837199997,4.588679714849379,0 -74.00169197699995,4.588866513849379,0 -74.00159682299994,4.589219314849338,0 -74.00173673599994,4.58953833884934,0 -74.00185200099997,4.589925505849312,0 -74.00203337599999,4.590188323849322,0 -74.00232114399995,4.5905342848493,0 -74.00254769799994,4.590815544849301,0 -74.00274503999998,4.591124692849276,0 -74.00279438399997,4.591412624849252,0 -74.00280860299995,4.591733950849255,0 -74.00281970099996,4.592169824849243,0 -74.00272218099997,4.592396496849228,0 -74.00251519299997,4.59244814584923,0 -74.00222610099996,4.59236581184922,0 -74.00183690599994,4.591759167849283,0 -74.00162181099995,4.59170201584927,0 -74.00162682499996,4.591766354849274,0 -74.00163801699995,4.592105056849235,0 -74.00167450199996,4.592543126849238,0 -74.00170990999999,4.592962410849212,0 -74.00022142699999,4.593634345849196,0 -74.00007461199993,4.59353643584918,0 -73.99989834599995,4.593407306849222,0 -73.99979449699998,4.593328325849224,0 -73.99964659699998,4.593247437849219,0 -73.99948436999995,4.593191467849207,0 -73.99932835799996,4.593137270849213,0 -73.99891196999994,4.592993771849225,0 -73.99868355999996,4.59326136984922,0 -73.99803175099998,4.594132121849213,0 -73.99746024399997,4.594993569849156,0 -73.99630438399998,4.596214981849121,0 -73.99609589999994,4.596528089849107,0 -73.99608853899997,4.596547935849095,0 -73.99601670899995,4.596708732849127,0 -73.99580955099998,4.596979962849072,0 -73.99563320399994,4.597233844849098,0 -73.99560160499993,4.597270438849093,0 -73.99559453499995,4.597281055849075,0 -73.99522889699995,4.597409362849082,0 -73.99498855799999,4.597410580849111,0 -73.99491943299995,4.598427430849057,0 -73.99373986399996,4.600524034848965,0 -73.99393840299996,4.602400893848899,0 -73.99446277499999,4.603093092848884,0 -73.99481902999997,4.603685612848865,0 -73.99517377199999,4.604097502848863,0 -73.99538603599996,4.604400641848828,0 -73.99620188999995,4.605437459848838,0 -73.99658258599999,4.605868542848794,0 -73.99654811699997,4.606172409848808,0 -73.99661395599998,4.606263448848779,0 -73.99652272999998,4.606396207848774,0 -73.99650334499995,4.60656709584878,0 -73.99646460999998,4.606562928848792,0 -73.99646352699995,4.606570612848763,0 -73.99645667099998,4.606615446848757,0 -73.99644232799994,4.606712888848782,0 -73.99642104199995,4.606834013848799,0 -73.99637606799996,4.606938590848798,0 -73.99630398099998,4.607030687848784,0 -73.99629262799994,4.607042526848746,0 -73.99616430799995,4.607230429848781,0 -73.99608554899999,4.607352355848732,0 -73.99596714099994,4.60752643084875,0 -73.99552848599996,4.608112817848738,0 -73.99528023299996,4.608444513848714,0 -73.99525464199996,4.608478767848725,0 -73.99482212499998,4.608998715848682,0 -73.99476741199999,4.609149572848667,0 -73.99475929199997,4.60920642884868,0 -73.99473502999996,4.609343733848689,0 -73.99473338799999,4.60944334784871,0 -73.99468879199998,4.609886633848642,0 -73.99467945399994,4.610165227848642,0 -73.99469278299995,4.610605994848676,0 -73.99471870399998,4.611138876848618,0 -73.99472227399997,4.611297067848632,0 -73.99473654799993,4.611528029848613,0 -73.99475521499994,4.611860233848622,0 -73.99472507799999,4.612091908848623,0 -73.99472090999996,4.612205533848599,0 -73.99470639699996,4.612303500848591,0 -73.99472394299994,4.612630677848609,0 -73.99477245599996,4.613164510848551,0 -73.99476530899994,4.61330837984855,0 -73.99476913899997,4.613321826848566,0 -73.99479136099995,4.613455073848566,0 -73.99479016999999,4.613551524848549,0 -73.99479275299996,4.613689557848534,0 -73.99476109999995,4.613845662848561,0 -73.99475370799996,4.613869343848514,0 -73.99474468899996,4.613916979848552,0 -73.99472314499997,4.61397943784855,0 -73.99470313399996,4.614040269848523,0 -73.99467834999996,4.614086093848557,0 -73.99465095199997,4.614143850848541,0 -73.99450997299994,4.614285433848551,0 -73.99452854999998,4.614298057848511,0 -73.99456296599999,4.614302585848545,0 -73.99460300999993,4.614306902848538,0 -73.99464875399997,4.614311009848527,0 -73.99472279399998,4.614308482848531,0 -73.99477437999997,4.614318027848549,0 -73.99482005599998,4.614316414848557,0 -73.99488198799997,4.614329138848538,0 -73.99491492399994,4.61433889384855,0 -73.99495820199996,4.614351613848527,0 -73.99499261699998,4.614356140848507,0 -73.99505032399998,4.614376844848517,0 -73.99508508599996,4.614392812848529,0 -73.99511380199993,4.614397622848535,0 -73.99514272299996,4.614407869848514,0 -73.99517748699998,4.614423837848526,0 -73.99520661999998,4.614439945848537,0 -73.99523540399997,4.614450332848512,0 -73.99529846199994,4.614459527848533,0 -73.99532766699997,4.614475635848542,0 -73.99536200899996,4.614480161848536,0 -73.99539072299996,4.614484759848514,0 -73.99541985599996,4.614501008848507,0 -73.99544870999995,4.614511324848498,0 -73.99548917299995,4.614527011848523,0 -73.99551830799999,4.61454311984854,0 -73.99554715999994,4.614553507848505,0 -73.99560535699999,4.614585721848543,0 -73.99564589099998,4.614601340848497,0 -73.99567495499997,4.614617589848493,0 -73.99570380799997,4.614627835848535,0 -73.99573301099997,4.614644084848538,0 -73.99576749299996,4.614654191848514,0 -73.99581372899996,4.614669738848495,0 -73.99585426599998,4.614685425848519,0 -73.99591141199994,4.614689109848486,0 -73.99595715699996,4.614693217848543,0 -73.99601437499996,4.614696970848526,0 -73.99610670499999,4.614727993848491,0 -73.99614167799996,4.614749540848502,0 -73.99617039499998,4.614754279848515,0 -73.99619924699994,4.614764666848496,0 -73.99623386899998,4.614774843848532,0 -73.99626293199998,4.614790950848501,0 -73.99629143699997,4.614789968848537,0 -73.99633169099997,4.614800007848497,0 -73.99644000499995,4.614796287848498,0 -73.99647997999995,4.614800532848511,0 -73.99658815299995,4.614796815848487,0 -73.99661602799995,4.614778741848516,0 -73.99664445999997,4.614777759848502,0 -73.99669590699995,4.614781725848515,0 -73.99676431399996,4.614779340848495,0 -73.99679886899997,4.614789587848533,0 -73.99689564099998,4.614786219848508,0 -73.99693033499994,4.6147963958485,0 -73.99695869899995,4.614795343848538,0 -73.99699874299995,4.614799731848513,0 -73.99702766699994,4.614810117848498,0 -73.99708495199997,4.614819523848501,0 -73.99718179799999,4.614816155848538,0 -73.99721043899996,4.614820891848527,0 -73.99723950299995,4.614831349848495,0 -73.99726814799999,4.614836017848529,0 -73.99733071499998,4.6148338428485,0 -73.99736512899995,4.614838369848489,0 -73.99742206599996,4.614836406848506,0 -73.99747942099998,4.614845811848515,0 -73.99753107799995,4.614855426848528,0 -73.99757703399996,4.614865181848534,0 -73.99760616799995,4.614881287848504,0 -73.99764037199998,4.614880166848484,0 -73.99769772899998,4.614889571848504,0 -73.99776690799996,4.614909925848512,0 -73.99780737099996,4.614925613848527,0 -73.99785290699998,4.61492413984849,0 -73.99794460899994,4.614937931848494,0 -73.99799105299996,4.614959198848517,0 -73.99801990499998,4.614969586848532,0 -73.99806663199996,4.614996502848502,0 -73.99809541599996,4.615006888848484,0 -73.99812412999995,4.615011555848533,0 -73.99819246799996,4.615009241848499,0 -73.99822111099996,4.615013979848531,0 -73.99825580399994,4.615024155848519,0 -73.99828979799997,4.615023033848509,0 -73.99832470399997,4.61503886084853,0 -73.99837593999996,4.615037105848508,0 -73.99841070499997,4.61505307384852,0 -73.99844532799995,4.615063180848495,0 -73.99852625699998,4.615094553848505,0 -73.99856088199994,4.615104801848528,0 -73.99860120699998,4.615114767848523,0 -73.99864737199994,4.615130314848499,0 -73.99867601599993,4.615134980848489,0 -73.99872816099997,4.615155967848525,0 -73.99878509899997,4.615154001848508,0 -73.99883696599994,4.615169267848495,0 -73.99886546799996,4.615168426848525,0 -73.99889988299998,4.615172811848478,0 -73.99893387599997,4.615171689848516,0 -73.99900291499995,4.615186392848497,0 -73.99903712099996,4.615185129848496,0 -73.99906576299998,4.615189937848526,0 -73.99912902899996,4.615204782848473,0 -73.99915760499994,4.615203800848517,0 -73.99919187899997,4.615208327848507,0 -73.99922066199997,4.615213063848494,0 -73.99928323099994,4.615210888848472,0 -73.99931208399994,4.615221275848508,0 -73.99935810799997,4.615231173848477,0 -73.99938689099997,4.615241489848522,0 -73.99943298699998,4.615251315848515,0 -73.99946225999997,4.615273144848503,0 -73.99949076399997,4.615272092848498,0 -73.99951940699998,4.615276828848486,0 -73.99954832999998,4.615287216848505,0 -73.99959407799997,4.615291321848526,0 -73.99963453999999,4.615307079848487,0 -73.99967444699996,4.615305675848496,0 -73.99970329999996,4.615316134848503,0 -73.99973750299995,4.615314871848502,0 -73.99980056099997,4.615324064848485,0 -73.99984651699998,4.6153338188485,0 -73.99988698199996,4.615349578848496,0 -73.99992702599997,4.615353964848501,0 -73.99995094899998,4.615381581848501,0 -73.99998634399998,4.615414570848474,0 -74.00000449499998,4.615442326848482,0 -74.00006353099997,4.615497355848488,0 -74.00009217499996,4.615502162848469,0 -74.00012700899998,4.615517990848493,0 -74.00016747499996,4.615533676848474,0 -74.00020188899998,4.615538204848499,0 -74.00024228199999,4.615553890848489,0 -74.00029442999994,4.615574874848484,0 -74.00032356299994,4.615590913848486,0 -74.00034636699996,4.61559021184847,0 -74.00039823099996,4.615605547848508,0 -74.00044981699995,4.615615092848468,0 -74.00050724599998,4.615624497848479,0 -74.00054179999995,4.615634744848462,0 -74.00060485799997,4.615644010848464,0 -74.00114586399997,4.615625198848457,0 -74.00117450799996,4.615629937848474,0 -74.00120920299997,4.615640113848471,0 -74.00139697599997,4.615633656848481,0 -74.00146580399996,4.615642639848478,0 -74.00154089299997,4.615668573848479,0 -74.00156932899995,4.615667591848458,0 -74.00159804199996,4.61567233084848,0 -74.00162689499996,4.615682716848457,0 -74.00167313099996,4.615698191848466,0 -74.00170156299998,4.615697209848497,0 -74.00174181799997,4.615707104848503,0 -74.00177644299998,4.615717423848454,0 -74.00180487699998,4.615716441848498,0 -74.00184040999994,4.61574942884849,0 -74.00187503399997,4.615765253848485,0 -74.00189895699998,4.615792942848461,0 -74.00192780899994,4.615803330848482,0 -74.00196897599994,4.615836105848506,0 -74.00199789999994,4.615846565848505,0 -74.00203899399997,4.615879341848459,0 -74.00206791699998,4.615889729848479,0 -74.00210281999995,4.615911204848461,0 -74.00212590299998,4.615916223848471,0 -74.00216650799996,4.615937561848489,0 -74.00219592099995,4.615959459848487,0 -74.00223110599995,4.615986654848454,0 -74.00227768999997,4.616013570848479,0 -74.00231273499998,4.616035118848481,0 -74.00235361899996,4.61606224584849,0 -74.00238803399998,4.616066702848483,0 -74.00242258899993,4.616077019848461,0 -74.00246333399997,4.616098216848483,0 -74.00254996399997,4.616129518848449,0 -74.00256748599998,4.616140326848461,0 -74.00260189899996,4.616144853848446,0 -74.00264215499999,4.616154751848478,0 -74.00268832099994,4.616170367848455,0 -74.00272885599998,4.616186053848446,0 -74.00277515999994,4.61620724884849,0 -74.00282737799995,4.616228234848467,0 -74.00286735099996,4.616232549848478,0 -74.00290830499995,4.616259607848486,0 -74.00293757999998,4.616281364848434,0 -74.00297811499996,4.616297121848467,0 -74.00301259999998,4.616307298848445,0 -74.00305869599998,4.616317124848434,0 -74.00309366999994,4.616338670848466,0 -74.00312850299997,4.616354567848489,0 -74.00316305699994,4.616364814848467,0 -74.00321471399997,4.61637450084847,0 -74.00324933999997,4.616384606848455,0 -74.00330050399998,4.616382923848468,0 -74.00332942799997,4.616393238848462,0 -74.00335793099998,4.616392187848432,0 -74.00339283599999,4.616413804848447,0 -74.00342203899999,4.616429911848468,0 -74.00345701299995,4.616451527848439,0 -74.00348614699993,4.616467635848448,0 -74.00352098199994,4.616483533848461,0 -74.00357235599995,4.616487426848447,0 -74.00360149099998,4.616503534848461,0 -74.00363604599994,4.616513641848433,0 -74.00367045999997,4.616518167848435,0 -74.00374449799995,4.616515712848476,0 -74.00378405399994,4.616508589848432,0 -74.00394360499996,4.616503043848482,0 -74.00397161899997,4.616490691848478,0 -74.00415953099997,4.616484232848462,0 -74.00419922599997,4.61647710984847,0 -74.00425025499999,4.616469703848465,0 -74.00441529399995,4.616463948848443,0 -74.00444372799996,4.616457315848447,0 -74.00448349399994,4.61645591184846,0 -74.00451178799995,4.616449208848463,0 -74.00454592099999,4.616448086848442,0 -74.00457372299996,4.61643001284848,0 -74.00463052299995,4.616422327848468,0 -74.00474271799999,4.616372774848469,0 -74.00479353399999,4.61635972084845,0 -74.00483315799994,4.616352595848485,0 -74.00486145299999,4.616345965848453,0 -74.00491205799995,4.616327117848491,0 -74.00493986299995,4.616309046848492,0 -74.00500799099996,4.616301010848494,0 -74.00504198699997,4.616294167848444,0 -74.00507020799995,4.616287461848475,0 -74.00512102599998,4.616274268848451,0 -74.00518859499994,4.616249139848452,0 -74.00527868599994,4.616217523848457,0 -74.00531803299998,4.616204817848447,0 -74.00538553099994,4.616179549848448,0 -74.00541333599995,4.616161478848443,0 -74.00546352099997,4.616131334848459,0 -74.00549730599994,4.616118768848447,0 -74.00554179099998,4.616088765848495,0 -74.00557508599996,4.616064761848484,0 -74.00560274899993,4.616041038848459,0 -74.00563625499996,4.616022683848453,0 -74.00567490099996,4.615987310848449,0 -74.00570840299997,4.6159689558485,0 -74.00575267999994,4.615933231848458,0 -74.00579132599995,4.615897717848468,0 -74.00584214299994,4.615884662848459,0 -74.00585249399995,4.615855710848481,0 -74.00588008799997,4.615832058848501,0 -74.00591387199995,4.615819353848482,0 -74.00595849699994,4.615795068848493,0 -74.00598066999999,4.615777206848497,0 -74.00600868299995,4.615764782848459,0 -74.00604837899994,4.615757729848474,0 -74.00610447799994,4.615733022848506,0 -74.00613277099995,4.615726320848505,0 -74.00618970899995,4.615724356848464,0 -74.00621772199997,4.615711933848483,0 -74.00625171499996,4.61570508784846,0 -74.00628000999995,4.615698384848462,0 -74.00635967899996,4.615695647848474,0 -74.00639909399996,4.615683014848496,0 -74.00675218899994,4.615670799848462,0 -74.00679223299994,4.615675044848484,0 -74.00682094799998,4.615679713848505,0 -74.00685529099997,4.615684240848489,0 -74.00688414399997,4.615694626848473,0 -74.00695339499998,4.615714980848495,0 -74.00698752799997,4.61571385784848,0 -74.00702194199994,4.61571838484847,0 -74.00709021099993,4.615716068848458,0 -74.00712990699998,4.615708872848512,0 -74.00716404099995,4.61570775084849,0 -74.00719803599998,4.615700836848459,0 -74.00722604799995,4.615688482848477,0 -74.00726588399993,4.615687147848498,0 -74.00729417799994,4.615680445848489,0 -74.00732219099996,4.615668094848477,0 -74.00736737599993,4.61565510784849,0 -74.00739538899995,4.615642755848492,0 -74.00742896499997,4.615624472848458,0 -74.00745676699995,4.615606397848505,0 -74.00749104399995,4.615605275848491,0 -74.00753608799994,4.615592290848479,0 -74.00756430999996,4.615585588848466,0 -74.00762694999997,4.615583411848471,0 -74.00767283499994,4.615587586848484,0 -74.00773603199997,4.615602571848489,0 -74.00778177999996,4.615606605848464,0 -74.00782161499995,4.615605202848473,0 -74.00785053699997,4.615615589848499,0 -74.00789079099997,4.615625626848486,0 -74.00792541699997,4.615635873848461,0 -74.00796609099996,4.615657208848496,0 -74.00800592599995,4.615655805848496,0 -74.00804646099994,4.61567156184848,0 -74.00807531399994,4.615681948848455,0 -74.00810973099993,4.615686405848504,0 -74.00814998499999,4.615696440848502,0 -74.00821332199996,4.615711353848477,0 -74.00824217699994,4.61572181184849,0 -74.00827701099996,4.615737638848465,0 -74.00830628299997,4.615759395848476,0 -74.00833513699996,4.615769926848464,0 -74.00837018099998,4.615791400848449,0 -74.00840494699997,4.615807296848489,0 -74.00843386999998,4.615817613848466,0 -74.00846286399997,4.615833861848476,0 -74.00850958699993,4.615860708848486,0 -74.00854498399997,4.615893624848502,0 -74.00857432699996,4.615915452848498,0 -74.00860971999998,4.615948509848492,0 -74.00862787099999,4.61597626684849,0 -74.00865714699995,4.615998094848494,0 -74.00870380199996,4.616024940848457,0 -74.00873307499995,4.616046767848466,0 -74.00876262999998,4.616074244848475,0 -74.00880337399997,4.616095581848493,0 -74.00883264799995,4.616117407848453,0 -74.00886220199999,4.616144887848486,0 -74.00889147399994,4.616166643848453,0 -74.00891546799994,4.616200050848431,0 -74.00894439199999,4.616210438848459,0 -74.00898555499998,4.61624321484847,0 -74.00902060099997,4.616264761848492,0 -74.00904987299998,4.616286520848477,0 -74.00908477899998,4.616302487848444,0 -74.00912580399995,4.616335190848491,0 -74.00913741499994,4.616340562848467,0 -74.00916689799999,4.616367898848476,0 -74.00921925499995,4.616394673848466,0 -74.00924852999998,4.616416501848461,0 -74.00928990399996,4.616454926848479,0 -74.00932473799998,4.616470824848435,0 -74.00934907999994,4.616515602848448,0 -74.00937314299995,4.616548939848441,0 -74.00939699699995,4.616576627848479,0 -74.00942675999994,4.616609755848463,0 -74.00945631399998,4.616637304848442,0 -74.00948030599994,4.616670640848445,0 -74.00951507099995,4.616686539848454,0 -74.00954434299996,4.616708224848431,0 -74.00957987999993,4.616741282848469,0 -74.00962076499997,4.616768407848445,0 -74.00965010699997,4.616790166848427,0 -74.00968508299997,4.616811713848453,0 -74.00971400499998,4.616822100848426,0 -74.00976037999999,4.616843225848472,0 -74.00980126499996,4.616870350848445,0 -74.00984201099999,4.616891828848452,0 -74.00987677399996,4.616907724848434,0 -74.00998057899994,4.616938323848444,0 -74.01001541399995,4.616954220848463,0 -74.01004996799998,4.616964468848433,0 -74.01009634199994,4.616985593848427,0 -74.01015961199994,4.617000508848433,0 -74.01020007599993,4.617016193848424,0 -74.01023448999996,4.61702072084847,0 -74.01031479099998,4.617035000848428,0 -74.01035469599998,4.617033666848436,0 -74.01038291999998,4.617026963848438,0 -74.01041670299998,4.617014399848463,0 -74.01047850299994,4.616989482848449,0 -74.01053543799998,4.616987517848422,0 -74.01056408299996,4.616992184848464,0 -74.01060461799995,4.617007870848449,0 -74.01064487299993,4.617017908848418,0 -74.01067928699996,4.617022433848426,0 -74.01071426299995,4.617043909848453,0 -74.01074867699998,4.617048434848466,0 -74.01080666299998,4.617075000848433,0 -74.01083530699998,4.617079736848432,0 -74.01088189399997,4.617106654848433,0 -74.01091644699994,4.617116830848423,0 -74.01095184099995,4.617149745848439,0 -74.01098104599998,4.61716585284846,0 -74.01102227999996,4.617204349848455,0 -74.01105211599997,4.617237477848432,0 -74.01108166799997,4.61726495384845,0 -74.01112276299995,4.617297732848428,0 -74.01115864799993,4.617342088848413,0 -74.01117680099998,4.617369987848447,0 -74.01120058399994,4.617397674848442,0 -74.01123772799997,4.61747614184842,0 -74.01125601899997,4.617509690848438,0 -74.01126276999997,4.617537939848415,0 -74.01129246499994,4.617571137848448,0 -74.01129949499995,4.617605107848394,0 -74.01131764799999,4.617633008848405,0 -74.01133614899999,4.617672204848445,0 -74.01136000099996,4.617699892848433,0 -74.01136675299995,4.617728212848391,0 -74.01137308499995,4.617745020848444,0 -74.01139714799996,4.617778429848415,0 -74.01139777699996,4.617795521848417,0 -74.01142155899998,4.617823137848426,0 -74.01145702499997,4.617856125848419,0 -74.01149178899993,4.617872021848393,0 -74.01153295399996,4.617904868848397,0 -74.01156222799995,4.617926555848401,0 -74.01159178099994,4.617954032848401,0 -74.01163815599995,4.617975157848392,0 -74.01166750099998,4.617997054848408,0 -74.01173793999999,4.618051588848415,0 -74.01176721499996,4.618073417848408,0 -74.01180274899997,4.6181062608484,0 -74.01187290699994,4.618155215848406,0 -74.01190809199994,4.618182552848404,0 -74.01196670999997,4.618226066848373,0 -74.01200175399998,4.618247613848388,0 -74.01204207799998,4.618257650848372,0 -74.01207114299996,4.618273757848395,0 -74.01211772999994,4.61830060184838,0 -74.01212363899998,4.618306112848431,0 -74.01215256299997,4.618316499848397,0 -74.01223370399998,4.618353589848373,0 -74.01226283799997,4.618369696848396,0 -74.01229176199996,4.618380085848406,0 -74.01232631599999,4.618390332848384,0 -74.01236073099994,4.618394786848402,0 -74.01238958299996,4.61840524584841,0 -74.01242378899997,4.618404121848413,0 -74.01245855199994,4.6184199478484,0 -74.01250436899994,4.618424052848416,0 -74.01253322299993,4.618434510848374,0 -74.01257305699994,4.618433035848405,0 -74.01260747299995,4.618437562848389,0 -74.01267664999995,4.618457985848412,0 -74.01270578599997,4.618474092848376,0 -74.01273463899997,4.618484480848395,0 -74.01277510299997,4.618500165848388,0 -74.01280937799999,4.618498971848403,0 -74.01284998399996,4.618520447848372,0 -74.01287306699999,4.618525183848364,0 -74.01290205899994,4.618541432848421,0 -74.01293077299994,4.618546098848417,0 -74.01295962999995,4.618556485848382,0 -74.01298876199996,4.618572593848395,0 -74.01302352399995,4.618588490848365,0 -74.01305244999998,4.618598947848397,0 -74.01309291499996,4.61861456484837,0 -74.01312774999997,4.618630459848358,0 -74.01316779599995,4.618634776848404,0 -74.01320221099996,4.618639301848416,0 -74.01343565899998,4.618631297848367,0 -74.01352589199996,4.618605256848412,0 -74.01356009699998,4.618604062848355,0 -74.01358810899995,4.618591710848367,0 -74.01370768599998,4.618587565848372,0 -74.01373597999998,4.618581003848367,0 -74.01378637599998,4.618556367848385,0 -74.01381487899994,4.618555384848375,0 -74.01385971499997,4.618536678848383,0 -74.01388800899997,4.618530045848388,0 -74.01392214399993,4.618528851848397,0 -74.01395022599996,4.618516499848393,0 -74.01399478299999,4.618486495848405,0 -74.01402849699997,4.618473931848377,0 -74.01406749299997,4.618449714848401,0 -74.01410127599996,4.618437150848369,0 -74.01412914999997,4.618419148848382,0 -74.01416202499996,4.61838370284841,0 -74.01421221099997,4.618353557848375,0 -74.01425120599998,4.618329413848419,0 -74.01427865899996,4.618299968848377,0 -74.01430667199998,4.618287545848378,0 -74.01432884399998,4.618269753848392,0 -74.01436213899996,4.618245749848377,0 -74.01438980399996,4.61822202684841,0 -74.01442267699997,4.618186652848426,0 -74.01445034199998,4.618162929848394,0 -74.01448363699996,4.61813899484839,0 -74.01455494499999,4.618062386848419,0 -74.01458802899998,4.618032801848434,0 -74.01460957299997,4.617997850848399,0 -74.01464244599998,4.617962474848435,0 -74.01466996999994,4.617938752848392,0 -74.01469728199999,4.617903587848405,0 -74.01473015799996,4.617868356848385,0 -74.01476373099996,4.617849999848398,0 -74.01479660599995,4.617814767848437,0 -74.01482377999997,4.61777960384839,0 -74.01485714399996,4.617755598848387,0 -74.01488410699994,4.617714785848385,0 -74.01491156099996,4.617685340848404,0 -74.01493915299994,4.61766154984841,0 -74.01496069599995,4.617626594848421,0 -74.01499273099995,4.617568478848434,0 -74.01500850299993,4.617533737848396,0 -74.01501364199999,4.617516505848452,0 -74.01505665999997,4.617446600848417,0 -74.01507208099997,4.61740048884841,0 -74.01509271299994,4.617342866848424,0 -74.01510876499998,4.617313703848412,0 -74.01511869699993,4.617273451848452,0 -74.01514016999994,4.617238568848435,0 -74.01515579999995,4.617198106848421,0 -74.01517727299995,4.617163151848436,0 -74.01521416899999,4.617082088848457,0 -74.01525176299998,4.617018111848429,0 -74.01527351599998,4.616988879848456,0 -74.01530068999995,4.616953715848457,0 -74.01531674199998,4.61692462384843,0 -74.01532209199996,4.616913042848462,0 -74.01534933399995,4.616883598848458,0 -74.01536503699998,4.616843206848441,0 -74.01539200099995,4.616802466848473,0 -74.01540742199995,4.616756212848435,0 -74.01541777199998,4.616727398848467,0 -74.01543903699996,4.616686726848463,0 -74.01544938799998,4.616657914848474,0 -74.01549282199994,4.616599450848473,0 -74.01554661099993,4.616512032848462,0 -74.01556773199997,4.616465779848471,0 -74.01559976499993,4.616407593848479,0 -74.01562130899998,4.616372640848472,0 -74.01567523399996,4.616291014848472,0 -74.01568558599996,4.616262132848437,0 -74.01571859999996,4.616226827848453,0 -74.01575014499997,4.61615734384846,0 -74.01577689799996,4.616110809848483,0 -74.01581505099995,4.616063924848469,0 -74.01582547399994,4.616035044848473,0 -74.01585264499994,4.61599987984849,0 -74.01589671099998,4.615958505848454,0 -74.01591276299996,4.615929410848455,0 -74.01596273999996,4.615893475848483,0 -74.01600117599997,4.615852241848507,0 -74.01602897799995,4.615834238848469,0 -74.01608514499998,4.615809460848459,0 -74.01612406899994,4.615785244848473,0 -74.01615736399998,4.615761381848503,0 -74.01621762099995,4.615696493848509,0 -74.01625000499996,4.61564416984849,0 -74.01631103399995,4.615596441848468,0 -74.01633264599997,4.615567208848504,0 -74.01634299599993,4.615538325848477,0 -74.01638657099994,4.615485582848512,0 -74.01642528699995,4.61544999684848,0 -74.01644696799997,4.615420765848501,0 -74.01645766999997,4.615403322848509,0 -74.01651869799997,4.615355594848482,0 -74.01655206199996,4.615331662848512,0 -74.01658556499996,4.61531344684851,0 -74.01661885899995,4.6152894428485,0 -74.01665257299999,4.615276878848467,0 -74.01668593899996,4.61525294384852,0 -74.01671972299994,4.615240379848502,0 -74.01678103099994,4.61520395184851,0 -74.01680869399996,4.615180300848518,0 -74.01683691799997,4.615173597848524,0 -74.01693729099998,4.615113164848474,0 -74.01697635299996,4.61508902084853,0 -74.01702076999999,4.615058943848511,0 -74.01706616599995,4.615051747848496,0 -74.01710564999996,4.615038903848529,0 -74.01713366399997,4.615026550848484,0 -74.01722263299996,4.614966540848523,0 -74.01725599699995,4.614942536848511,0 -74.01728408299994,4.614930181848478,0 -74.01731167599996,4.614906389848508,0 -74.01735616099995,4.614876383848532,0 -74.01738403399997,4.614858308848516,0 -74.01741697799997,4.614822934848524,0 -74.01747265599994,4.614786857848523,0 -74.01751609099995,4.614728321848548,0 -74.01754368399997,4.61470459884852,0 -74.01758837699998,4.614680243848519,0 -74.01760985099997,4.614645290848516,0 -74.01765447699995,4.61461535584853,0 -74.01771578399996,4.614578927848544,0 -74.01774379699998,4.614566644848496,0 -74.01778237299999,4.61453113084851,0 -74.01781024699994,4.614513055848497,0 -74.01782136699995,4.614506912848545,0 -74.01786571299994,4.614471187848513,0 -74.01791610799995,4.614446621848531,0 -74.01794968299998,4.614428337848518,0 -74.01798909699994,4.614415633848547,0 -74.01801732199993,4.6144089298485,0 -74.01805680499996,4.614396226848524,0 -74.01809002899995,4.614372221848516,0 -74.01811846299995,4.61436558884852,0 -74.01815182699994,4.6143473048485,0 -74.01819180299998,4.614345899848528,0 -74.01823705699996,4.614338633848517,0 -74.01827063099995,4.614320420848538,0 -74.01830441599998,4.614307716848513,0 -74.01833284999998,4.614306870848535,0 -74.01841702899998,4.614269741848517,0 -74.01845116399994,4.614268546848532,0 -74.01847903799995,4.614250475848535,0 -74.01854723399998,4.614248157848549,0 -74.01857538799999,4.614235733848515,0 -74.01864372799997,4.614233344848544,0 -74.01868335099994,4.614226289848519,0 -74.01871713599996,4.614213725848541,0 -74.01886521599994,4.614208598848537,0 -74.01889913799994,4.614201755848541,0 -74.01892764299998,4.614200772848541,0 -74.01897289799996,4.614193435848534,0 -74.01908114299994,4.614189713848561,0 -74.01912055699995,4.614176939848535,0 -74.01918319299995,4.614174761848552,0 -74.01921148699995,4.614168199848538,0 -74.01925069199996,4.614149633848546,0 -74.01928433499995,4.61413707084856,0 -74.01931860999997,4.614135945848515,0 -74.01936921499998,4.614117029848527,0 -74.01940306999995,4.614110184848557,0 -74.01944262499995,4.614097410848534,0 -74.01948245999995,4.614096075848554,0 -74.01952180399996,4.614083372848519,0 -74.01956171099994,4.614081896848548,0 -74.01960105499995,4.614063471848545,0 -74.01969789599997,4.614060169848558,0 -74.01972604999997,4.614053396848516,0 -74.01976032499994,4.614052201848533,0 -74.01979987899995,4.614045146848555,0 -74.02023264399998,4.614030114848537,0 -74.02027226699994,4.614023131848547,0 -74.02031217399997,4.614021728848552,0 -74.02035728699997,4.614008742848544,0 -74.02044272999996,4.61400579184855,0 -74.02047074199999,4.613993368848559,0 -74.02054477999997,4.613990909848527,0 -74.02057870599998,4.613983995848553,0 -74.02077232099998,4.613977391848529,0 -74.02082595199994,4.613958333848564,0 -74.02102224199996,4.613951592848518,0 -74.02107805599996,4.613921094848514,0 -74.02123753699993,4.613915616848526,0 -74.02130503399997,4.613890487848531,0 -74.02133360899995,4.613889502848545,0 -74.02136162099998,4.613877150848552,0 -74.02140103599999,4.613864375848534,0 -74.02143496099995,4.613857460848559,0 -74.02145734199996,4.613845318848554,0 -74.02148570699995,4.613844334848562,0 -74.02152505099997,4.613825839848556,0 -74.02155348399998,4.61382485684855,0 -74.02159282899999,4.613812152848523,0 -74.02164948499995,4.613798746848534,0 -74.02177461899998,4.613794531848542,0 -74.02180931699996,4.61380463784853,0 -74.02184365999994,4.613809162848535,0 -74.02188968699994,4.613818915848566,0 -74.02192424099997,4.613829161848553,0 -74.02195274299999,4.613828178848552,0 -74.02198750799994,4.613844074848524,0 -74.02202171299996,4.613842881848523,0 -74.02206175699996,4.613847196848537,0 -74.02209033099996,4.613846141848555,0 -74.02213030499996,4.613850529848527,0 -74.02217055999995,4.613860494848534,0 -74.02218815499998,4.613871301848556,0 -74.02224508999996,4.613869333848567,0 -74.02227950599996,4.613873859848562,0 -74.02231926999997,4.613872454848532,0 -74.02235952499996,4.613882492848561,0 -74.02239414999997,4.61389266584852,0 -74.02242300399996,4.613903124848531,0 -74.02245783799998,4.613918950848571,0 -74.02251033399995,4.61395137484855,0 -74.02253988999996,4.613978851848551,0 -74.02256367299998,4.614006468848555,0 -74.02260483699996,4.614039243848516,0 -74.02263425199999,4.614066719848524,0 -74.02267527599997,4.614093845848547,0 -74.02270455099995,4.614115603848551,0 -74.02273910499997,4.614125779848536,0 -74.02276802999995,4.614136164848535,0 -74.02279716299995,4.614152271848558,0 -74.02284902899999,4.614167604848515,0 -74.02287837299997,4.614189363848514,0 -74.02291334699999,4.614210979848537,0 -74.02293643099995,4.614215856848516,0 -74.02296605399994,4.614249052848525,0 -74.02301834199994,4.614275685848523,0 -74.02305310499997,4.614291652848539,0 -74.02308842999997,4.614318919848551,0 -74.02312291599998,4.614329096848531,0 -74.02315197899998,4.614339482848515,0 -74.02318646299994,4.614349728848509,0 -74.02321517699994,4.614354394848505,0 -74.02325578299997,4.614375801848519,0 -74.02328435699997,4.614374818848511,0 -74.02331320899998,4.614385273848509,0 -74.02334178399997,4.614384218848523,0 -74.02339357899996,4.614399553848521,0 -74.02346359899997,4.614442785848514,0 -74.02348696199994,4.614458963848524,0 -74.02352791799996,4.614486090848533,0 -74.02357999399999,4.614507071848513,0 -74.02363819099997,4.61453921684854,0 -74.02367281799997,4.614549462848535,0 -74.02370758199999,4.614565357848522,0 -74.02377676299994,4.614585852848519,0 -74.02384509899997,4.61458339184851,0 -74.02387958399999,4.614593495848523,0 -74.02390878899996,4.614609743848535,0 -74.02394967199996,4.614636729848496,0 -74.02398471799995,4.614658346848516,0 -74.02400878099996,4.614691683848504,0 -74.02403847399995,4.614724880848501,0 -74.02407415099998,4.614763515848502,0 -74.02410314299993,4.614779622848521,0 -74.02412136699996,4.614807521848498,0 -74.02422699099998,4.614889390848535,0 -74.02426203699997,4.61491093584852,0 -74.02429159099995,4.614938483848512,0 -74.02432135499998,4.614971539848518,0 -74.02434534899999,4.615004876848504,0 -74.02438074299994,4.615037933848506,0 -74.02440466699994,4.615065549848508,0 -74.02446279299994,4.615097763848493,0 -74.02449234899996,4.615125241848492,0 -74.02452197299993,4.615158368848484,0 -74.02454040499998,4.615191985848527,0 -74.02460556599993,4.615258028848516,0 -74.02462941899995,4.615285785848524,0 -74.02466509199996,4.615324421848516,0 -74.02467747599997,4.615352531848476,0 -74.02470702999995,4.615380009848464,0 -74.02472539199994,4.615413557848503,0 -74.02474938599994,4.615446894848493,0 -74.02477893999998,4.615474371848497,0 -74.02480279299994,4.615502058848486,0 -74.02482080599998,4.615530028848507,0 -74.02483923699998,4.615563575848492,0 -74.02487449399996,4.615590770848465,0 -74.02489285799999,4.615624319848489,0 -74.02495780699996,4.615684782848498,0 -74.02497595899996,4.615712609848492,0 -74.02500586299993,4.615751527848473,0 -74.02502999799998,4.615784864848461,0 -74.02504800899999,4.615812763848487,0 -74.02506066999996,4.615846521848461,0 -74.02507312299997,4.615874562848467,0 -74.02508599699996,4.615914040848472,0 -74.02511124799997,4.615981558848458,0 -74.02512947199995,4.616009386848503,0 -74.02514206499995,4.616043144848474,0 -74.02516014699995,4.616071045848486,0 -74.02517266999996,4.616099082848476,0 -74.02517878999998,4.616110310848478,0 -74.02521509599995,4.616165967848495,0 -74.02523908999996,4.616199375848469,0 -74.02529812799997,4.616254329848474,0 -74.02532726199996,4.616270436848447,0 -74.02536230699997,4.616291910848497,0 -74.02539109099996,4.616302438848452,0 -74.02542029599994,4.616318475848479,0 -74.02544914899994,4.616328932848448,0 -74.02548419499993,4.616350477848489,0 -74.02551367699994,4.616377955848479,0 -74.02554295299996,4.616399710848458,0 -74.02557820699997,4.616427046848472,0 -74.02560727099996,4.616443153848432,0 -74.02565434699994,4.616481368848452,0 -74.02568306099994,4.616486106848483,0 -74.02572352799996,4.616501791848472,0 -74.02575857199997,4.616523405848465,0 -74.02578805499996,4.616550883848458,0 -74.02579966699994,4.616556180848436,0 -74.02582373199994,4.616589520848438,0 -74.02585300499999,4.616611274848434,0 -74.02589438299998,4.61664970184848,0 -74.02592365499999,4.616671528848436,0 -74.02594096699994,4.61667661584846,0 -74.02598150299997,4.616692442848441,0 -74.02604012099994,4.616735884848424,0 -74.02609282799995,4.616773958848455,0 -74.02612168199994,4.616784344848442,0 -74.02615672699994,4.616805961848454,0 -74.02618558099994,4.61681634784844,0 -74.02622653899994,4.616843471848427,0 -74.02626700199994,4.616859157848467,0 -74.02636531599995,4.616895615848414,0 -74.02640599099993,4.616917020848461,0 -74.02644124699998,4.61694421684842,0 -74.02648741299998,4.616959832848463,0 -74.02652217799994,4.616975727848451,0 -74.02655680299995,4.616985904848429,0 -74.02659156699997,4.617001729848417,0 -74.02662049099996,4.617012184848411,0 -74.02666137699998,4.617039170848433,0 -74.02668459799997,4.617049837848466,0 -74.02671957499996,4.617071455848467,0 -74.02674891799995,4.617093210848443,0 -74.02678438299995,4.617126198848428,0 -74.02682484899998,4.617141883848424,0 -74.02685996399998,4.617169146848418,0 -74.02691872199995,4.617212732848421,0 -74.02694813699998,4.617240207848442,0 -74.02695981999995,4.617245506848452,0 -74.02699486199998,4.617267121848428,0 -74.02703574899994,4.617294178848442,0 -74.02706481399997,4.617310285848397,0 -74.02709964799999,4.617326180848452,0 -74.02712829199999,4.617330776848449,0 -74.02716945899994,4.617363620848421,0 -74.02719831199994,4.617374148848434,0 -74.02723293599996,4.617384253848442,0 -74.02726770099997,4.617400150848406,0 -74.02730844799999,4.617421625848445,0 -74.02734300199995,4.617431729848398,0 -74.02737213499995,4.617447836848418,0 -74.02740648099996,4.617452363848409,0 -74.02744722499995,4.617473698848451,0 -74.02748178099995,4.617483873848455,0 -74.02751091599998,4.617500121848397,0 -74.02754546999995,4.617510225848413,0 -74.02757439399994,4.61752061284845,0 -74.02760978799995,4.617553598848453,0 -74.02763850199995,4.617558264848442,0 -74.02768557899998,4.617596549848407,0 -74.02771506199997,4.617624026848412,0 -74.02775066799995,4.617662733848392,0 -74.02776889199998,4.617690630848438,0 -74.02779816799995,4.617712388848441,0 -74.02782187899999,4.617739933848411,0 -74.02785720399999,4.61776727084842,0 -74.02788619899997,4.617783377848435,0 -74.02791589299994,4.617810853848393,0 -74.02795037799996,4.61782110084843,0 -74.02799133299999,4.6178482258484,0 -74.02802046899996,4.617864260848393,0 -74.02806135299994,4.617891317848397,0 -74.02809027899997,4.617901704848427,0 -74.02811829099994,4.617889349848411,0 -74.02817459799996,4.617870290848397,0 -74.02821887399995,4.617834563848383,0 -74.02824716699996,4.617827933848417,0 -74.02827496899994,4.617809857848413,0 -74.02831375399995,4.617779990848389,0 -74.02835894099996,4.617767005848436,0 -74.02838695299994,4.6177545818484,0 -74.02846522099998,4.617712081848398,0 -74.02849260599999,4.617682707848449,0 -74.02852638999997,4.617670003848414,0 -74.02855349099997,4.617634837848444,0 -74.02858692599995,4.617611044848423,0 -74.02864232199994,4.617569104848402,0 -74.02867040599995,4.617556822848407,0 -74.02870313999995,4.61751572784843,0 -74.02874192399997,4.617485860848411,0 -74.02875797599995,4.617456838848431,0 -74.02879739099996,4.617444064848405,0 -74.02880203999996,4.617415462848423,0 -74.02882330099999,4.617374789848418,0 -74.02886173599995,4.617333555848449,0 -74.02888995899997,4.617326851848461,0 -74.02894626599993,4.617307862848443,0 -74.02897983899999,4.617289578848427,0 -74.02900785299994,4.617277294848447,0 -74.02904163899996,4.617264730848422,0 -74.02907521299994,4.617246376848459,0 -74.02913151999996,4.617227318848436,0 -74.02915974099994,4.61722068384846,0 -74.02918782699999,4.617208259848427,0 -74.02922160899993,4.617195695848455,0 -74.02926095299995,4.617182918848459,0 -74.02930015999993,4.617164493848459,0 -74.02931704999997,4.617158142848433,0 -74.02935625399994,4.617139858848466,0 -74.02940137099995,4.617126801848418,0 -74.02945246699994,4.61711932484842,0 -74.02950314299994,4.617100477848441,0 -74.02956528999994,4.61708692784844,0 -74.02959309399995,4.617068855848451,0 -74.02978100799999,4.617062319848451,0 -74.02983182299994,4.617049191848414,0 -74.02993436799994,4.617045680848434,0 -74.02997399199995,4.617038483848424,0 -74.03000228599996,4.617031922848463,0 -74.03005310199995,4.617018723848436,0 -74.03009272699995,4.617011667848421,0 -74.03012101999997,4.61700503384843,0 -74.03015473399995,4.616992327848432,0 -74.03018865999996,4.616985555848426,0 -74.03022835599995,4.616978570848454,0 -74.03026748799994,4.616960003848416,0 -74.03030718299993,4.616952948848447,0 -74.03032977599997,4.616946456848432,0 -74.03042091899994,4.616943294848447,0 -74.03044893199996,4.616930940848412,0 -74.03047722499997,4.616924235848444,0 -74.03052255099993,4.616916968848439,0 -74.03064212499999,4.616912824848437,0 -74.03068125899995,4.616894399848427,0 -74.03071553499996,4.616893204848449,0 -74.03074945899994,4.616886359848418,0 -74.03078324299997,4.616873794848457,0 -74.03082793899995,4.61684943884842,0 -74.03086756299996,4.616842454848435,0 -74.03090634699998,4.616812515848437,0 -74.03095132199996,4.616793881848419,0 -74.03097954599997,4.616787247848436,0 -74.03102994099999,4.616762610848473,0 -74.03106372599996,4.616750044848461,0 -74.03109131899998,4.616726320848447,0 -74.03112475099994,4.616702386848432,0 -74.03115262399996,4.616689962848453,0 -74.03119189999995,4.616671537848454,0 -74.03122547399994,4.616653321848451,0 -74.03125848699995,4.616623526848466,0 -74.03128706099994,4.616622684848445,0 -74.03132077599997,4.616609979848428,0 -74.03134906799994,4.616603414848441,0 -74.03139355399998,4.616573339848464,0 -74.03146056099996,4.616536837848467,0 -74.03148885499996,4.61653013484847,0 -74.03152221799996,4.616506201848451,0 -74.03158873499996,4.616452611848453,0 -74.03160464599995,4.616423587848441,0 -74.03163829199997,4.61640530384848,0 -74.03167151499997,4.616381369848471,0 -74.03170987799996,4.616340132848471,0 -74.03174261199996,4.616299108848487,0 -74.03178555399995,4.616229199848438,0 -74.03181828799995,4.616188103848473,0 -74.03182863699993,4.616159362848483,0 -74.03185018199997,4.616124409848474,0 -74.03187144199995,4.616083737848457,0 -74.03190431599995,4.616048431848492,0 -74.03193092599997,4.615996176848479,0 -74.03194127699999,4.615967436848479,0 -74.03197436199997,4.615937711848484,0 -74.03199590399998,4.615902756848501,0 -74.03203447799996,4.61586724184847,0 -74.03205623099996,4.615838008848497,0 -74.03208952199998,4.615814002848456,0 -74.03210557299997,4.615785052848454,0 -74.03213358699998,4.615772627848489,0 -74.03214963699997,4.615743532848487,0 -74.03218279199996,4.615713877848506,0 -74.03224304799994,4.615649059848509,0 -74.03226473099994,4.615619895848493,0 -74.03229809399994,4.615595890848496,0 -74.03231414599998,4.61556686784847,0 -74.03234743999997,4.61554286284847,0 -74.03238474299997,4.615522530848509,0 -74.03234192099995,4.61570359484851,0 -74.03223603099997,4.615939732848487,0 -74.03207384299998,4.616132429848475,0 -74.03199498099997,4.61636623984846,0 -74.03193926999995,4.616595040848446,0 -74.03181248499999,4.616784849848445,0 -74.03167056899997,4.616975287848439,0 -74.03153829999997,4.617119261848463,0 -74.03197351099993,4.617214248848414,0 -74.03215196899998,4.617351568848432,0 -74.03238506899999,4.617335225848404,0 -74.03259165099996,4.617228549848435,0 -74.03282136199994,4.617262488848423,0 -74.03304431599997,4.617318385848403,0 -74.03328423599999,4.617332621848427,0 -74.03353368699999,4.617182878848419,0 -74.03374371399997,4.61708799884842,0 -74.03401053899995,4.616993765848452,0 -74.03423640299997,4.61688984884847,0 -74.03443847999995,4.61678367184846,0 -74.03466546399994,4.616718170848458,0 -74.03488668599994,4.616603449848482,0 -74.03512041099998,4.616636257848433,0 -74.03528553199999,4.616782285848446,0 -74.03531303099999,4.616723663848467,0 -74.03541751199998,4.616269174848485,0 -74.03591035199997,4.616389838848435,0 -74.03639746899995,4.615071777848526,0 -74.03648171899994,4.614942978848499,0 -74.03653471199993,4.614792931848521,0 -74.03661257699997,4.614590730848493,0 -74.03667017599997,4.614371983848534,0 -74.03667712299995,4.61430030184854,0 -74.03668542399998,4.614213976848501,0 -74.03671688599997,4.614070162848554,0 -74.03674024299994,4.613912156848565,0 -74.03673637699995,4.613859274848536,0 -74.03683838099994,4.613681484848534,0 -74.03685967099995,4.61348894684857,0 -74.03688851999993,4.61334576584858,0 -74.03687178199993,4.613230057848573,0 -74.03685730499996,4.61305758284858,0 -74.03682805199998,4.612894596848568,0 -74.03679177399994,4.612724919848595,0 -74.03677540299998,4.61256202584857,0 -74.03685352499997,4.6124490448486,0 -74.03717509699999,4.612068531848578,0 -74.03697355499997,4.611619238848617,0 -74.03695950299993,4.611611010848602,0 -74.03692806699996,4.611585333848605,0 -74.03691563999996,4.611556224848639,0 -74.03690465399995,4.611525398848642,0 -74.03690006499994,4.611493217848595,0 -74.03690421399995,4.611461217848614,0 -74.03690403899998,4.611429037848618,0 -74.03690098099997,4.611396765848613,0 -74.03689873399998,4.611363861848648,0 -74.03689414399997,4.611331771848599,0 -74.03688532099994,4.611301035848625,0 -74.03687289299995,4.61127183684864,0 -74.03686118699994,4.611240828848631,0 -74.03685344499996,4.611209008848622,0 -74.03684615199995,4.611178002848602,0 -74.03683831999996,4.61114681484862,0 -74.03683093799998,4.611115898848607,0 -74.03683076199997,4.611083808848621,0 -74.03683220899995,4.611051537848614,0 -74.03683275399999,4.611018995848627,0 -74.03683257899996,4.61098699584865,0 -74.03683195299999,4.610954001848621,0 -74.03683258899997,4.61092155084864,0 -74.03683835899994,4.61088928084862,0 -74.03684737299994,4.610858456848654,0 -74.03685773699993,4.610827904848657,0 -74.03686801099997,4.610797533848626,0 -74.03687639399999,4.610766258848653,0 -74.03687793099994,4.610733355848622,0 -74.03687739199995,4.610720338848663,0 -74.03687649399996,4.610700903848654,0 -74.03686767099998,4.610670077848654,0 -74.03685353199995,4.61064187184863,0 -74.03683587899997,4.610614479848639,0 -74.03683264099999,4.610582840848652,0 -74.03683390699996,4.610550570848635,0 -74.03683841599997,4.610521554848657,0 -74.03685067199996,4.61048829084863,0 -74.03686418999996,4.610458914848643,0 -74.03688085999994,4.610431617848669,0 -74.03689680899998,4.610403959848648,0 -74.03690023699994,4.610372412848653,0 -74.03690060099996,4.610349452848637,0 -74.03690087299998,4.610339779848664,0 -74.03690150799997,4.610307418848643,0 -74.03690898999997,4.61027668584863,0 -74.03691647199997,4.610245862848659,0 -74.03692548499998,4.610214858848665,0 -74.03693305699994,4.610184215848665,0 -74.03694414199998,4.610153211848679,0 -74.03695108299996,4.610122207848683,0 -74.03696009599997,4.610091384848648,0 -74.03696865899997,4.610061826848654,0 -74.03697659099998,4.610029737848657,0 -74.03698335299998,4.609998733848662,0 -74.03699047399994,4.609966915848696,0 -74.03699516299997,4.609936904848659,0 -74.03700129399994,4.609902555848687,0 -74.03700895599997,4.609871009848689,0 -74.03701662099996,4.609821293848654,0 -74.03701869499997,4.609807643848685,0 -74.03702419499996,4.609776097848678,0 -74.03702446899996,4.609755758848677,0 -74.03702464999998,4.609744368848687,0 -74.03701492599998,4.609713994848677,0 -74.03699601199997,4.609688500848683,0 -74.03697412499997,4.609664903848685,0 -74.03695007599998,4.609643386848698,0 -74.03692827899994,4.609619789848701,0 -74.03690531099994,4.609595017848683,0 -74.03688396499996,4.609570065848694,0 -74.03686099599997,4.609547553848708,0 -74.03683532499997,4.609528476848665,0 -74.03681460899998,4.609503795848704,0 -74.03681227199996,4.609471614848708,0 -74.03680759299993,4.609439343848701,0 -74.03678489499998,4.60941628884866,0 -74.03675832299996,4.609395403848695,0 -74.03673427399997,4.609373795848699,0 -74.03671103499994,4.609352006848686,0 -74.03668788699997,4.609330127848713,0 -74.03666356699995,4.609309242848689,0 -74.03664573399993,4.609282754848676,0 -74.03662979299997,4.609255271848684,0 -74.03660970799996,4.609230771848694,0 -74.03658971299996,4.609206271848695,0 -74.03657665299994,4.609190721848698,0 -74.03656899699996,4.609181681848687,0 -74.03656728699997,4.609172008848722,0 -74.03656467699994,4.609156821848695,0 -74.03656963799995,4.609118675848691,0 -74.03657910199996,4.609086406848718,0 -74.03658658299997,4.6090556738487,0 -74.03659343399994,4.609024669848707,0 -74.03660379899998,4.608994117848709,0 -74.03661362199995,4.608967000848703,0 -74.03662551899998,4.608932200848729,0 -74.03663678399994,4.608901377848698,0 -74.03664705899996,4.608870825848694,0 -74.03664571099995,4.608846509848694,0 -74.03664733899996,4.608806916848696,0 -74.03665373999996,4.608775098848727,0 -74.03666077099996,4.608743461848723,0 -74.03666428899999,4.608711281848719,0 -74.03667330299999,4.608680277848722,0 -74.03668366699998,4.608649725848731,0 -74.03670457599998,4.608588260848682,0 -74.03672115599994,4.608560873848698,0 -74.03674899499998,4.608543521848715,0 -74.03677656299999,4.608526712848727,0 -74.03680223999999,4.608507191848708,0 -74.03682575599998,4.608485319848723,0 -74.03684864099995,4.608463085848701,0 -74.03687521899997,4.608445282848702,0 -74.03690062499999,4.608426303848711,0 -74.03691792599994,4.608399187848698,0 -74.03692819999998,4.608368725848718,0 -74.03694072699994,4.608338174848696,0 -74.03695739699998,4.60831078784872,0 -74.03694947399998,4.608279690848745,0 -74.03693569499995,4.608250038848722,0 -74.03692380899997,4.608219664848717,0 -74.03691426499995,4.608188657848753,0 -74.03690183699996,4.608159638848744,0 -74.03688589699993,4.608132156848738,0 -74.03687013599995,4.608104041848716,0 -74.03686041199995,4.608073757848729,0 -74.03684735399997,4.608044376848738,0 -74.03683762899993,4.608014002848736,0 -74.03682276999996,4.607985526848728,0 -74.03680493699994,4.60795885684871,0 -74.03678656399995,4.607932006848738,0 -74.03676305499994,4.607910760848712,0 -74.03673855499994,4.607890689848718,0 -74.03671306399997,4.607870979848724,0 -74.03668685199995,4.607853167848761,0 -74.03653650399997,4.607835697848722,0 -74.03640084399996,4.607784151848717,0 -74.03629780899996,4.607641763848748,0 -74.03616208299997,4.607434467848764,0 -74.03601401899994,4.60720845784877,0 -74.03591720999998,4.607001167848787,0 -74.03581419599993,4.606729334848789,0 -74.03571116199998,4.606580799848807,0 -74.03558227999997,4.606393210848802,0 -74.03547249599995,4.60620517184879,0 -74.03533064199996,4.606017580848808,0 -74.03509862499999,4.605758744848818,0 -74.03498271399997,4.605584083848808,0 -74.03485374999997,4.605344516848822,0 -74.03471810799994,4.605183050848812,0 -74.03455031299995,4.604982528848822,0 -74.03446871599994,4.604858764848864,0 -74.03442810699994,4.604736725848851,0 -74.03438929799995,4.60462643784882,0 -74.03431832999996,4.604503941848869,0 -74.03427330699998,4.604386873848859,0 -74.03418325199993,4.60419928984886,0 -74.03413769499997,4.604037837848883,0 -74.03406673799998,4.603850257848843,0 -74.03395074599996,4.603617472848874,0 -74.03388726499998,4.603433780848867,0 -74.03383602399998,4.60332710684888,0 -74.03374479899998,4.603138347848912,0 -74.03365411599998,4.602937837848907,0 -74.03356406299997,4.602737236848899,0 -74.03346725899996,4.60251069284892,0 -74.03337100899995,4.602193662848909,0 -74.03333833999994,4.601993161848924,0 -74.03331927299996,4.601798809848939,0 -74.03330633799999,4.601566041848955,0 -74.03332550099998,4.601151855848965,0 -74.03331257499997,4.60086096284898,0 -74.03331260399995,4.600679540848961,0 -74.03330642499998,4.600446772848982,0 -74.03330016799998,4.600139429849006,0 -74.03329998899994,4.600129938848998,0 -74.03312720699995,4.600140757849009,0 -74.03331544699995,4.599787705848979,0 -74.03318245999998,4.598227470849034,0 -74.03193424599993,4.598339450849078,0 -74.03149476899995,4.597523566849082,0 -74.03174706099998,4.597162028849097,0 -74.03192728499994,4.596800478849072,0 -74.03225165399994,4.596366544849086,0 -74.03241368099998,4.596004973849119,0 -74.03262998999998,4.595318007849143,0 -74.03273817599995,4.594775656849192,0 -74.03278604999997,4.594523118849156,0 -74.03281219599995,4.594385343849174,0 -74.03283705999996,4.594375810849154,0 -74.03305003899999,4.594236582849188,0 -74.03327878399995,4.594078988849162,0 -74.03347691199997,4.593853674849197,0 -74.03358508299993,4.593401717849214,0 -74.03362102099999,4.592859354849207,0 -74.03360308399994,4.592353140849244,0 -74.03360322399999,4.590888744849265,0 -74.03340499999996,4.589442396849319,0 -74.03293527399995,4.585117281849485,0 -74.03383322699995,4.58500767584947,0 -74.03384526199994,4.584664394849504,0 -74.03388082199996,4.583654237849546,0 -74.03380152499994,4.582666941849571,0 -74.03373819999996,4.582077810849562,0 -74.03373824199997,4.581807123849557,0 -74.03361128999995,4.581409076849599,0 -74.03362719899997,4.581058735849605,0 -74.03364307599998,4.58091544484964,0 -74.03359547299993,4.580597003849604,0 -74.03373829899994,4.580294419849618,0 -74.03383360699996,4.579705241849648,0 -74.03363560599996,4.57914674184966,0 -74.03363002599997,4.579115310849699,0 -74.03362039199999,4.579085153849666,0 -74.03360949699999,4.579054507849694,0 -74.03360076399997,4.579023853849705,0 -74.03359518399998,4.578992359849655,0 -74.03359050499995,4.578960575849675,0 -74.03358492499996,4.578929081849685,0 -74.03357952499994,4.578897017849655,0 -74.03358196199997,4.578865099849661,0 -74.03358566099996,4.57883366984968,0 -74.03357839399996,4.57806891884969,0 -74.03360091399998,4.578068705849723,0 -74.03363280299999,4.578068990849722,0 -74.03366469199995,4.578065750849714,0 -74.03369063799994,4.578046618849735,0 -74.03370280399997,4.57801709684971,0 -74.03371253699999,4.577986590849728,0 -74.03371731699997,4.577954175849711,0 -74.03372245599996,4.577922538849705,0 -74.03371831799996,4.577891043849738,0 -74.03370985499998,4.577859829849691,0 -74.03370283299995,4.5778284708497,0 -74.03370013599994,4.577796759849739,0 -74.03370194299998,4.577764560849706,0 -74.03371167599994,4.577734126849712,0 -74.03372014899998,4.577703122849718,0 -74.03371844199995,4.577670986849708,0 -74.03370988899997,4.577639699849696,0 -74.03370737199998,4.577607988849731,0 -74.03370548499998,4.577575934849707,0 -74.03370224699995,4.577543934849729,0 -74.03369198299998,4.577513424849738,0 -74.03368261899993,4.577482634849702,0 -74.03366893199996,4.577453678849709,0 -74.03365272099995,4.577425924849742,0 -74.03363903399998,4.577397032849746,0 -74.03362534599995,4.577368076849757,0 -74.03360796499999,4.577341244849758,0 -74.03359058299998,4.577314476849757,0 -74.03358103899996,4.577284246849706,0 -74.03356987399997,4.57725416184972,0 -74.03355960999994,4.577223723849708,0 -74.03354943499994,4.577193349849764,0 -74.03353115299996,4.57716687084972,0 -74.03350854599995,4.577144403849712,0 -74.03348864199995,4.577118836849749,0 -74.03347017999994,4.577092989849736,0 -74.03344757299999,4.577070523849715,0 -74.03342064199995,4.577053642849743,0 -74.03339803499995,4.577031256849737,0 -74.03337767999994,4.577006810849742,0 -74.03335921799999,4.576980964849771,0 -74.03333814299998,4.576956382849731,0 -74.03331995099995,4.576929902849764,0 -74.03330887499999,4.576899880849728,0 -74.03329770999994,4.576869795849741,0 -74.03329131899994,4.57683865384973,0 -74.03329312599993,4.576806518849753,0 -74.03330222899996,4.576775731849747,0 -74.03330862999996,4.576744654849731,0 -74.03330809399995,4.576713016849736,0 -74.03330161299994,4.57668194684976,0 -74.03329287999998,4.576651364849737,0 -74.03328000299996,4.57662205684977,0 -74.03327442299997,4.576590625849744,0 -74.03326568999995,4.576560043849787,0 -74.03325371399995,4.576530310849765,0 -74.03323552199998,4.576503903849754,0 -74.03321732999996,4.576477559849773,0 -74.03320850699998,4.576446905849772,0 -74.03320058399999,4.576415971849775,0 -74.03319446399996,4.57638425984977,0 -74.03319690099994,4.576352341849783,0 -74.03320050899998,4.576320848849787,0 -74.03320177499995,4.576288496849785,0 -74.03320268099998,4.576256722849741,0 -74.03319881299996,4.576224514849756,0 -74.03319980899994,4.576192668849741,0 -74.03320098499995,4.576160325849759,0 -74.03320134999996,4.576128334849748,0 -74.03320099499996,4.576096054849765,0 -74.03320712999994,4.576032716849756,0 -74.03321100899996,4.576000725849805,0 -74.03321462199995,4.575936311849799,0 -74.03321561799999,4.575904537849761,0 -74.03321598399998,4.575872546849807,0 -74.03321481799998,4.575840691849772,0 -74.03321013799996,4.575808772849793,0 -74.03320068499994,4.575777982849752,0 -74.03319429399994,4.575746840849805,0 -74.03319070799995,4.575636883849797,0 -74.03318810099995,4.575605100849804,0 -74.03318252099996,4.575573669849784,0 -74.03317621999997,4.575542599849805,0 -74.03316964899994,4.575511448849776,0 -74.03316325799995,4.575480378849802,0 -74.03315533599994,4.575449444849807,0 -74.03314272899996,4.575419566849785,0 -74.03313165399999,4.575389409849821,0 -74.03311823699994,4.575359893849781,0 -74.03310797199998,4.575329383849791,0 -74.03310473399995,4.575297527849769,0 -74.03310509999994,4.575265401849824,0 -74.03310276799994,4.575201699849788,0 -74.03310313299994,4.575169708849779,0 -74.03310421899994,4.575137853849803,0 -74.03310647599994,4.575105935849812,0 -74.03310954399996,4.575074298849809,0 -74.03310900799994,4.575042659849823,0 -74.03310937399993,4.575010596849831,0 -74.03311721599994,4.57497938484982,0 -74.03312028299996,4.574947747849813,0 -74.03311794599995,4.574915403849786,0 -74.03311614999996,4.574883195849796,0 -74.03312128899995,4.574851702849802,0 -74.03312850099996,4.574820210849794,0 -74.03313327999996,4.57478779584983,0 -74.03313634799997,4.574756157849842,0 -74.03313707899997,4.5746920318498,0 -74.03314068699996,4.57466067484985,0 -74.03314258299997,4.574628476849801,0 -74.03313925599997,4.574596484849802,0 -74.03313367599998,4.574565053849831,0 -74.03313259999999,4.574533135849846,0 -74.03312143899996,4.574470209849855,0 -74.03311351699995,4.574439202849835,0 -74.03310496499995,4.574407987849852,0 -74.03310686099996,4.574375861849846,0 -74.03310362299999,4.57434393384985,0 -74.03309894399996,4.574312014849812,0 -74.03308525699998,4.574283059849813,0 -74.03307066799994,4.57425452884981,0 -74.03305878199996,4.574224858849813,0 -74.03304338299995,4.574196680849828,0 -74.03303924399995,4.574165113849824,0 -74.03304023999993,4.574133267849812,0 -74.03303141699996,4.574102758849813,0 -74.03301295399996,4.574076974849809,0 -74.03301034699996,4.57404512884986,0 -74.03299755999996,4.574015883849857,0 -74.03298387299998,4.573986927849854,0 -74.03297594999998,4.573955993849867,0 -74.03296163199997,4.573926829849862,0 -74.03294965599997,4.573897160849843,0 -74.03294407599998,4.573865593849836,0 -74.03294173899997,4.573833249849858,0 -74.03293471799998,4.573801962849852,0 -74.03292301199997,4.573771597849861,0 -74.03291824299998,4.573739813849818,0 -74.03291122199994,4.573708391849878,0 -74.03290708299994,4.573676888849864,0 -74.03290600699995,4.573644969849838,0 -74.03289718399998,4.573614387849875,0 -74.03289547699995,4.573582251849864,0 -74.03288665399998,4.573551679849842,0 -74.03288611899995,4.573520040849855,0 -74.03288567399994,4.573488402849861,0 -74.03289081299994,4.573456828849873,0 -74.03290216799996,4.573426746849853,0 -74.03291496699995,4.573377736849856,0 -74.03291731599995,4.57333240484984,0 -74.03291417099996,4.573286925849851,0 -74.03290345799996,4.573242712849891,0 -74.03289211499998,4.57319821784989,0 -74.03286933099997,4.573158386849861,0 -74.03282646499997,4.573078289849895,0 -74.03279755499995,4.573042976849887,0 -74.03277359999998,4.573004130849887,0 -74.03275848099997,4.572913877849891,0 -74.03274632699998,4.572869808849882,0 -74.03273246099997,4.5728265168499,0 -74.03270832599998,4.572788166849887,0 -74.03268878499995,4.572746780849874,0 -74.03267077499999,4.572705250849899,0 -74.03266546799995,4.572659699849868,0 -74.03264998099996,4.572617112849874,0 -74.03265584299999,4.572571635849859,0 -74.03264431999997,4.5725278468499,0 -74.03262306699997,4.572487237849901,0 -74.03261902099996,4.5724420398499,0 -74.03262731499996,4.572397548849917,0 -74.03263236699996,4.572352559849911,0 -74.03263210399996,4.572306801849911,0 -74.03261994999997,4.572262660849876,0 -74.03261175999995,4.572217389849901,0 -74.03260104699996,4.572173112849929,0 -74.03258240699995,4.572131437849897,0 -74.03254737099996,4.572102830849905,0 -74.03250791899995,4.572080370849882,0 -74.03246584899995,4.572096670849915,0 -74.03244270499994,4.572057480849915,0 -74.03243037099998,4.572013971849893,0 -74.03241740599998,4.571970254849914,0 -74.03238714399998,4.571936568849913,0 -74.03236102699998,4.571899629849932,0 -74.03234040499996,4.571859228849909,0 -74.03232581899994,4.571816288849883,0 -74.03231969999996,4.571771090849944,0 -74.03229826799998,4.571731041849937,0 -74.03230268899995,4.571685709849922,0 -74.03231602799997,4.57164255784993,0 -74.03229189199999,4.571604207849924,0 -74.03228117999998,4.571559994849891,0 -74.03227506099995,4.571514795849899,0 -74.03228984099997,4.571471507849933,0 -74.03224615399995,4.571459921849907,0 -74.03224498999998,4.571414515849938,0 -74.03222292699996,4.571374250849946,0 -74.03221248499995,4.571329412849935,0 -74.03217231299993,4.571308706849948,0 -74.03219357799998,4.571268601849913,0 -74.03219413199997,4.571183006849943,0 -74.03222604799998,4.571183780849947,0 -74.03220076799994,4.571164231849942,0 -74.03216685499996,4.571131622849927,0 -74.03213305699995,4.571089828849957,0 -74.03210377899995,4.571052686849963,0 -74.03206299699997,4.571019988849927,0 -74.03200830099996,4.57100089384995,0 -74.03197200599999,4.570975146849964,0 -74.03193122399995,4.570942448849918,0 -74.03188809199997,4.57091431684996,0 -74.03183595499996,4.57087457784992,0 -74.03179279399995,4.57084873884993,0 -74.03178297799997,4.570844983849971,0 -74.03177087699999,4.570842732849957,0 -74.03176101799994,4.570837786849964,0 -74.03175698499996,4.570832390849962,0 -74.03175519199993,4.570828345849934,0 -74.03175608899994,4.570823399849949,0 -74.03175608899994,4.570820701849946,0 -74.03175656099995,4.570818399849959,0 -74.03175724699997,4.570765568849956,0 -74.03173275699999,4.570712409849955,0 -74.03169878099999,4.570684395849949,0 -74.03166724399995,4.570644926849948,0 -74.03165657699998,4.57058505684998,0 -74.03165723599994,4.570534523849942,0 -74.03166752899995,4.570447359849966,0 -74.03167285399996,4.570389996849966,0 -74.03166673399994,4.57033247984996,0 -74.03167444099995,4.570268256849983,0 -74.03168199499999,4.570215516849979,0 -74.03167352699995,4.570162566849979,0 -74.03166734899997,4.570109646849952,0 -74.03166110999996,4.570061319849955,0 -74.03166242499998,4.569960253849946,0 -74.03166762999996,4.569912079849976,0 -74.03167277599994,4.569868497849989,0 -74.03172227999994,4.569758872849996,0 -74.03174338899998,4.569720094849966,0 -74.03176229899998,4.569674396849965,0 -74.03179729299995,4.569624313850003,0 -74.03181650299996,4.569555645849958,0 -74.03182646599998,4.569493746849961,0 -74.03183392899996,4.569447899849996,0 -74.03183919499998,4.56939512984997,0 -74.03183527499993,4.569344535850021,0 -74.03183599299996,4.569289409850008,0 -74.03184589699998,4.569232103849979,0 -74.03185814899996,4.569170236849985,0 -74.03186796399996,4.569119822849996,0 -74.03188458299996,4.569074094850024,0 -74.03190818999997,4.569019269850022,0 -74.03192944899996,4.568969005849993,0 -74.03195061799994,4.568925633849993,0 -74.03197874299997,4.568875461850008,0 -74.03199988199998,4.568834385850012,0 -74.03202580999994,4.568777291850005,0 -74.03204694899995,4.56873621784999,0 -74.03208193999996,4.568686134850029,0 -74.03211470399998,4.568631427850026,0 -74.03213809999994,4.568592680850006,0 -74.03214565499997,4.568539940850011,0 -74.03216456499996,4.568494239850038,0 -74.03218341399997,4.568453135850042,0 -74.03220229499993,4.568409733850027,0 -74.03223048099994,4.56835496785003,0 -74.03224938899996,4.568309266850056,0 -74.03226207499995,4.56826488785002,0 -74.03224810699999,4.568234379850017,0 -74.03224550199997,4.568189182850055,0 -74.03224316699993,4.568143351850031,0 -74.03222677899998,4.568101044850031,0 -74.03220336399994,4.568062405850013,0 -74.03218003999996,4.568023703850026,0 -74.03215311199995,4.567987116850012,0 -74.03212987699999,4.56794813485004,0 -74.03212113999996,4.567943613850047,0 -74.03209357899993,4.567927437850014,0 -74.03152290599996,4.566096963850105,0 -74.03151826499999,4.566087336850107,0 -74.03148910599998,4.566041007850115,0 -74.03146913499995,4.565992500850097,0 -74.03145373899997,4.5659440548501,0 -74.03144057399999,4.565900232850092,0 -74.03142517899994,4.565851786850102,0 -74.03142128899998,4.565798896850092,0 -74.03142454799996,4.565768739850128,0 -74.03132182899998,4.565338983850127,0 -74.03079926899994,4.563151975850174,0 -74.03071915099997,4.563092604850216,0 -74.03068274599997,4.563092127850195,0 -74.03063702799994,4.563086934850209,0 -74.03058702899995,4.563058709850214,0 -74.03054416799995,4.56300990185018,0 -74.03050573599995,4.562972640850196,0 -74.03046950199996,4.562942300850173,0 -74.03043323799994,4.562914257850186,0 -74.03039245499997,4.562881558850219,0 -74.03034709699995,4.562848802850223,0 -74.03030631299998,4.56281610385019,0 -74.03026092399995,4.562785642850198,0 -74.03020405999996,4.562757328850179,0 -74.03015171299995,4.562733670850204,0 -74.03009473099996,4.562714542850185,0 -74.02999232599996,4.56266725285019,0 -74.02994238799994,4.562634434850223,0 -74.02989928899996,4.562604004850189,0 -74.02986299499997,4.56257825785019,0 -74.02981754499996,4.56255239085022,0 -74.02977899299998,4.562524315850236,0 -74.02974052999997,4.562489351850226,0 -74.02969757799997,4.562447435850237,0 -74.02966592199994,4.562417155850209,0 -74.02962971899996,4.562384518850207,0 -74.02958667599995,4.56234949385022,0 -74.02955047299997,4.562316856850213,0 -74.02951881699994,4.56228657585025,0 -74.02944652899998,4.562212111850226,0 -74.02941728099995,4.562172673850243,0 -74.02939029299995,4.562135562850202,0 -74.02935432699996,4.562084548850259,0 -74.02932285199995,4.562040485850233,0 -74.02930751699995,4.561987445850225,0 -74.02929666999995,4.56194135685021,0 -74.02929509999996,4.561886198850258,0 -74.02930036699996,4.561833429850225,0 -74.02929641599997,4.561785133850238,0 -74.02926951599994,4.561741130850272,0 -74.02923810099998,4.561692476850259,0 -74.02922264699998,4.561648623850242,0 -74.02920502299997,4.561595553850262,0 -74.02921257799994,4.561542814850251,0 -74.02921549699994,4.561494607850226,0 -74.02921891799997,4.56148315985022,0 -74.02920973599998,4.561469595850254,0 -74.02919613999995,4.56143746785027,0 -74.02918740799998,4.561403567850264,0 -74.02917633299995,4.561370155850268,0 -74.02916733099994,4.561336889850265,0 -74.02916184199995,4.561302709850272,0 -74.02915283899995,4.561269452850227,0 -74.02914320599996,4.561235968850258,0 -74.02913555499998,4.561201653850264,0 -74.02912988599996,4.561167537850268,0 -74.02912502699996,4.561132860850238,0 -74.02911935799995,4.56109868185023,0 -74.02911548999998,4.561063725850263,0 -74.02911270299995,4.561029257850289,0 -74.02910973599995,4.560993948850237,0 -74.02910712899995,4.560959480850272,0 -74.02909920799993,4.560925228850238,0 -74.02909119599997,4.560891546850257,0 -74.02908408599995,4.560857502850241,0 -74.02907445299996,4.560824027850291,0 -74.02906644099994,4.560790345850256,0 -74.02906284099998,4.56077430885029,0 -74.02896344299995,4.558731277850325,0 -74.02892498499995,4.558566855850323,0 -74.02893006599999,4.558549278850327,0 -74.02106926599998,4.559654111850296,0 -74.01954221799997,4.560290385850315,0</coordinates></LinearRing></outerBoundaryIs>
        </Polygon>
      </MultiGeometry>
    </Placemark>
    <Placemark id="ID_00013">
      <name>LA ALAMEDA</name>
      <snippet></snippet>
      <description><![CDATA[<html xmlns:fo="http://www.w3.org/1999/XSL/Format" xmlns:msxsl="urn:schemas-microsoft-com:xslt">
<head>
<META http-equiv="Content-Type" content="text/html">
<meta http-equiv="content-type" content="text/html; charset=UTF-8">
</head>
<body style="margin:0px 0px 0px 0px;overflow:auto;background:#FFFFFF;">
<table style="font-family:Arial,Verdana,Times;font-size:12px;text-align:left;width:100%;border-collapse:collapse;padding:3px 3px 3px 3px">
<tr style="text-align:center;font-weight:bold;background:#9CBCE2">
<td>003101</td>
</tr>
<tr>
<td>
<table style="font-family:Arial,Verdana,Times;font-size:12px;text-align:left;width:100%;border-spacing:0px; padding:3px 3px 3px 3px">
<tr>
<td>OBJECTID1</td>
<td>7</td>
</tr>
<tr bgcolor="#D4E4F3">
<td>SCaCodigo</td>
<td>003101</td>
</tr>
<tr>
<td>SCaTipo</td>
<td>0</td>
</tr>
<tr bgcolor="#D4E4F3">
<td>SCaNombre</td>
<td>LA ALAMEDA</td>
</tr>
<tr>
<td>SHAPE</td>
<td>Polígono</td>
</tr>
<tr bgcolor="#D4E4F3">
<td>SHAPE_Length</td>
<td>0.0206</td>
</tr>
<tr>
<td>SHAPE_Area</td>
<td>0.000021</td>
</tr>
</table>
</td>
</tr>
</table>
</body><script type="text/javascript">
				function changeImage(attElement, nameElement) {
				document.getElementById('imageAttachment').src = attElement;
				document.getElementById('imageName').innerHTML = nameElement;}
			</script></html>
]]></description>
      <styleUrl>#PolyStyle013</styleUrl>
      <MultiGeometry>
        <Polygon>
          <extrude>0</extrude><altitudeMode>clampToGround</altitudeMode>
          <outerBoundaryIs><LinearRing><coordinates> -74.07620358599996,4.608784755848698,0 -74.07562800899996,4.608393654848718,0 -74.07518232799998,4.608063555848732,0 -74.07431122199995,4.607436841848737,0 -74.07438866699994,4.607304589848781,0 -74.07380236599994,4.606919944848793,0 -74.07320205399998,4.608010281848752,0 -74.07193209399998,4.610071061848647,0 -74.07152122999997,4.610795352848667,0 -74.07086077299994,4.612044268848571,0 -74.07073489899994,4.61228226484858,0 -74.07114097499993,4.612548249848568,0 -74.07204542899996,4.614305259848518,0 -74.07204777099997,4.614309959848555,0 -74.07226502399999,4.614633596848489,0 -74.07279698999997,4.615405533848496,0 -74.07315205899994,4.614717683848496,0 -74.07316476699998,4.6146905398485,0 -74.07319095299994,4.614634893848535,0 -74.07321728199997,4.614579177848513,0 -74.07326993799995,4.614467884848541,0 -74.07329640799998,4.614412380848504,0 -74.07332287499997,4.614356734848538,0 -74.07334934599999,4.614301157848528,0 -74.07340270399999,4.614190148848509,0 -74.07342945499994,4.614134643848533,0 -74.07345627499996,4.614079208848556,0 -74.07348302699995,4.614023844848565,0 -74.07350991799996,4.613968481848571,0 -74.07356383999996,4.613857752848545,0 -74.07361804599998,4.613747168848522,0 -74.07367238899997,4.613636722848568,0 -74.07369970199994,4.613581501848542,0 -74.07372701599996,4.61352634784856,0 -74.07375439899994,4.613471196848534,0 -74.07378185299996,4.613416045848568,0 -74.07380937699998,4.613361035848583,0 -74.07383697099993,4.613305953848565,0 -74.07386449799998,4.613250943848585,0 -74.07391989699994,4.613140923848566,0 -74.07394770199994,4.613085983848584,0 -74.07397550899998,4.613031113848542,0 -74.07400338499997,4.612976244848547,0 -74.07403133199995,4.612921374848569,0 -74.07405934799993,4.612866504848585,0 -74.07408736399998,4.612811707848567,0 -74.07411552299999,4.612756977848577,0 -74.07414367999996,4.612702180848562,0 -74.07417197799998,4.612647522848554,0 -74.07420013599994,4.612592795848594,0 -74.07422850499995,4.612538137848585,0 -74.07425680399996,4.612483550848564,0 -74.07434233199996,4.612319862848588,0 -74.07437098399998,4.612265204848578,0 -74.07439963199994,4.612210830848574,0 -74.07442835199998,4.612156382848622,0 -74.07445714499994,4.612101937848574,0 -74.07448593699996,4.612047564848621,0 -74.07451479799994,4.611993188848587,0 -74.07454379899997,4.611938814848589,0 -74.07457273099999,4.611884509848599,0 -74.07460180399994,4.611830275848595,0 -74.07463087499997,4.611775971848595,0 -74.07466001999995,4.611721808848631,0 -74.07468930299996,4.611667575848625,0 -74.07471851599996,4.611613413848594,0 -74.07474786999995,4.611559319848599,0 -74.07477715399995,4.611505228848615,0 -74.07481618299994,4.611433628848604,0 -74.07548558699995,4.610090318848667,0 -74.07565380899996,4.60975298184866,0 -74.07620358599996,4.608784755848698,0</coordinates></LinearRing></outerBoundaryIs>
        </Polygon>
      </MultiGeometry>
    </Placemark>
    <Placemark id="ID_00014">
      <name>LA CAPUCHINA</name>
      <snippet></snippet>
      <description><![CDATA[<html xmlns:fo="http://www.w3.org/1999/XSL/Format" xmlns:msxsl="urn:schemas-microsoft-com:xslt">
<head>
<META http-equiv="Content-Type" content="text/html">
<meta http-equiv="content-type" content="text/html; charset=UTF-8">
</head>
<body style="margin:0px 0px 0px 0px;overflow:auto;background:#FFFFFF;">
<table style="font-family:Arial,Verdana,Times;font-size:12px;text-align:left;width:100%;border-collapse:collapse;padding:3px 3px 3px 3px">
<tr style="text-align:center;font-weight:bold;background:#9CBCE2">
<td>003108</td>
</tr>
<tr>
<td>
<table style="font-family:Arial,Verdana,Times;font-size:12px;text-align:left;width:100%;border-spacing:0px; padding:3px 3px 3px 3px">
<tr>
<td>OBJECTID1</td>
<td>10</td>
</tr>
<tr bgcolor="#D4E4F3">
<td>SCaCodigo</td>
<td>003108</td>
</tr>
<tr>
<td>SCaTipo</td>
<td>0</td>
</tr>
<tr bgcolor="#D4E4F3">
<td>SCaNombre</td>
<td>LA CAPUCHINA</td>
</tr>
<tr>
<td>SHAPE</td>
<td>Polígono</td>
</tr>
<tr bgcolor="#D4E4F3">
<td>SHAPE_Length</td>
<td>0.021169</td>
</tr>
<tr>
<td>SHAPE_Area</td>
<td>0.000024</td>
</tr>
</table>
</td>
</tr>
</table>
</body><script type="text/javascript">
				function changeImage(attElement, nameElement) {
				document.getElementById('imageAttachment').src = attElement;
				document.getElementById('imageName').innerHTML = nameElement;}
			</script></html>
]]></description>
      <styleUrl>#PolyStyle014</styleUrl>
      <MultiGeometry>
        <Polygon>
          <extrude>0</extrude><altitudeMode>clampToGround</altitudeMode>
          <outerBoundaryIs><LinearRing><coordinates> -74.07809100599997,4.606167256848785,0 -74.07988187899997,4.603646041848866,0 -74.08049055399994,4.602836264848918,0 -74.07754541099996,4.600880391848933,0 -74.07754025399998,4.600888471848986,0 -74.07753541299996,4.600896097848933,0 -74.07752818899996,4.600907558848975,0 -74.07751860499997,4.600922871848983,0 -74.07749709999996,4.60095736584896,0 -74.07748749499996,4.60097266584899,0 -74.07748024799997,4.600984110848971,0 -74.07747294799998,4.60099551984894,0 -74.07746804599998,4.601003102848952,0 -74.07746311099999,4.601010664848958,0 -74.07745813999998,4.60101820184894,0 -74.07745563899994,4.601021958848952,0 -74.07745312699996,4.601025709848956,0 -74.07744807199998,4.601033188848936,0 -74.07744041899997,4.601044369848977,0 -74.07743532599994,4.60105184584899,0 -74.07743025199994,4.601059352848952,0 -74.07742518999999,4.601066883848945,0 -74.07742014399997,4.601074441848934,0 -74.07741260299997,4.601085828848968,0 -74.07740759199999,4.601093448848983,0 -74.07740010099997,4.601104923848937,0 -74.07739264099996,4.60111645184896,0 -74.07738520999999,4.601128027848964,0 -74.07737780599996,4.601139655848948,0 -74.07737042699995,4.601151326848935,0 -74.07736307499994,4.601163040848975,0 -74.07735574399999,4.601174797848954,0 -74.07734843799994,4.601186596848939,0 -74.07734115199997,4.601198430848958,0 -74.07733388799994,4.601210301848928,0 -74.07732664199995,4.60122220684894,0 -74.07731941399999,4.601234141848979,0 -74.07731220099998,4.601246106848974,0 -74.07730261099994,4.601262105848933,0 -74.07729304499998,4.601278147848965,0 -74.07728350099995,4.601294229848966,0 -74.07727635499998,4.601306313848957,0 -74.07726446799995,4.601326493848934,0 -74.07724549099999,4.601358860848948,0 -74.07722891199995,4.601387236848939,0 -74.07719813999995,4.601439976848941,0 -74.07718866499994,4.601456195848967,0 -74.07717680699994,4.601476448848974,0 -74.07716730799996,4.601492633848962,0 -74.07715779299997,4.601508794848926,0 -74.07714587599997,4.601528953848956,0 -74.07713870899994,4.601541025848959,0 -74.07712913399996,4.601557086848953,0 -74.07712193599997,4.601569104848958,0 -74.07711231299999,4.601585089848966,0 -74.07710507699994,4.601597043848972,0 -74.07709781999995,4.601608969848922,0 -74.07708811599997,4.601624818848943,0 -74.07708081199996,4.601636662848913,0 -74.07707348699995,4.601648471848919,0 -74.07706368399994,4.601664155848921,0 -74.07705876299997,4.601671969848939,0 -74.07705136499999,4.601683652848962,0 -74.07704393799997,4.60169529184893,0 -74.07703648299997,4.601706884848947,0 -74.07702899599997,4.601718427848914,0 -74.07702148099997,4.601729917848934,0 -74.07701393399998,4.601741355848936,0 -74.07700635299994,4.60175273784896,0 -74.07699873899998,4.601764064848937,0 -74.07699364399997,4.601771579848939,0 -74.07698596999995,4.601782804848914,0 -74.07698083399998,4.601790255848963,0 -74.07697309499997,4.601801374848923,0 -74.07696531999994,4.601812427848957,0 -74.07696011199994,4.601819757848925,0 -74.07695488799999,4.601827058848959,0 -74.07694964499996,4.601834326848948,0 -74.07694438199997,4.60184156484891,0 -74.07693909999995,4.601848767848916,0 -74.07693379699998,4.60185593884896,0 -74.07692847599998,4.601863077848948,0 -74.07692313399997,4.601870178848944,0 -74.07691777199994,4.601877247848934,0 -74.07691238699994,4.601884279848917,0 -74.07690698199997,4.601891273848913,0 -74.07690155599994,4.601898234848902,0 -74.07689610599994,4.601905155848924,0 -74.07689063199996,4.601912039848938,0 -74.07688513799997,4.601918883848928,0 -74.07687961999994,4.601925688848923,0 -74.07687407799995,4.601932454848933,0 -74.07687129899995,4.601935824848939,0 -74.07686572199998,4.601942528848925,0 -74.07686011999994,4.601949191848949,0 -74.07685449199994,4.601955814848938,0 -74.07684884099996,4.601962395848914,0 -74.07684316299998,4.601968929848936,0 -74.07683745899999,4.60197542184895,0 -74.07683173099997,4.601981870848904,0 -74.07682597499996,4.601988275848921,0 -74.07682308799997,4.601991458848911,0 -74.07681729199999,4.60199779484893,0 -74.07681146799996,4.60200408384893,0 -74.07680854599994,4.602007209848953,0 -74.07680268099995,4.602013426848912,0 -74.07679678499994,4.602019598848946,0 -74.07679086399997,4.602025720848959,0 -74.07678491299998,4.602031792848918,0 -74.07677893199997,4.602037815848942,0 -74.07677292299996,4.602043790848905,0 -74.07676688299995,4.602049710848944,0 -74.07676081299996,4.602055581848926,0 -74.07675776599996,4.60205849884895,0 -74.07675164899996,4.60206429084891,0 -74.07674550099995,4.602070030848922,0 -74.07673932199998,4.602075716848929,0 -74.07673311099995,4.602081347848946,0 -74.07672686799998,4.602086923848931,0 -74.07672059099997,4.602092447848942,0 -74.07671428199995,4.602097911848912,0 -74.07670793999995,4.602103321848941,0 -74.07670156199998,4.602108674848946,0 -74.07669834499995,4.602111297848946,0 -74.07669508899994,4.602113861848944,0 -74.07669179699997,4.602116363848916,0 -74.07668847199994,4.602118803848925,0 -74.07668511099996,4.602121186848898,0 -74.07668171299997,4.602123512848917,0 -74.07667828399997,4.602125777848955,0 -74.07667481999994,4.602127987848938,0 -74.07667132399996,4.602130138848922,0 -74.07666779299996,4.60213223484893,0 -74.07666422999995,4.602134275848951,0 -74.07666063399995,4.602136261848922,0 -74.07665700599995,4.602138192848905,0 -74.07665334899997,4.602140073848911,0 -74.07664965899994,4.602141899848919,0 -74.07664593899995,4.602143673848924,0 -74.07664382799999,4.602144643848898,0 -74.07560466399997,4.603888880848869,0 -74.07409838099994,4.606399175848764,0 -74.07380236599994,4.606919944848793,0 -74.07438866699994,4.607304589848781,0 -74.07431122199995,4.607436841848737,0 -74.07518232799998,4.608063555848732,0 -74.07562800899996,4.608393654848718,0 -74.07620358599996,4.608784755848698,0 -74.07634379799998,4.608555679848717,0 -74.07664220299995,4.608106627848708,0 -74.07714837099996,4.607449797848767,0 -74.07721558999998,4.607358781848762,0 -74.07747979799996,4.607019721848789,0 -74.07755127199994,4.60692697284876,0 -74.07809100599997,4.606167256848785,0</coordinates></LinearRing></outerBoundaryIs>
        </Polygon>
      </MultiGeometry>
    </Placemark>
    <Placemark id="ID_00015">
      <name>LA CATEDRAL</name>
      <snippet></snippet>
      <description><![CDATA[<html xmlns:fo="http://www.w3.org/1999/XSL/Format" xmlns:msxsl="urn:schemas-microsoft-com:xslt">
<head>
<META http-equiv="Content-Type" content="text/html">
<meta http-equiv="content-type" content="text/html; charset=UTF-8">
</head>
<body style="margin:0px 0px 0px 0px;overflow:auto;background:#FFFFFF;">
<table style="font-family:Arial,Verdana,Times;font-size:12px;text-align:left;width:100%;border-collapse:collapse;padding:3px 3px 3px 3px">
<tr style="text-align:center;font-weight:bold;background:#9CBCE2">
<td>003110</td>
</tr>
<tr>
<td>
<table style="font-family:Arial,Verdana,Times;font-size:12px;text-align:left;width:100%;border-spacing:0px; padding:3px 3px 3px 3px">
<tr>
<td>OBJECTID1</td>
<td>47</td>
</tr>
<tr bgcolor="#D4E4F3">
<td>SCaCodigo</td>
<td>003110</td>
</tr>
<tr>
<td>SCaTipo</td>
<td>0</td>
</tr>
<tr bgcolor="#D4E4F3">
<td>SCaNombre</td>
<td>LA CATEDRAL</td>
</tr>
<tr>
<td>SHAPE</td>
<td>Polígono</td>
</tr>
<tr bgcolor="#D4E4F3">
<td>SHAPE_Length</td>
<td>0.011274</td>
</tr>
<tr>
<td>SHAPE_Area</td>
<td>0</td>
</tr>
</table>
</td>
</tr>
</table>
</body><script type="text/javascript">
				function changeImage(attElement, nameElement) {
				document.getElementById('imageAttachment').src = attElement;
				document.getElementById('imageName').innerHTML = nameElement;}
			</script></html>
]]></description>
      <styleUrl>#PolyStyle015</styleUrl>
      <MultiGeometry>
        <Polygon>
          <extrude>0</extrude><altitudeMode>clampToGround</altitudeMode>
          <outerBoundaryIs><LinearRing><coordinates> -74.07356627999997,4.601522896848952,0 -74.07345215699996,4.601454625848922,0 -74.07340187799997,4.601424511848946,0 -74.07335936199996,4.601398983848968,0 -74.07334004999996,4.601387358848954,0 -74.07331688499994,4.601373387848976,0 -74.07329759399994,4.601361729848972,0 -74.07327060699998,4.601345373848964,0 -74.07324749299994,4.60133131984894,0 -74.07322440499996,4.601317230848954,0 -74.07320517899996,4.601305459848952,0 -74.07319750499994,4.601300716848977,0 -74.07318602099997,4.601293541848965,0 -74.07317838199998,4.601288717848933,0 -74.07316694899998,4.601281432848955,0 -74.07315934099995,4.601276537848943,0 -74.07315174599995,4.601271618848954,0 -74.07314037299994,4.601264193848973,0 -74.07313280199998,4.601259214848932,0 -74.07312146499999,4.601251707848968,0 -74.07311014799996,4.601244154848981,0 -74.07309508799995,4.601234024848955,0 -74.07308756499998,4.601228937848985,0 -74.07307629699994,4.601221280848957,0 -74.07306878999998,4.601216161848973,0 -74.07305378999996,4.601205893848941,0 -74.07303505899995,4.601193020848941,0 -74.07298265399999,4.601156902848973,0 -74.07296392199999,4.601144041848951,0 -74.07295267299997,4.601136350848944,0 -74.07293766099997,4.601126131848955,0 -74.07292262699997,4.601115966848957,0 -74.07290756399993,4.601105864848928,0 -74.07289624899994,4.601098337848948,0 -74.07288491299994,4.601090856848942,0 -74.07287734199997,4.601085897848978,0 -74.07286976399996,4.60108096084895,0 -74.07285837499995,4.601073604848981,0 -74.07285076799997,4.601068735848974,0 -74.07284314899994,4.601063895848943,0 -74.07283169599998,4.601056689848976,0 -74.07282404399996,4.601051924848949,0 -74.07281637699998,4.601047195848936,0 -74.07281253899998,4.601044841848932,0 -74.07280484899997,4.601040163848956,0 -74.07280100099996,4.601037838848987,0 -74.07279328699997,4.601033216848978,0 -74.07278555999994,4.601028632848972,0 -74.07277781299996,4.60102408784894,0 -74.07277004899998,4.601019586848965,0 -74.07276226699997,4.60101512584896,0 -74.07275446699998,4.601010708848948,0 -74.07274664799996,4.601006340848985,0 -74.07273880799994,4.601002015848967,0 -74.07273094599998,4.600997740848989,0 -74.07272306499993,4.600993512848961,0 -74.07271516199995,4.600989335848968,0 -74.07270723599999,4.600985214848948,0 -74.07269928799997,4.600981143848967,0 -74.07269131599998,4.600977126848941,0 -74.07268331999995,4.60097316584899,0 -74.07267529999996,4.600969264848971,0 -74.07267128099994,4.600967336848956,0 -74.07266322099997,4.600963521848947,0 -74.07265513699997,4.600959767848964,0 -74.07264702599997,4.600956077848936,0 -74.07264296099999,4.600954255848939,0 -74.07263480899996,4.600950658848947,0 -74.07263071999995,4.600948888848971,0 -74.07262252299995,4.600945400848961,0 -74.07261841099995,4.600943682848944,0 -74.07261016399997,4.600940299848963,0 -74.07260188799995,4.600936987848969,0 -74.07259358199997,4.600933741848971,0 -74.07258941699996,4.600932144848974,0 -74.07258106899997,4.600929000848974,0 -74.07257688399994,4.600927448848952,0 -74.07257269099995,4.600925915848965,0 -74.07256428599999,4.600922895848961,0 -74.07255885399996,4.600920981848966,0 -74.07283773999995,4.60112016584895,0 -74.07331641699994,4.601400257848971,0 -74.07320261799998,4.601628493848959,0 -74.07327918299995,4.601685178848956,0 -74.07340754499995,4.601759225848957,0 -74.07342024999997,4.601734910848942,0 -74.07349600599997,4.6017833698489,0 -74.07351024199994,4.601755891848915,0 -74.07386857299997,4.60197748584895,0 -74.07399279099997,4.602058130848919,0 -74.07398071799997,4.602080095848944,0 -74.07413231899994,4.602179364848912,0 -74.07416475499997,4.602120882848932,0 -74.07429554999999,4.602196013848944,0 -74.07463849999993,4.602192523848901,0 -74.07482541999997,4.602238462848924,0 -74.07498657699995,4.602267857848936,0 -74.07524286499995,4.602282707848944,0 -74.07537723699994,4.602265338848913,0 -74.07535931699994,4.602266045848934,0 -74.07534113099996,4.602266727848948,0 -74.07532746999993,4.602267211848944,0 -74.07530922999996,4.602267813848945,0 -74.07529553599994,4.602268226848893,0 -74.07528183199997,4.602268601848909,0 -74.07526811899999,4.602268939848912,0 -74.07525440099994,4.60226922984892,0 -74.07524525199995,4.602269394848936,0 -74.07523152599998,4.602269601848908,0 -74.07521779999996,4.602269749848932,0 -74.07520407699997,4.602269841848931,0 -74.07519035499996,4.602269867848935,0 -74.07518121199996,4.602269848848911,0 -74.07516749999996,4.60226975884889,0 -74.07515836399995,4.602269660848915,0 -74.07514466999999,4.602269443848929,0 -74.07513554699995,4.602269255848927,0 -74.07512642899997,4.602269030848926,0 -74.07511276699995,4.602268620848933,0 -74.07509912099994,4.602268119848952,0 -74.07509003499996,4.602267734848929,0 -74.07507642199994,4.602267073848923,0 -74.07506735899995,4.602266576848895,0 -74.07505830799994,4.60226603484894,0 -74.07505378799993,4.602265745848928,0 -74.07504475199994,4.602265130848902,0 -74.07503572999997,4.602264467848921,0 -74.07502672099997,4.602263753848911,0 -74.07502222199997,4.602263378848894,0 -74.07501323299994,4.602262588848894,0 -74.07500425699999,4.602261744848897,0 -74.07499529699999,4.6022608468489,0 -74.07498635399998,4.602259891848931,0 -74.07497742699996,4.602258879848893,0 -74.07496851599996,4.602257811848935,0 -74.07495962099995,4.602256683848923,0 -74.07495518199994,4.602256095848947,0 -74.07494631799995,4.602254876848935,0 -74.07493746899996,4.602253596848939,0 -74.07492864399995,4.6022522518489,0 -74.07491983699998,4.602250843848898,0 -74.07491104999997,4.602249368848922,0 -74.07490228499995,4.602247826848915,0 -74.07489354199998,4.602246217848931,0 -74.07488917999996,4.602245385848924,0 -74.07488047099997,4.602243672848908,0 -74.07487178699995,4.602241887848906,0 -74.07486312499998,4.602240028848901,0 -74.07485449099994,4.602238096848932,0 -74.07485018099999,4.6022371048489,0 -74.07484588099999,4.602236092848918,0 -74.07484158399996,4.602235061848909,0 -74.07483729499995,4.602234010848933,0 -74.07482873799995,4.602231853848896,0 -74.07482446799997,4.602230744848918,0 -74.07482020599997,4.602229609848924,0 -74.07481594699993,4.602228454848921,0 -74.07480744699996,4.60222607084895,0 -74.07480320599996,4.602224842848919,0 -74.07479896699994,4.602223592848946,0 -74.07479473599994,4.602222322848908,0 -74.07479050799998,4.602221028848898,0 -74.07478628899997,4.602219712848944,0 -74.07478207099996,4.602218374848935,0 -74.07477785999998,4.602217016848909,0 -74.07477365299997,4.602215634848927,0 -74.07476525599998,4.602212812848924,0 -74.07476106299998,4.602211368848906,0 -74.07475687499993,4.602209904848928,0 -74.07475269099996,4.602208423848903,0 -74.07474851499995,4.602206918848904,0 -74.07474017199996,4.602203854848903,0 -74.07473600699996,4.602202293848926,0 -74.07473184999998,4.602200713848915,0 -74.07472769399999,4.602199116848931,0 -74.07472354399994,4.602197497848939,0 -74.07471525299997,4.60219420884894,0 -74.07470698099996,4.602190849848935,0 -74.07469872799999,4.602187421848915,0 -74.07469048899998,4.602183927848918,0 -74.07468637699998,4.602182153848922,0 -74.07467816199994,4.60217856184894,0 -74.07466996199997,4.60217490684894,0 -74.07466177899994,4.602171191848941,0 -74.07465360999998,4.602167418848943,0 -74.07464545599998,4.602163587848926,0 -74.07464138399996,4.602161651848941,0 -74.07463324999998,4.602157740848923,0 -74.07462512899997,4.602153775848894,0 -74.07462107399994,4.602151775848906,0 -74.07461297399993,4.60214773884891,0 -74.07460488599997,4.602143653848902,0 -74.07459681099994,4.602139524848909,0 -74.07459277799995,4.60213744484892,0 -74.07458471999996,4.602133249848948,0 -74.07457265499994,4.602126882848914,0 -74.07456462499994,4.602122591848937,0 -74.07456061599999,4.602120431848928,0 -74.07455260099994,4.602116090848905,0 -74.07454859899997,4.602113904848943,0 -74.07454059999998,4.602109511848903,0 -74.07453260899996,4.602105088848952,0 -74.07452064299997,4.6020984018489,0 -74.07451267299996,4.602093913848895,0 -74.07450471599998,4.602089400848931,0 -74.07449676399995,4.602084866848905,0 -74.07448882099999,4.602080313848911,0 -74.07448088299998,4.602075742848939,0 -74.07446899099995,4.602068856848941,0 -74.07444920099994,4.602057320848951,0 -74.07442549699994,4.602043412848923,0 -74.07439001299997,4.602022523848944,0 -74.07437426299998,4.602013269848926,0 -74.07436245399998,4.602006356848929,0 -74.07435064999999,4.601999470848936,0 -74.07433491299997,4.601990344848929,0 -74.07432704499996,4.60198580984891,0 -74.07431524399993,4.601979049848945,0 -74.07430344099998,4.601972344848918,0 -74.07429163399996,4.60196569984893,0 -74.07426803399994,4.601952525848929,0 -74.07426018599995,4.601948103848916,0 -74.07424843399997,4.601941440848949,0 -74.07423670299994,4.601934733848935,0 -74.07422889499998,4.601930240848936,0 -74.07421720399998,4.601923467848935,0 -74.07420553099996,4.601916658848925,0 -74.07418999499998,4.601907525848934,0 -74.07417449699994,4.601898331848963,0 -74.07415902599996,4.601889081848952,0 -74.07414358499994,4.601879778848946,0 -74.07412817199997,4.601870425848944,0 -74.07411278399996,4.601861028848968,0 -74.07409358199999,4.601849222848934,0 -74.07407440899993,4.601837358848943,0 -74.07406292199994,4.601830215848938,0 -74.07404379499997,4.601818273848921,0 -74.07402087099996,4.601803887848948,0 -74.07400178699999,4.601791864848939,0 -74.07396365499994,4.601767752848936,0 -74.07389124599996,4.601721858848953,0 -74.07386836399996,4.601707398848913,0 -74.07384545999997,4.601692969848937,0 -74.07382253199995,4.601678586848925,0 -74.07380339899998,4.60166664784894,0 -74.07378423899996,4.601654754848916,0 -74.07376888999994,4.601645280848953,0 -74.07375736499995,4.60163819784894,0 -74.07374967199996,4.601633491848967,0 -74.07373427299996,4.60162410884895,0 -74.07371114799997,4.601610074848948,0 -74.07368414799998,4.601593738848959,0 -74.07365326299998,4.601575111848926,0 -74.07363008399994,4.601561166848952,0 -74.07359143099995,4.601537962848949,0 -74.07356627999997,4.601522896848952,0</coordinates></LinearRing></outerBoundaryIs>
        </Polygon>
        <Polygon>
          <extrude>0</extrude><altitudeMode>clampToGround</altitudeMode>
          <outerBoundaryIs><LinearRing><coordinates> -74.07147134599995,4.600659718848943,0 -74.07199242399997,4.600818519849001,0 -74.07233334399996,4.600860018848962,0 -74.07232078799996,4.600857320848952,0 -74.07230745599998,4.600854497848963,0 -74.07228965999997,4.600850789848956,0 -74.07227630299997,4.600848040848987,0 -74.07226293699995,4.600845314848994,0 -74.07224510799995,4.60084170584896,0 -74.07220499199997,4.60083363684897,0 -74.07217827099998,4.600828239848973,0 -74.07216047699995,4.600824611848973,0 -74.07213827199996,4.600820017848955,0 -74.07212939999994,4.600818155848984,0 -74.07211610999997,4.600815337848996,0 -74.07210726499994,4.600813436848975,0 -74.07209842499998,4.600811515848939,0 -74.07208959699994,4.600809575848991,0 -74.07207637799996,4.600806623848948,0 -74.07206758399997,4.600804622848959,0 -74.07205879999998,4.600802596848959,0 -74.07205002499995,4.600800550848943,0 -74.07203247899997,4.600796413848976,0 -74.07201492599995,4.600792228848959,0 -74.07200176199996,4.600789061848969,0 -74.07198859499994,4.600785870848944,0 -74.07197542799997,4.600782658848984,0 -74.07196225699994,4.600779426848939,0 -74.07194030599999,4.600773997848941,0 -74.07191395899997,4.60076742684897,0 -74.07188321499996,4.600759697848971,0 -74.07184806599997,4.600750804848995,0 -74.07176455199993,4.600729608848958,0 -74.07172497299996,4.600719621848968,0 -74.07169857899999,4.600713011848947,0 -74.07167657899998,4.600707542848979,0 -74.07165897899995,4.60070320084897,0 -74.07163697199996,4.600697818848989,0 -74.07161496299994,4.600692494848955,0 -74.07160175599995,4.600689332848973,0 -74.07158854699998,4.600686192848984,0 -74.07157533799995,4.600683080848981,0 -74.07156652799995,4.600681022848971,0 -74.07154891199997,4.600676945848944,0 -74.07153129499994,4.600672923848963,0 -74.07151807799994,4.600669945848962,0 -74.07150926699995,4.600667982848976,0 -74.07149164099997,4.600664100848982,0 -74.07148282999998,4.600662184848956,0 -74.07147134599995,4.600659718848943,0</coordinates></LinearRing></outerBoundaryIs>
        </Polygon>
        <Polygon>
          <extrude>0</extrude><altitudeMode>clampToGround</altitudeMode>
          <outerBoundaryIs><LinearRing><coordinates> -74.07071086499997,4.600684789848981,0 -74.07070313099996,4.60068674684898,0 -74.07069435899996,4.60068899584896,0 -74.07068558799995,4.600691273848962,0 -74.07067681999996,4.600693577848985,0 -74.07066805399995,4.600695906848967,0 -74.07065929299995,4.600698257848949,0 -74.07065053399998,4.600700624848978,0 -74.07064177699993,4.60070301484895,0 -74.07062426799996,4.600707839848963,0 -74.07060676899994,4.600712711848997,0 -74.07058490099996,4.600718847848968,0 -74.07054118499997,4.600731159848995,0 -74.07051932899998,4.600737270848994,0 -74.07049746999996,4.600743310848953,0 -74.07048872499996,4.600745701848963,0 -74.07047560499996,4.600749252848979,0 -74.07046685799997,4.60075159384895,0 -74.07045373199998,4.600755060848956,0 -74.07044498099998,4.600757340848993,0 -74.07043622699996,4.600759593848984,0 -74.07042747199995,4.600761816848952,0 -74.07041871299998,4.600764007848981,0 -74.07040556999993,4.600767229848951,0 -74.07039680699995,4.600769332848991,0 -74.07038365199998,4.600772412848994,0 -74.07037487899998,4.600774415848961,0 -74.07037049299998,4.600775401848992,0 -74.07036171299995,4.600777337848982,0 -74.07035732199995,4.600778287848993,0 -74.07034853999994,4.600780153848985,0 -74.07034414699996,4.600781067848981,0 -74.07033535499994,4.600782859848963,0 -74.07032656199993,4.600784599848978,0 -74.07031776399998,4.600786282848967,0 -74.07030895899999,4.600787910848973,0 -74.07030455699999,4.600788703848946,0 -74.07029574699999,4.600790244848967,0 -74.07028692999995,4.600791723848956,0 -74.07028252099997,4.600792438848949,0 -74.07027369499997,4.600793824848957,0 -74.07026486599995,4.600795141848963,0 -74.07026044999998,4.600795772848997,0 -74.07025603199997,4.600796391848986,0 -74.07025160999996,4.60079698984897,0 -74.07024276699997,4.60079813484897,0 -74.07023391599995,4.600799204848967,0 -74.07022505999998,4.600800200848946,0 -74.07022062699997,4.600800669848986,0 -74.07021619499994,4.600801120848995,0 -74.07021175999995,4.60080155084899,0 -74.07020288899997,4.600802350848951,0 -74.07019844699994,4.600802719848973,0 -74.07019400499996,4.600803061848991,0 -74.07018956099995,4.600803368848984,0 -74.07018511299998,4.600803645848951,0 -74.07018066099994,4.600803890848978,0 -74.07017620799996,4.600804105848976,0 -74.07017175399994,4.600804288848972,0 -74.07016729499998,4.60080444284899,0 -74.07016283399997,4.600804564848954,0 -74.07015837099993,4.600804659848972,0 -74.07015390399994,4.600804724848963,0 -74.07014943399997,4.600804764848943,0 -74.07014496499994,4.60080477384896,0 -74.07014049099996,4.600804755848972,0 -74.07013601499995,4.600804714848961,0 -74.07013153699995,4.600804646848992,0 -74.07012705799997,4.600804551848977,0 -74.07012257399998,4.60080443284899,0 -74.07011809199997,4.600804288848972,0 -74.07011360399997,4.60080412184898,0 -74.07010911599997,4.600803931848998,0 -74.07010462599999,4.600803717848986,0 -74.07010013299998,4.600803481848977,0 -74.07009563899999,4.600803224848968,0 -74.07009114399995,4.600802945848963,0 -74.07008664799997,4.600802646848945,0 -74.07007764699995,4.600801986848987,0 -74.07006863999999,4.600801251848972,0 -74.07005962699998,4.600800444848979,0 -74.07005060999995,4.60079956984897,0 -74.07004158599995,4.600798630848947,0 -74.07003255799998,4.600797632848989,0 -74.07002352399996,4.600796578848994,0 -74.07001448599993,4.600795473848972,0 -74.07000544599998,4.600794320848943,0 -74.07000092499999,4.60079372884895,0 -74.06999187999998,4.60079251384895,0 -74.06998282999996,4.600791262848995,0 -74.06996925599998,4.600789326848947,0 -74.06996020099996,4.600788001848973,0 -74.06994209099997,4.600785292848974,0 -74.06989228499998,4.600777663848942,0 -74.06987870599994,4.600775604848939,0 -74.06986965699997,4.600774249848945,0 -74.06986060999998,4.600772916848952,0 -74.06984704299998,4.600770963848967,0 -74.06983348499995,4.600769078848956,0 -74.06982445299997,4.600767867848966,0 -74.06981542499994,4.600766696848959,0 -74.06980639999995,4.600765574848945,0 -74.06979738099994,4.600764498848957,0 -74.06978836899998,4.60076347784895,0 -74.06978386499998,4.60076298984894,0 -74.06977486199997,4.600762054848999,0 -74.06977036299998,4.600761611848963,0 -74.06976136899993,4.600760778848966,0 -74.06975238199993,4.600760013848981,0 -74.06974340199997,4.600759323848948,0 -74.06973891599995,4.600759007848993,0 -74.06973443099997,4.600758712848978,0 -74.06972546999998,4.600758184848996,0 -74.06972099199999,4.600757954848977,0 -74.06971204099995,4.600757557848976,0 -74.06970756899995,4.600757395848985,0 -74.06969863299997,4.600757143848978,0 -74.06969416999993,4.600757054848947,0 -74.06968970799994,4.600756991848989,0 -74.06968524999996,4.600756953848992,0 -74.06968079299997,4.600756942848943,0 -74.06967633899995,4.600756957848957,0 -74.06967188899995,4.600757001848944,0 -74.06966743899994,4.600757071848943,0 -74.06966299599998,4.600757173848944,0 -74.06965855199996,4.600757302848947,0 -74.06965411199997,4.600757461848969,0 -74.06964967599998,4.600757650848962,0 -74.06964524399996,4.600757870848963,0 -74.06964081299998,4.600758122848974,0 -74.06963638599996,4.600758403848959,0 -74.06963196199996,4.600758719848963,0 -74.06962754099999,4.600759069848955,0 -74.06962312299999,4.600759450848965,0 -74.06961870899994,4.600759866848944,0 -74.06961429699999,4.600760314848978,0 -74.06960988999998,4.600760799848962,0 -74.06960107799995,4.600761833848948,0 -74.06959226699996,4.600762932848975,0 -74.06958345899994,4.600764094848965,0 -74.06957465099998,4.600765319848973,0 -74.06956584699998,4.600766609848974,0 -74.06955704399996,4.600767958848969,0 -74.06955264299995,4.600768656848981,0 -74.06954384599999,4.600770094848951,0 -74.06953944499998,4.600770837848995,0 -74.06953065199997,4.600772363848942,0 -74.06952185799997,4.600773947848958,0 -74.06951306699995,4.600775589848989,0 -74.06950427999993,4.600777284848971,0 -74.06949549799998,4.60077903584898,0 -74.06949110799997,4.600779930848955,0 -74.06948232799994,4.600781759848998,0 -74.06947793899997,4.600782694848941,0 -74.06946916599998,4.600784602848948,0 -74.06946039599995,4.600786560848982,0 -74.06945162799997,4.600788569848934,0 -74.06944286599997,4.600790623848994,0 -74.06943410799994,4.600792728848952,0 -74.06942535299999,4.600794876848976,0 -74.06941660099994,4.600797071848958,0 -74.06940785499995,4.600799310848986,0 -74.06940348399996,4.60080044684896,0 -74.06939459399996,4.600802792848995,0 -74.06939503399997,4.600823395848986,0 -74.06943449199997,4.600815354848986,0 -74.07010336299999,4.600828533848992,0 -74.07043181499995,4.60077189184899,0 -74.07071086499997,4.600684789848981,0</coordinates></LinearRing></outerBoundaryIs>
        </Polygon>
      </MultiGeometry>
    </Placemark>
    <Placemark id="ID_00016">
      <name>LA ESTANZUELA</name>
      <snippet></snippet>
      <description><![CDATA[<html xmlns:fo="http://www.w3.org/1999/XSL/Format" xmlns:msxsl="urn:schemas-microsoft-com:xslt">
<head>
<META http-equiv="Content-Type" content="text/html">
<meta http-equiv="content-type" content="text/html; charset=UTF-8">
</head>
<body style="margin:0px 0px 0px 0px;overflow:auto;background:#FFFFFF;">
<table style="font-family:Arial,Verdana,Times;font-size:12px;text-align:left;width:100%;border-collapse:collapse;padding:3px 3px 3px 3px">
<tr style="text-align:center;font-weight:bold;background:#9CBCE2">
<td>004104</td>
</tr>
<tr>
<td>
<table style="font-family:Arial,Verdana,Times;font-size:12px;text-align:left;width:100%;border-spacing:0px; padding:3px 3px 3px 3px">
<tr>
<td>OBJECTID1</td>
<td>44</td>
</tr>
<tr bgcolor="#D4E4F3">
<td>SCaCodigo</td>
<td>004104</td>
</tr>
<tr>
<td>SCaTipo</td>
<td>0</td>
</tr>
<tr bgcolor="#D4E4F3">
<td>SCaNombre</td>
<td>LA ESTANZUELA</td>
</tr>
<tr>
<td>SHAPE</td>
<td>Polígono</td>
</tr>
<tr bgcolor="#D4E4F3">
<td>SHAPE_Length</td>
<td>0.00401</td>
</tr>
<tr>
<td>SHAPE_Area</td>
<td>0</td>
</tr>
</table>
</td>
</tr>
</table>
</body><script type="text/javascript">
				function changeImage(attElement, nameElement) {
				document.getElementById('imageAttachment').src = attElement;
				document.getElementById('imageName').innerHTML = nameElement;}
			</script></html>
]]></description>
      <styleUrl>#PolyStyle016</styleUrl>
      <MultiGeometry>
        <Polygon>
          <extrude>0</extrude><altitudeMode>clampToGround</altitudeMode>
          <outerBoundaryIs><LinearRing><coordinates> -74.08465825599995,4.597069701849103,0 -74.08352631199995,4.598515468849053,0 -74.08344449799995,4.598630648849015,0 -74.08364125199995,4.598370819849066,0 -74.08409918399997,4.597787466849065,0 -74.08469267999999,4.597071330849094,0 -74.08465825599995,4.597069701849103,0</coordinates></LinearRing></outerBoundaryIs>
        </Polygon>
      </MultiGeometry>
    </Placemark>
    <Placemark id="ID_00017">
      <name>LA FAVORITA</name>
      <snippet></snippet>
      <description><![CDATA[<html xmlns:fo="http://www.w3.org/1999/XSL/Format" xmlns:msxsl="urn:schemas-microsoft-com:xslt">
<head>
<META http-equiv="Content-Type" content="text/html">
<meta http-equiv="content-type" content="text/html; charset=UTF-8">
</head>
<body style="margin:0px 0px 0px 0px;overflow:auto;background:#FFFFFF;">
<table style="font-family:Arial,Verdana,Times;font-size:12px;text-align:left;width:100%;border-collapse:collapse;padding:3px 3px 3px 3px">
<tr style="text-align:center;font-weight:bold;background:#9CBCE2">
<td>006104</td>
</tr>
<tr>
<td>
<table style="font-family:Arial,Verdana,Times;font-size:12px;text-align:left;width:100%;border-spacing:0px; padding:3px 3px 3px 3px">
<tr>
<td>OBJECTID1</td>
<td>18</td>
</tr>
<tr bgcolor="#D4E4F3">
<td>SCaCodigo</td>
<td>006104</td>
</tr>
<tr>
<td>SCaTipo</td>
<td>0</td>
</tr>
<tr bgcolor="#D4E4F3">
<td>SCaNombre</td>
<td>LA FAVORITA</td>
</tr>
<tr>
<td>SHAPE</td>
<td>Polígono</td>
</tr>
<tr bgcolor="#D4E4F3">
<td>SHAPE_Length</td>
<td>0.008419</td>
</tr>
<tr>
<td>SHAPE_Area</td>
<td>0</td>
</tr>
</table>
</td>
</tr>
</table>
</body><script type="text/javascript">
				function changeImage(attElement, nameElement) {
				document.getElementById('imageAttachment').src = attElement;
				document.getElementById('imageName').innerHTML = nameElement;}
			</script></html>
]]></description>
      <styleUrl>#PolyStyle017</styleUrl>
      <MultiGeometry>
        <Polygon>
          <extrude>0</extrude><altitudeMode>clampToGround</altitudeMode>
          <outerBoundaryIs><LinearRing><coordinates> -74.07809100599997,4.606167256848785,0 -74.07755127199994,4.60692697284876,0 -74.07747979799996,4.607019721848789,0 -74.07757611799997,4.606896112848782,0 -74.07810091799996,4.606174333848806,0 -74.07809100599997,4.606167256848785,0</coordinates></LinearRing></outerBoundaryIs>
        </Polygon>
        <Polygon>
          <extrude>0</extrude><altitudeMode>clampToGround</altitudeMode>
          <outerBoundaryIs><LinearRing><coordinates> -74.07714837099996,4.607449797848767,0 -74.07664220299995,4.608106627848708,0 -74.07634379799998,4.608555679848717,0 -74.07620358599996,4.608784755848698,0 -74.07565380899996,4.60975298184866,0 -74.07548558699995,4.610090318848667,0 -74.07552635799993,4.610121609848642,0 -74.07565713899999,4.609858588848673,0 -74.07579306999997,4.609596742848688,0 -74.07593364199994,4.609337367848708,0 -74.07607864999994,4.609080464848678,0 -74.07622809199995,4.608826174848699,0 -74.07638196799996,4.60857449784872,0 -74.07654020499996,4.608325506848754,0 -74.07670266699995,4.608079411848733,0 -74.07686955899999,4.607836141848741,0 -74.07704046399994,4.60759590684877,0 -74.07714837099996,4.607449797848767,0</coordinates></LinearRing></outerBoundaryIs>
        </Polygon>
      </MultiGeometry>
    </Placemark>
    <Placemark id="ID_00018">
      <name>LA HORTUA</name>
      <snippet></snippet>
      <description><![CDATA[<html xmlns:fo="http://www.w3.org/1999/XSL/Format" xmlns:msxsl="urn:schemas-microsoft-com:xslt">
<head>
<META http-equiv="Content-Type" content="text/html">
<meta http-equiv="content-type" content="text/html; charset=UTF-8">
</head>
<body style="margin:0px 0px 0px 0px;overflow:auto;background:#FFFFFF;">
<table style="font-family:Arial,Verdana,Times;font-size:12px;text-align:left;width:100%;border-collapse:collapse;padding:3px 3px 3px 3px">
<tr style="text-align:center;font-weight:bold;background:#9CBCE2">
<td>001208</td>
</tr>
<tr>
<td>
<table style="font-family:Arial,Verdana,Times;font-size:12px;text-align:left;width:100%;border-spacing:0px; padding:3px 3px 3px 3px">
<tr>
<td>OBJECTID1</td>
<td>26</td>
</tr>
<tr bgcolor="#D4E4F3">
<td>SCaCodigo</td>
<td>001208</td>
</tr>
<tr>
<td>SCaTipo</td>
<td>0</td>
</tr>
<tr bgcolor="#D4E4F3">
<td>SCaNombre</td>
<td>LA HORTUA</td>
</tr>
<tr>
<td>SHAPE</td>
<td>Polígono</td>
</tr>
<tr bgcolor="#D4E4F3">
<td>SHAPE_Length</td>
<td>0.00501</td>
</tr>
<tr>
<td>SHAPE_Area</td>
<td>0</td>
</tr>
</table>
</td>
</tr>
</table>
</body><script type="text/javascript">
				function changeImage(attElement, nameElement) {
				document.getElementById('imageAttachment').src = attElement;
				document.getElementById('imageName').innerHTML = nameElement;}
			</script></html>
]]></description>
      <styleUrl>#PolyStyle018</styleUrl>
      <MultiGeometry>
        <Polygon>
          <extrude>0</extrude><altitudeMode>clampToGround</altitudeMode>
          <outerBoundaryIs><LinearRing><coordinates> -74.08690381999997,4.590530377849292,0 -74.08876972699994,4.591715394849263,0 -74.08888781499996,4.591844433849263,0 -74.08891497299999,4.591872403849287,0 -74.08892988999997,4.591877837849282,0 -74.08893876299999,4.591881092849249,0 -74.08895410399998,4.591875652849252,0 -74.08896589799997,4.591874385849235,0 -74.08900489499996,4.591819546849272,0 -74.08690381999997,4.590530377849292,0</coordinates></LinearRing></outerBoundaryIs>
        </Polygon>
      </MultiGeometry>
    </Placemark>
    <Placemark id="ID_00019">
      <name>LA MACARENA</name>
      <snippet></snippet>
      <description><![CDATA[<html xmlns:fo="http://www.w3.org/1999/XSL/Format" xmlns:msxsl="urn:schemas-microsoft-com:xslt">
<head>
<META http-equiv="Content-Type" content="text/html">
<meta http-equiv="content-type" content="text/html; charset=UTF-8">
</head>
<body style="margin:0px 0px 0px 0px;overflow:auto;background:#FFFFFF;">
<table style="font-family:Arial,Verdana,Times;font-size:12px;text-align:left;width:100%;border-collapse:collapse;padding:3px 3px 3px 3px">
<tr style="text-align:center;font-weight:bold;background:#9CBCE2">
<td>008105</td>
</tr>
<tr>
<td>
<table style="font-family:Arial,Verdana,Times;font-size:12px;text-align:left;width:100%;border-spacing:0px; padding:3px 3px 3px 3px">
<tr>
<td>OBJECTID1</td>
<td>20</td>
</tr>
<tr bgcolor="#D4E4F3">
<td>SCaCodigo</td>
<td>008105</td>
</tr>
<tr>
<td>SCaTipo</td>
<td>0</td>
</tr>
<tr bgcolor="#D4E4F3">
<td>SCaNombre</td>
<td>LA MACARENA</td>
</tr>
<tr>
<td>SHAPE</td>
<td>Polígono</td>
</tr>
<tr bgcolor="#D4E4F3">
<td>SHAPE_Length</td>
<td>0.015347</td>
</tr>
<tr>
<td>SHAPE_Area</td>
<td>0.000013</td>
</tr>
</table>
</td>
</tr>
</table>
</body><script type="text/javascript">
				function changeImage(attElement, nameElement) {
				document.getElementById('imageAttachment').src = attElement;
				document.getElementById('imageName').innerHTML = nameElement;}
			</script></html>
]]></description>
      <styleUrl>#PolyStyle019</styleUrl>
      <MultiGeometry>
        <Polygon>
          <extrude>0</extrude><altitudeMode>clampToGround</altitudeMode>
          <outerBoundaryIs><LinearRing><coordinates> -74.06532481599999,4.611564111848626,0 -74.06509507799996,4.612536914848557,0 -74.06508985199997,4.612549840848572,0 -74.06497973799998,4.612810164848571,0 -74.06491017199994,4.612984980848592,0 -74.06477275199995,4.613329278848536,0 -74.06444495699998,4.613883089848553,0 -74.06428116599994,4.614021555848558,0 -74.06415179199996,4.614116726848553,0 -74.06397935299998,4.614246513848546,0 -74.06376367199994,4.614393560848518,0 -74.06354806799999,4.614644381848519,0 -74.06347903999995,4.614834744848517,0 -74.06331512699995,4.615241502848502,0 -74.06324618299993,4.615483752848484,0 -74.06313399499999,4.615751940848475,0 -74.06307758299994,4.615911299848476,0 -74.06310280599996,4.615917811848444,0 -74.06328900699998,4.615966375848498,0 -74.06341296199997,4.615998660848467,0 -74.06402957999995,4.616159454848476,0 -74.06624156799995,4.616776563848477,0 -74.06626752399995,4.616679572848457,0 -74.06652094799995,4.615757212848489,0 -74.06676095099994,4.614828793848529,0 -74.06690903299994,4.614183391848515,0 -74.06691164699998,4.614172453848515,0 -74.06743401699998,4.6120586288486,0 -74.06739636199995,4.612048319848598,0 -74.06532481599999,4.611564111848626,0</coordinates></LinearRing></outerBoundaryIs>
        </Polygon>
      </MultiGeometry>
    </Placemark>
    <Placemark id="ID_00020">
      <name>LA MAGDALENA</name>
      <snippet></snippet>
      <description><![CDATA[<html xmlns:fo="http://www.w3.org/1999/XSL/Format" xmlns:msxsl="urn:schemas-microsoft-com:xslt">
<head>
<META http-equiv="Content-Type" content="text/html">
<meta http-equiv="content-type" content="text/html; charset=UTF-8">
</head>
<body style="margin:0px 0px 0px 0px;overflow:auto;background:#FFFFFF;">
<table style="font-family:Arial,Verdana,Times;font-size:12px;text-align:left;width:100%;border-collapse:collapse;padding:3px 3px 3px 3px">
<tr style="text-align:center;font-weight:bold;background:#9CBCE2">
<td>007103</td>
</tr>
<tr>
<td>
<table style="font-family:Arial,Verdana,Times;font-size:12px;text-align:left;width:100%;border-spacing:0px; padding:3px 3px 3px 3px">
<tr>
<td>OBJECTID1</td>
<td>11</td>
</tr>
<tr bgcolor="#D4E4F3">
<td>SCaCodigo</td>
<td>007103</td>
</tr>
<tr>
<td>SCaTipo</td>
<td>0</td>
</tr>
<tr bgcolor="#D4E4F3">
<td>SCaNombre</td>
<td>LA MAGDALENA</td>
</tr>
<tr>
<td>SHAPE</td>
<td>Polígono</td>
</tr>
<tr bgcolor="#D4E4F3">
<td>SHAPE_Length</td>
<td>0.00705</td>
</tr>
<tr>
<td>SHAPE_Area</td>
<td>0</td>
</tr>
</table>
</td>
</tr>
</table>
</body><script type="text/javascript">
				function changeImage(attElement, nameElement) {
				document.getElementById('imageAttachment').src = attElement;
				document.getElementById('imageName').innerHTML = nameElement;}
			</script></html>
]]></description>
      <styleUrl>#PolyStyle020</styleUrl>
      <MultiGeometry>
        <Polygon>
          <extrude>0</extrude><altitudeMode>clampToGround</altitudeMode>
          <outerBoundaryIs><LinearRing><coordinates> -74.06898393099993,4.625353710848183,0 -74.06853015799999,4.627864015848085,0 -74.06839936699998,4.628539430848055,0 -74.06835769699995,4.628754980848051,0 -74.06840721499998,4.628803969848042,0 -74.06856870099995,4.627883237848075,0 -74.06901092099997,4.62536303484814,0 -74.06898393099993,4.625353710848183,0</coordinates></LinearRing></outerBoundaryIs>
        </Polygon>
      </MultiGeometry>
    </Placemark>
    <Placemark id="ID_00021">
      <name>LA MERCED</name>
      <snippet></snippet>
      <description><![CDATA[<html xmlns:fo="http://www.w3.org/1999/XSL/Format" xmlns:msxsl="urn:schemas-microsoft-com:xslt">
<head>
<META http-equiv="Content-Type" content="text/html">
<meta http-equiv="content-type" content="text/html; charset=UTF-8">
</head>
<body style="margin:0px 0px 0px 0px;overflow:auto;background:#FFFFFF;">
<table style="font-family:Arial,Verdana,Times;font-size:12px;text-align:left;width:100%;border-collapse:collapse;padding:3px 3px 3px 3px">
<tr style="text-align:center;font-weight:bold;background:#9CBCE2">
<td>008103</td>
</tr>
<tr>
<td>
<table style="font-family:Arial,Verdana,Times;font-size:12px;text-align:left;width:100%;border-spacing:0px; padding:3px 3px 3px 3px">
<tr>
<td>OBJECTID1</td>
<td>17</td>
</tr>
<tr bgcolor="#D4E4F3">
<td>SCaCodigo</td>
<td>008103</td>
</tr>
<tr>
<td>SCaTipo</td>
<td>0</td>
</tr>
<tr bgcolor="#D4E4F3">
<td>SCaNombre</td>
<td>LA MERCED</td>
</tr>
<tr>
<td>SHAPE</td>
<td>Polígono</td>
</tr>
<tr bgcolor="#D4E4F3">
<td>SHAPE_Length</td>
<td>0.014869</td>
</tr>
<tr>
<td>SHAPE_Area</td>
<td>0.000009</td>
</tr>
</table>
</td>
</tr>
</table>
</body><script type="text/javascript">
				function changeImage(attElement, nameElement) {
				document.getElementById('imageAttachment').src = attElement;
				document.getElementById('imageName').innerHTML = nameElement;}
			</script></html>
]]></description>
      <styleUrl>#PolyStyle021</styleUrl>
      <MultiGeometry>
        <Polygon>
          <extrude>0</extrude><altitudeMode>clampToGround</altitudeMode>
          <outerBoundaryIs><LinearRing><coordinates> -74.06476739699997,4.621587944848287,0 -74.06476529099996,4.621589577848296,0 -74.06476315699996,4.621591184848299,0 -74.06475901299996,4.621594437848286,0 -74.06475698499997,4.621596283848265,0 -74.06475288599995,4.621599860848298,0 -74.06475099399995,4.62160166884827,0 -74.06474910299994,4.621603558848295,0 -74.06474727099999,4.62160546284828,0 -74.06474343899998,4.621609609848305,0 -74.06474279499997,4.621610255848297,0 -74.06474189499994,4.621611342848284,0 -74.06474036299994,4.62161296684827,0 -74.06473810999995,4.621615768848315,0 -74.06473706499997,4.621617166848313,0 -74.06473514099997,4.621619658848276,0 -74.06473192599998,4.62162403384827,0 -74.06473162799995,4.621624490848277,0 -74.06473036199998,4.62162625384828,0 -74.06472901099994,4.621628422848301,0 -74.06472747799995,4.621630682848276,0 -74.06472650999996,4.621632366848313,0 -74.06472477199998,4.621635291848309,0 -74.06472341899996,4.621637647848289,0 -74.06472216199995,4.621639992848277,0 -74.06471846799997,4.621647223848312,0 -74.06471717199997,4.621649470848316,0 -74.06471612099995,4.621651931848268,0 -74.06471414299995,4.621656805848275,0 -74.06471315099998,4.62165933684828,0 -74.06471233299999,4.621661865848311,0 -74.06471134899994,4.621664398848295,0 -74.06471025399998,4.621668271848263,0 -74.06470984999999,4.621669597848282,0 -74.06470902299998,4.62167265684827,0 -74.06470916099994,4.621672793848309,0 -74.06470882499997,4.621674442848313,0 -74.06470805999999,4.6216775618483,0 -74.06470779799997,4.621678777848285,0 -74.06470747299994,4.621680126848291,0 -74.06470733999998,4.621680900848284,0 -74.06470693399996,4.621682787848283,0 -74.06470651099994,4.621685470848281,0 -74.06470629999995,4.621686591848301,0 -74.06470594099994,4.621688080848298,0 -74.06470557999995,4.621690702848307,0 -74.06470548199997,4.621692129848276,0 -74.06470502599996,4.621695572848307,0 -74.06470494899997,4.621696035848301,0 -74.06470492199998,4.621696438848308,0 -74.06470467999998,4.621698747848267,0 -74.06470446799995,4.621701431848305,0 -74.06470418599997,4.621706727848293,0 -74.06470411499998,4.621709411848275,0 -74.06470411499998,4.621714777848301,0 -74.06470418499998,4.621717461848291,0 -74.06470446499998,4.621722828848259,0 -74.06470488699995,4.621728196848276,0 -74.06470593899996,4.621736174848264,0 -74.06470637199999,4.621738791848273,0 -74.06470683799995,4.621741323848267,0 -74.06470755999999,4.621744862848301,0 -74.06470931899997,4.621748747848308,0 -74.06471255499997,4.621750301848306,0 -74.06471529999999,4.621751784848309,0 -74.06505313699995,4.62182039684826,0 -74.06513122299998,4.621836286848301,0 -74.06503011499996,4.622100408848268,0 -74.06495261099997,4.622357934848243,0 -74.06486573899997,4.622614013848231,0 -74.06645426299997,4.62317482384824,0 -74.06657205199997,4.622767517848247,0 -74.06681617699996,4.622052793848303,0 -74.06698639899997,4.621616567848279,0 -74.06711254699997,4.621371611848327,0 -74.06714976099994,4.621299661848323,0 -74.06748812499995,4.620490032848346,0 -74.06770888999995,4.620008162848317,0 -74.06774556499994,4.619923918848325,0 -74.06602394799995,4.618930647848386,0 -74.06606945299995,4.618824257848409,0 -74.06608612399998,4.618780598848379,0 -74.06588370599997,4.618734203848355,0 -74.06567623599994,4.61875008984839,0 -74.06565406599998,4.618824210848394,0 -74.06551582499998,4.619254564848377,0 -74.06535109499998,4.619714745848365,0 -74.06521566599997,4.619974253848351,0 -74.06512221899999,4.620215597848356,0 -74.06497858899996,4.620492640848328,0 -74.06484289199994,4.620735877848333,0 -74.06466288599995,4.620844782848319,0 -74.06444658599997,4.620869344848333,0 -74.06417417499995,4.620778556848321,0 -74.06402905499993,4.620700077848303,0 -74.06391743999995,4.620681352848338,0 -74.06382059799995,4.620674380848351,0 -74.06361754399995,4.620675984848322,0 -74.06349934799994,4.620693597848327,0 -74.06339709799994,4.620712658848317,0 -74.06339043099996,4.620719799848349,0 -74.06334727699993,4.620738053848344,0 -74.06331159999996,4.620763088848299,0 -74.06417403099994,4.621249604848314,0 -74.06462731799996,4.62149670584832,0 -74.06466785499998,4.621506563848321,0 -74.06470839299999,4.62151361984828,0 -74.06475884099996,4.621517873848309,0 -74.06481064099995,4.621522037848266,0 -74.06487631299996,4.62152484784828,0 -74.06484198399994,4.621585046848296,0 -74.06483751799993,4.6215854388483,0 -74.06483468799996,4.621585664848296,0 -74.06483262799998,4.6215857238483,0 -74.06482621799995,4.621585858848293,0 -74.06481883499998,4.621586857848301,0 -74.06479279599995,4.62158775284827,0 -74.06477027499994,4.621585942848307,0 -74.06476958399998,4.621586397848279,0 -74.06476739699997,4.621587944848287,0</coordinates></LinearRing></outerBoundaryIs>
        </Polygon>
      </MultiGeometry>
    </Placemark>
    <Placemark id="ID_00022">
      <name>LA PENA</name>
      <snippet></snippet>
      <description><![CDATA[<html xmlns:fo="http://www.w3.org/1999/XSL/Format" xmlns:msxsl="urn:schemas-microsoft-com:xslt">
<head>
<META http-equiv="Content-Type" content="text/html">
<meta http-equiv="content-type" content="text/html; charset=UTF-8">
</head>
<body style="margin:0px 0px 0px 0px;overflow:auto;background:#FFFFFF;">
<table style="font-family:Arial,Verdana,Times;font-size:12px;text-align:left;width:100%;border-collapse:collapse;padding:3px 3px 3px 3px">
<tr style="text-align:center;font-weight:bold;background:#9CBCE2">
<td>003206</td>
</tr>
<tr>
<td>
<table style="font-family:Arial,Verdana,Times;font-size:12px;text-align:left;width:100%;border-spacing:0px; padding:3px 3px 3px 3px">
<tr>
<td>OBJECTID1</td>
<td>50</td>
</tr>
<tr bgcolor="#D4E4F3">
<td>SCaCodigo</td>
<td>003206</td>
</tr>
<tr>
<td>SCaTipo</td>
<td>0</td>
</tr>
<tr bgcolor="#D4E4F3">
<td>SCaNombre</td>
<td>LA PENA</td>
</tr>
<tr>
<td>SHAPE</td>
<td>Polígono</td>
</tr>
<tr bgcolor="#D4E4F3">
<td>SHAPE_Length</td>
<td>0.018892</td>
</tr>
<tr>
<td>SHAPE_Area</td>
<td>0.000006</td>
</tr>
</table>
</td>
</tr>
</table>
</body><script type="text/javascript">
				function changeImage(attElement, nameElement) {
				document.getElementById('imageAttachment').src = attElement;
				document.getElementById('imageName').innerHTML = nameElement;}
			</script></html>
]]></description>
      <styleUrl>#PolyStyle022</styleUrl>
      <MultiGeometry>
        <Polygon>
          <extrude>0</extrude><altitudeMode>clampToGround</altitudeMode>
          <outerBoundaryIs><LinearRing><coordinates> -74.06804190499997,4.589109551849323,0 -74.06810730199999,4.589134417849375,0 -74.06819584799996,4.589180889849321,0 -74.06824629199997,4.589206323849329,0 -74.06842085499994,4.589354291849346,0 -74.06853734299995,4.589254590849341,0 -74.06853311699996,4.589181590849354,0 -74.06848825699996,4.58908964384937,0 -74.06843703399994,4.588889452849343,0 -74.06826664599998,4.588644762849361,0 -74.06803426699997,4.588594510849366,0 -74.06799758399995,4.588386428849353,0 -74.06767372499996,4.587935079849365,0 -74.06741679999999,4.587854688849377,0 -74.06731051799994,4.588024481849378,0 -74.06722181299995,4.587962715849393,0 -74.06721356599996,4.587976724849371,0 -74.06713288699996,4.587920546849407,0 -74.06706325399995,4.588038851849408,0 -74.06696864899999,4.587966288849399,0 -74.06686946599996,4.587876753849381,0 -74.06692918999994,4.587814368849404,0 -74.06680775799998,4.587680570849362,0 -74.06673350099999,4.587745367849422,0 -74.06673735699997,4.587692213849418,0 -74.06680028699998,4.587626448849375,0 -74.06689730599999,4.587498742849375,0 -74.06691447899993,4.587391596849374,0 -74.06691210199995,4.587336586849395,0 -74.06684390199996,4.587035365849434,0 -74.06677049499996,4.586688697849421,0 -74.06672704399995,4.586126364849442,0 -74.06674373299995,4.586081401849448,0 -74.06679498399996,4.586013244849457,0 -74.06677868499997,4.585933468849459,0 -74.06654165799995,4.585899001849485,0 -74.06652056699994,4.585880701849464,0 -74.06647690599993,4.585851906849467,0 -74.06639378299997,4.585652250849472,0 -74.06622247699994,4.585378298849487,0 -74.06603748299995,4.585076512849485,0 -74.06603905199995,4.585003551849476,0 -74.06601612499998,4.584907809849491,0 -74.06600269099994,4.584810282849463,0 -74.06597734399998,4.584746360849482,0 -74.06593592099995,4.584660528849519,0 -74.06589207399998,4.584583691849474,0 -74.06581023999996,4.584439294849495,0 -74.06575230899995,4.584283758849534,0 -74.06571974299999,4.584121011849487,0 -74.06565829299996,4.583744669849516,0 -74.06563649499998,4.583656413849553,0 -74.06563041899994,4.583643856849503,0 -74.06556762099996,4.583535018849549,0 -74.06553087399993,4.583593683849528,0 -74.06558067799995,4.583679706849519,0 -74.06559185699996,4.583725143849504,0 -74.06560375699996,4.583780198849516,0 -74.06563403499996,4.583964565849491,0 -74.06539687799994,4.584022656849507,0 -74.06540284099998,4.584040213849494,0 -74.06531485999994,4.584060992849504,0 -74.06529968699994,4.584095426849489,0 -74.06528888399998,4.584119731849501,0 -74.06512683999995,4.584327686849488,0 -74.06505119599996,4.584903664849506,0 -74.06498602399995,4.585278579849451,0 -74.06520678099997,4.585576275849458,0 -74.06551174299994,4.585908881849472,0 -74.06556586299996,4.585904911849455,0 -74.06582207599996,4.585923717849465,0 -74.06604281099999,4.586300265849417,0 -74.06603092999995,4.586344058849445,0 -74.06601821999999,4.586387498849455,0 -74.06600633699998,4.586431292849419,0 -74.06599127899995,4.586478658849408,0 -74.06597946099998,4.586522271849415,0 -74.06596677599998,4.586565639849443,0 -74.06592593099998,4.586692629849453,0 -74.06590696899997,4.586752989849411,0 -74.06583399199997,4.586784093849425,0 -74.06575466399994,4.586813766849392,0 -74.06575937499997,4.586858736849431,0 -74.06576630999996,4.586911995849398,0 -74.06568055099996,4.586916921849429,0 -74.06550417199998,4.586908079849428,0 -74.06543147599996,4.586905883849407,0 -74.06538084799996,4.586916887849446,0 -74.06530139599994,4.586910243849399,0 -74.06525509599999,4.586896959849417,0 -74.06496855199998,4.586834997849405,0 -74.06475461099996,4.586795144849429,0 -74.06460588999994,4.586759322849401,0 -74.06464548299994,4.586799080849415,0 -74.06480676399997,4.586957503849427,0 -74.06598716099995,4.588097333849385,0 -74.06602577899997,4.5881345758494,0 -74.06613576799998,4.588240842849385,0 -74.06617477299994,4.588252146849382,0 -74.06629069999997,4.588328922849387,0 -74.06646012699997,4.588488045849382,0 -74.06652371799998,4.588553526849365,0 -74.06662101899997,4.588445063849361,0 -74.06683805299997,4.588218675849385,0 -74.06696820799993,4.588340578849359,0 -74.06702026399995,4.588445107849358,0 -74.06704627699997,4.588636775849358,0 -74.06713309499997,4.588828376849341,0 -74.06725892599997,4.588954735849369,0 -74.06764085599997,4.589128923849324,0 -74.06777850199995,4.589128939849325,0 -74.06782156599996,4.589089323849342,0 -74.06787579699994,4.589077967849331,0 -74.06804190499997,4.589109551849323,0</coordinates></LinearRing></outerBoundaryIs>
        </Polygon>
      </MultiGeometry>
    </Placemark>
    <Placemark id="ID_00023">
      <name>LA PEÑA I</name>
      <snippet></snippet>
      <description><![CDATA[<html xmlns:fo="http://www.w3.org/1999/XSL/Format" xmlns:msxsl="urn:schemas-microsoft-com:xslt">
<head>
<META http-equiv="Content-Type" content="text/html">
<meta http-equiv="content-type" content="text/html; charset=UTF-8">
</head>
<body style="margin:0px 0px 0px 0px;overflow:auto;background:#FFFFFF;">
<table style="font-family:Arial,Verdana,Times;font-size:12px;text-align:left;width:100%;border-collapse:collapse;padding:3px 3px 3px 3px">
<tr style="text-align:center;font-weight:bold;background:#9CBCE2">
<td>003221</td>
</tr>
<tr>
<td>
<table style="font-family:Arial,Verdana,Times;font-size:12px;text-align:left;width:100%;border-spacing:0px; padding:3px 3px 3px 3px">
<tr>
<td>OBJECTID1</td>
<td>9</td>
</tr>
<tr bgcolor="#D4E4F3">
<td>SCaCodigo</td>
<td>003221</td>
</tr>
<tr>
<td>SCaTipo</td>
<td>0</td>
</tr>
<tr bgcolor="#D4E4F3">
<td>SCaNombre</td>
<td>LA PEÑA I</td>
</tr>
<tr>
<td>SHAPE</td>
<td>Polígono</td>
</tr>
<tr bgcolor="#D4E4F3">
<td>SHAPE_Length</td>
<td>0.004866</td>
</tr>
<tr>
<td>SHAPE_Area</td>
<td>0.000001</td>
</tr>
</table>
</td>
</tr>
</table>
</body><script type="text/javascript">
				function changeImage(attElement, nameElement) {
				document.getElementById('imageAttachment').src = attElement;
				document.getElementById('imageName').innerHTML = nameElement;}
			</script></html>
]]></description>
      <styleUrl>#PolyStyle023</styleUrl>
      <MultiGeometry>
        <Polygon>
          <extrude>0</extrude><altitudeMode>clampToGround</altitudeMode>
          <outerBoundaryIs><LinearRing><coordinates> -74.06459602299998,4.586299995849423,0 -74.06456345999999,4.586401432849436,0 -74.06451794299994,4.586491854849458,0 -74.06448781799998,4.586532119849451,0 -74.06446736399994,4.586573282849447,0 -74.06444646199998,4.586602097849451,0 -74.06454130799995,4.586695260849423,0 -74.06457922799996,4.586734171849415,0 -74.06460588999994,4.586759322849401,0 -74.06475461099996,4.586795144849429,0 -74.06496855199998,4.586834997849405,0 -74.06525509599999,4.586896959849417,0 -74.06530139599994,4.586910243849399,0 -74.06538084799996,4.586916887849446,0 -74.06543147599996,4.586905883849407,0 -74.06550417199998,4.586908079849428,0 -74.06568055099996,4.586916921849429,0 -74.06576630999996,4.586911995849398,0 -74.06575937499997,4.586858736849431,0 -74.06575466399994,4.586813766849392,0 -74.06583399199997,4.586784093849425,0 -74.06590696899997,4.586752989849411,0 -74.06592593099998,4.586692629849453,0 -74.06596677599998,4.586565639849443,0 -74.06597946099998,4.586522271849415,0 -74.06599127899995,4.586478658849408,0 -74.06600633699998,4.586431292849419,0 -74.06601821999999,4.586387498849455,0 -74.06603092999995,4.586344058849445,0 -74.06604281099999,4.586300265849417,0 -74.06582207599996,4.585923717849465,0 -74.06556586299996,4.585904911849455,0 -74.06553805899995,4.585906951849474,0 -74.06561502599999,4.586030727849428,0 -74.06565910699999,4.586147927849456,0 -74.06569841599998,4.586295021849447,0 -74.06569006299998,4.58640145084942,0 -74.06567480499996,4.586438280849419,0 -74.06565263599998,4.586455498849451,0 -74.06556404799994,4.586439708849431,0 -74.06476547399996,4.58634211184946,0 -74.06459602299998,4.586299995849423,0</coordinates></LinearRing></outerBoundaryIs>
        </Polygon>
      </MultiGeometry>
    </Placemark>
    <Placemark id="ID_00024">
      <name>LA PEÑA RURAL</name>
      <snippet></snippet>
      <description><![CDATA[<html xmlns:fo="http://www.w3.org/1999/XSL/Format" xmlns:msxsl="urn:schemas-microsoft-com:xslt">
<head>
<META http-equiv="Content-Type" content="text/html">
<meta http-equiv="content-type" content="text/html; charset=UTF-8">
</head>
<body style="margin:0px 0px 0px 0px;overflow:auto;background:#FFFFFF;">
<table style="font-family:Arial,Verdana,Times;font-size:12px;text-align:left;width:100%;border-collapse:collapse;padding:3px 3px 3px 3px">
<tr style="text-align:center;font-weight:bold;background:#9CBCE2">
<td>201404</td>
</tr>
<tr>
<td>
<table style="font-family:Arial,Verdana,Times;font-size:12px;text-align:left;width:100%;border-spacing:0px; padding:3px 3px 3px 3px">
<tr>
<td>OBJECTID1</td>
<td>1</td>
</tr>
<tr bgcolor="#D4E4F3">
<td>SCaCodigo</td>
<td>201404</td>
</tr>
<tr>
<td>SCaTipo</td>
<td>2</td>
</tr>
<tr bgcolor="#D4E4F3">
<td>SCaNombre</td>
<td>LA PEÑA RURAL</td>
</tr>
<tr>
<td>SHAPE</td>
<td>Polígono</td>
</tr>
<tr bgcolor="#D4E4F3">
<td>SHAPE_Length</td>
<td>0.003642</td>
</tr>
<tr>
<td>SHAPE_Area</td>
<td>0.000001</td>
</tr>
</table>
</td>
</tr>
</table>
</body><script type="text/javascript">
				function changeImage(attElement, nameElement) {
				document.getElementById('imageAttachment').src = attElement;
				document.getElementById('imageName').innerHTML = nameElement;}
			</script></html>
]]></description>
      <styleUrl>#PolyStyle024</styleUrl>
      <MultiGeometry>
        <Polygon>
          <extrude>0</extrude><altitudeMode>clampToGround</altitudeMode>
          <outerBoundaryIs><LinearRing><coordinates> -74.06459602299998,4.586299995849423,0 -74.06476547399996,4.58634211184946,0 -74.06556404799994,4.586439708849431,0 -74.06565263599998,4.586455498849451,0 -74.06567480499996,4.586438280849419,0 -74.06569006299998,4.58640145084942,0 -74.06569841599998,4.586295021849447,0 -74.06565910699999,4.586147927849456,0 -74.06561502599999,4.586030727849428,0 -74.06553805899995,4.585906951849474,0 -74.06551174299994,4.585908881849472,0 -74.06520678099997,4.585576275849458,0 -74.06498602399995,4.585278579849451,0 -74.06497998499998,4.585312974849448,0 -74.06498869199999,4.585579359849468,0 -74.06480514299994,4.586006038849436,0 -74.06476921599995,4.586060776849461,0 -74.06459602299998,4.586299995849423,0</coordinates></LinearRing></outerBoundaryIs>
        </Polygon>
      </MultiGeometry>
    </Placemark>
    <Placemark id="ID_00025">
      <name>LA PERSEVERANCIA</name>
      <snippet></snippet>
      <description><![CDATA[<html xmlns:fo="http://www.w3.org/1999/XSL/Format" xmlns:msxsl="urn:schemas-microsoft-com:xslt">
<head>
<META http-equiv="Content-Type" content="text/html">
<meta http-equiv="content-type" content="text/html; charset=UTF-8">
</head>
<body style="margin:0px 0px 0px 0px;overflow:auto;background:#FFFFFF;">
<table style="font-family:Arial,Verdana,Times;font-size:12px;text-align:left;width:100%;border-collapse:collapse;padding:3px 3px 3px 3px">
<tr style="text-align:center;font-weight:bold;background:#9CBCE2">
<td>008104</td>
</tr>
<tr>
<td>
<table style="font-family:Arial,Verdana,Times;font-size:12px;text-align:left;width:100%;border-spacing:0px; padding:3px 3px 3px 3px">
<tr>
<td>OBJECTID1</td>
<td>33</td>
</tr>
<tr bgcolor="#D4E4F3">
<td>SCaCodigo</td>
<td>008104</td>
</tr>
<tr>
<td>SCaTipo</td>
<td>0</td>
</tr>
<tr bgcolor="#D4E4F3">
<td>SCaNombre</td>
<td>LA PERSEVERANCIA</td>
</tr>
<tr>
<td>SHAPE</td>
<td>Polígono</td>
</tr>
<tr bgcolor="#D4E4F3">
<td>SHAPE_Length</td>
<td>0.012699</td>
</tr>
<tr>
<td>SHAPE_Area</td>
<td>0.000008</td>
</tr>
</table>
</td>
</tr>
</table>
</body><script type="text/javascript">
				function changeImage(attElement, nameElement) {
				document.getElementById('imageAttachment').src = attElement;
				document.getElementById('imageName').innerHTML = nameElement;}
			</script></html>
]]></description>
      <styleUrl>#PolyStyle025</styleUrl>
      <MultiGeometry>
        <Polygon>
          <extrude>0</extrude><altitudeMode>clampToGround</altitudeMode>
          <outerBoundaryIs><LinearRing><coordinates> -74.06262307499998,4.617656860848432,0 -74.06265946699995,4.617674944848403,0 -74.06274729599994,4.617720332848392,0 -74.06282818799997,4.617768522848419,0 -74.06284809499994,4.617780366848391,0 -74.06308994699998,4.618027625848429,0 -74.06334603499994,4.618257258848424,0 -74.06358023499996,4.618465645848405,0 -74.06387226599998,4.618702875848381,0 -74.06402927399995,4.618811187848388,0 -74.06404638899994,4.618823934848356,0 -74.06433004499996,4.619041638848376,0 -74.06460793199994,4.619288086848344,0 -74.06484438299998,4.619508587848341,0 -74.06500588399996,4.619723022848369,0 -74.06521566599997,4.619974253848351,0 -74.06535109499998,4.619714745848365,0 -74.06551582499998,4.619254564848377,0 -74.06565406599998,4.618824210848394,0 -74.06567623599994,4.61875008984839,0 -74.06605735499994,4.617466616848428,0 -74.06624156799995,4.616776563848477,0 -74.06402957999995,4.616159454848476,0 -74.06341296199997,4.615998660848467,0 -74.06328900699998,4.615966375848498,0 -74.06310280599996,4.615917811848444,0 -74.06262286899994,4.616568746848444,0 -74.06262837099996,4.616648931848439,0 -74.06266941299998,4.616725621848447,0 -74.06266718799998,4.616790667848423,0 -74.06266849599996,4.616864779848464,0 -74.06265192999996,4.616907066848448,0 -74.06269978499995,4.616919946848435,0 -74.06269105499996,4.61696432784844,0 -74.06256052799995,4.616929242848467,0 -74.06253663599995,4.616967557848447,0 -74.06260438099997,4.616986281848415,0 -74.06254000899997,4.617141539848423,0 -74.06245540599997,4.617123546848448,0 -74.06239126399998,4.617244940848402,0 -74.06272006099994,4.617322764848421,0 -74.06270759999995,4.617366197848453,0 -74.06268217699994,4.617452918848457,0 -74.06265427399995,4.617538866848439,0 -74.06264029299996,4.617598712848438,0 -74.06262911499994,4.617637813848401,0 -74.06262307499998,4.617656860848432,0</coordinates></LinearRing></outerBoundaryIs>
        </Polygon>
      </MultiGeometry>
    </Placemark>
    <Placemark id="ID_00026">
      <name>LA PERSEVERANCIA I</name>
      <snippet></snippet>
      <description><![CDATA[<html xmlns:fo="http://www.w3.org/1999/XSL/Format" xmlns:msxsl="urn:schemas-microsoft-com:xslt">
<head>
<META http-equiv="Content-Type" content="text/html">
<meta http-equiv="content-type" content="text/html; charset=UTF-8">
</head>
<body style="margin:0px 0px 0px 0px;overflow:auto;background:#FFFFFF;">
<table style="font-family:Arial,Verdana,Times;font-size:12px;text-align:left;width:100%;border-collapse:collapse;padding:3px 3px 3px 3px">
<tr style="text-align:center;font-weight:bold;background:#9CBCE2">
<td>201408</td>
</tr>
<tr>
<td>
<table style="font-family:Arial,Verdana,Times;font-size:12px;text-align:left;width:100%;border-spacing:0px; padding:3px 3px 3px 3px">
<tr>
<td>OBJECTID1</td>
<td>49</td>
</tr>
<tr bgcolor="#D4E4F3">
<td>SCaCodigo</td>
<td>201408</td>
</tr>
<tr>
<td>SCaTipo</td>
<td>2</td>
</tr>
<tr bgcolor="#D4E4F3">
<td>SCaNombre</td>
<td>LA PERSEVERANCIA I</td>
</tr>
<tr>
<td>SHAPE</td>
<td>Polígono</td>
</tr>
<tr bgcolor="#D4E4F3">
<td>SHAPE_Length</td>
<td>0.006433</td>
</tr>
<tr>
<td>SHAPE_Area</td>
<td>0.000001</td>
</tr>
</table>
</td>
</tr>
</table>
</body><script type="text/javascript">
				function changeImage(attElement, nameElement) {
				document.getElementById('imageAttachment').src = attElement;
				document.getElementById('imageName').innerHTML = nameElement;}
			</script></html>
]]></description>
      <styleUrl>#PolyStyle026</styleUrl>
      <MultiGeometry>
        <Polygon>
          <extrude>0</extrude><altitudeMode>clampToGround</altitudeMode>
          <outerBoundaryIs><LinearRing><coordinates> -74.06149221699997,4.617384525848402,0 -74.06152874299994,4.617380303848432,0 -74.06166377799997,4.617412319848405,0 -74.06186493399997,4.617466399848452,0 -74.06202528599994,4.617472836848417,0 -74.06206140999996,4.61747636684843,0 -74.06219869899996,4.617489941848397,0 -74.06225148899995,4.61749510084841,0 -74.06243111299995,4.617561652848424,0 -74.06262307499998,4.617656860848432,0 -74.06262911499994,4.617637813848401,0 -74.06264029299996,4.617598712848438,0 -74.06265427399995,4.617538866848439,0 -74.06268217699994,4.617452918848457,0 -74.06270759999995,4.617366197848453,0 -74.06272006099994,4.617322764848421,0 -74.06239126399998,4.617244940848402,0 -74.06245540599997,4.617123546848448,0 -74.06254000899997,4.617141539848423,0 -74.06260438099997,4.616986281848415,0 -74.06253663599995,4.616967557848447,0 -74.06256052799995,4.616929242848467,0 -74.06269105499996,4.61696432784844,0 -74.06269978499995,4.616919946848435,0 -74.06265192999996,4.616907066848448,0 -74.06266849599996,4.616864779848464,0 -74.06266718799998,4.616790667848423,0 -74.06266941299998,4.616725621848447,0 -74.06262837099996,4.616648931848439,0 -74.06262286899994,4.616568746848444,0 -74.06310280599996,4.615917811848444,0 -74.06307758299994,4.615911299848476,0 -74.06305857499996,4.615906235848487,0 -74.06293308999994,4.615865452848456,0 -74.06256096099997,4.615736957848501,0 -74.06241024299999,4.615681390848496,0 -74.06204651199994,4.616241842848487,0 -74.06198932899997,4.616324750848454,0 -74.06195429199994,4.616402112848461,0 -74.06193074699996,4.61645092484845,0 -74.06191119199997,4.61649562884845,0 -74.06188820999995,4.616548671848431,0 -74.06185798599995,4.616610329848482,0 -74.06182491199996,4.616675596848443,0 -74.06179466399993,4.616741233848478,0 -74.06152653599997,4.617325910848407,0 -74.06149221699997,4.617384525848402,0</coordinates></LinearRing></outerBoundaryIs>
        </Polygon>
      </MultiGeometry>
    </Placemark>
    <Placemark id="ID_00027">
      <name>LAS AGUAS</name>
      <snippet></snippet>
      <description><![CDATA[<html xmlns:fo="http://www.w3.org/1999/XSL/Format" xmlns:msxsl="urn:schemas-microsoft-com:xslt">
<head>
<META http-equiv="Content-Type" content="text/html">
<meta http-equiv="content-type" content="text/html; charset=UTF-8">
</head>
<body style="margin:0px 0px 0px 0px;overflow:auto;background:#FFFFFF;">
<table style="font-family:Arial,Verdana,Times;font-size:12px;text-align:left;width:100%;border-collapse:collapse;padding:3px 3px 3px 3px">
<tr style="text-align:center;font-weight:bold;background:#9CBCE2">
<td>003103</td>
</tr>
<tr>
<td>
<table style="font-family:Arial,Verdana,Times;font-size:12px;text-align:left;width:100%;border-spacing:0px; padding:3px 3px 3px 3px">
<tr>
<td>OBJECTID1</td>
<td>42</td>
</tr>
<tr bgcolor="#D4E4F3">
<td>SCaCodigo</td>
<td>003103</td>
</tr>
<tr>
<td>SCaTipo</td>
<td>0</td>
</tr>
<tr bgcolor="#D4E4F3">
<td>SCaNombre</td>
<td>LAS AGUAS</td>
</tr>
<tr>
<td>SHAPE</td>
<td>Polígono</td>
</tr>
<tr bgcolor="#D4E4F3">
<td>SHAPE_Length</td>
<td>0.024518</td>
</tr>
<tr>
<td>SHAPE_Area</td>
<td>0.000012</td>
</tr>
</table>
</td>
</tr>
</table>
</body><script type="text/javascript">
				function changeImage(attElement, nameElement) {
				document.getElementById('imageAttachment').src = attElement;
				document.getElementById('imageName').innerHTML = nameElement;}
			</script></html>
]]></description>
      <styleUrl>#PolyStyle027</styleUrl>
      <MultiGeometry>
        <Polygon>
          <extrude>0</extrude><altitudeMode>clampToGround</altitudeMode>
          <outerBoundaryIs><LinearRing><coordinates> -74.06494390099994,4.605619412848817,0 -74.06501513799998,4.605723212848792,0 -74.06524796999997,4.606043417848822,0 -74.06542036599996,4.606277017848806,0 -74.06554114199997,4.606519380848783,0 -74.06561003499996,4.606709759848781,0 -74.06565902899996,4.606815346848786,0 -74.06571927099998,4.607037091848754,0 -74.06581238499996,4.607327360848752,0 -74.06584084099995,4.60742851584873,0 -74.06600589399994,4.607496339848774,0 -74.06613742299999,4.607849368848756,0 -74.06618309599997,4.608651551848691,0 -74.06599002199994,4.608750545848728,0 -74.06613959399994,4.608744156848715,0 -74.06632041999995,4.608517375848738,0 -74.06632043499997,4.608375998848702,0 -74.06634747999993,4.608202262848748,0 -74.06640706499996,4.607860034848737,0 -74.06643410199996,4.607751292848727,0 -74.06647221599997,4.607680607848764,0 -74.06649366299996,4.607621039848723,0 -74.06650232899995,4.607458691848726,0 -74.06646040399994,4.606976701848771,0 -74.06644376899999,4.606700272848781,0 -74.06644991399997,4.606527437848788,0 -74.06686545299993,4.605910991848829,0 -74.06676906899997,4.605849150848784,0 -74.06696341199995,4.605581242848841,0 -74.06712271799995,4.605244810848807,0 -74.06745627799995,4.604633507848859,0 -74.06815790799999,4.603327559848861,0 -74.06826169699997,4.603118707848913,0 -74.06889210499997,4.601567019848958,0 -74.06889009599996,4.600990570848982,0 -74.06900862099997,4.60093489484894,0 -74.06899151399995,4.600941470848968,0 -74.06897894699995,4.600946351848965,0 -74.06896220599998,4.600952932848941,0 -74.06894966399994,4.600957922848976,0 -74.06893295499998,4.600964650848941,0 -74.06892460899996,4.600968044848971,0 -74.06891626699996,4.600971458848969,0 -74.06890376699994,4.600976620848947,0 -74.06889543999995,4.60098008584896,0 -74.06888711899995,4.600983571848984,0 -74.06887464899995,4.600988839848985,0 -74.06886634399996,4.600992376848986,0 -74.06885804399997,4.600995935848966,0 -74.06884975199995,4.600999513848935,0 -74.06884146599998,4.60100311384895,0 -74.06883318799999,4.601006731848948,0 -74.06882491699997,4.601010370848938,0 -74.06881252299996,4.601015867848957,0 -74.06880426899994,4.60101955884898,0 -74.06879602399994,4.601023268848966,0 -74.06878778599997,4.601026998848969,0 -74.06877955699997,4.601030748848984,0 -74.06876722699997,4.601036411848959,0 -74.06875901999996,4.601040212848943,0 -74.06875082099998,4.601044032848963,0 -74.06874262899998,4.601047873848988,0 -74.06873444699994,4.601051734848969,0 -74.06872219099995,4.601057562848951,0 -74.06871403199995,4.601061471848939,0 -74.06870588399994,4.601065402848973,0 -74.06869367599995,4.601071334848938,0 -74.06867743799995,4.601079313848975,0 -74.06866123899994,4.601087372848951,0 -74.06864911899999,4.601093467848954,0 -74.06864105199998,4.601097556848965,0 -74.06863299599996,4.601101664848959,0 -74.06862093399997,4.601107862848947,0 -74.06861290599994,4.601112018848931,0 -74.06860489099995,4.601116194848943,0 -74.06859288999993,4.601122496848967,0 -74.06858490299999,4.601126720848977,0 -74.06857692999995,4.601130963848962,0 -74.06856499199995,4.601137368848978,0 -74.06855308299998,4.601143813848976,0 -74.06854516099997,4.60114813684896,0 -74.06853724999996,4.601152476848938,0 -74.06852540999995,4.601159023848939,0 -74.06851753399997,4.601163412848957,0 -74.06850967099996,4.601167819848962,0 -74.06850182099998,4.601172248848969,0 -74.06849398599996,4.601176694848959,0 -74.06848226099999,4.601183399848936,0 -74.06847446099994,4.601187893848923,0 -74.06846667599996,4.601192406848952,0 -74.06845502599998,4.60119921084896,0 -74.06844341099998,4.601206059848947,0 -74.06841636999997,4.601222162848955,0 -74.06839692399996,4.601233663848967,0 -74.06837736199998,4.601245164848926,0 -74.06833010199995,4.601272867848927,0 -74.06831034199996,4.601284491848946,0 -74.06829848399997,4.601291501848945,0 -74.06828662999999,4.601298540848969,0 -74.06827873099996,4.601303252848931,0 -74.06826689599995,4.601310349848965,0 -74.06825507799994,4.601317483848944,0 -74.06824328399995,4.601324663848961,0 -74.06823543799999,4.601329476848939,0 -74.06822760499995,4.601334309848925,0 -74.06821588899999,4.601341604848978,0 -74.06820421499998,4.601348951848919,0 -74.06819258599995,4.601356357848934,0 -74.06818486499998,4.601361330848924,0 -74.06817716699999,4.601366331848959,0 -74.06816949599994,4.601371362848955,0 -74.06816567199996,4.60137388884896,0 -74.06815424099995,4.601381517848945,0 -74.06815044699994,4.601384076848929,0 -74.06814288099997,4.601389219848937,0 -74.06813534999998,4.601394396848937,0 -74.06813159799998,4.601397000848968,0 -74.06812785499994,4.601399610848937,0 -74.06812039699997,4.601404859848955,0 -74.06811668099994,4.601407500848943,0 -74.06810928199997,4.601412805848943,0 -74.06810192299997,4.601418152848951,0 -74.06809826099999,4.601420841848936,0 -74.06809460599999,4.601423539848933,0 -74.06808733499997,4.601428966848962,0 -74.06808010899994,4.601434437848966,0 -74.06807651299994,4.601437189848974,0 -74.06806935999998,4.60144272384894,0 -74.06806225299994,4.601448305848965,0 -74.06805871999995,4.601451113848943,0 -74.06805169499995,4.601456764848923,0 -74.06804471999999,4.601462462848969,0 -74.06803780399997,4.601468210848954,0 -74.06803436699994,4.601471102848945,0 -74.06802753599999,4.601476926848915,0 -74.06802076399998,4.601482800848928,0 -74.06801405299996,4.601488726848957,0 -74.06800740499995,4.601494708848962,0 -74.06800410499994,4.601497717848971,0 -74.06800082099994,4.601500742848931,0 -74.06799755499998,4.601503779848926,0 -74.06799430299998,4.601506834848962,0 -74.06799106999995,4.601509900848936,0 -74.06798785199999,4.60151298284892,0 -74.06798465199995,4.601516077848931,0 -74.06797830799997,4.601522311848941,0 -74.06797516199998,4.601525451848929,0 -74.06797203199994,4.601528607848922,0 -74.06796892299997,4.60153177684894,0 -74.06796582999993,4.601534960848923,0 -74.06796275799996,4.601538161848947,0 -74.06795970399997,4.601541377848927,0 -74.06795666799997,4.601544609848971,0 -74.06795365199997,4.601547857848957,0 -74.06795065499995,4.601551120848953,0 -74.06794768099996,4.601554399848949,0 -74.06794472399997,4.601557694848948,0 -74.06794178599995,4.601561008848916,0 -74.06793886999998,4.601564335848916,0 -74.06793597299998,4.601567681848947,0 -74.06793309899996,4.601571043848919,0 -74.06793024299998,4.601574421848951,0 -74.06792741199996,4.601577819848944,0 -74.06792459999997,4.601581229848919,0 -74.06791902599997,4.601588097848934,0 -74.06791625699998,4.601591548848933,0 -74.06791350399999,4.601595013848952,0 -74.06790803699994,4.601601975848935,0 -74.06790262199996,4.601608985848928,0 -74.06789725599998,4.601616041848936,0 -74.06789194399994,4.601623141848939,0 -74.06788667899997,4.601630283848964,0 -74.06788146399998,4.601637470848953,0 -74.06787629499996,4.601644698848967,0 -74.06787117199997,4.601651970848917,0 -74.06786609499994,4.601659280848913,0 -74.06786357399994,4.601662951848921,0 -74.06785856499994,4.601670320848924,0 -74.06785359599996,4.601677728848968,0 -74.06784867099998,4.601685174848941,0 -74.06784378699996,4.60169265484891,0 -74.06783894199998,4.60170017384892,0 -74.06783413499994,4.601707725848921,0 -74.06783174799995,4.601711515848909,0 -74.06782699799999,4.601719118848948,0 -74.06782463999997,4.60172293284897,0 -74.06781994499994,4.60173058484893,0 -74.06781528599998,4.601738269848945,0 -74.06781066099995,4.601745984848925,0 -74.06780836099995,4.60174985384894,0 -74.06780151099997,4.60176150284892,0 -74.06779698299994,4.601769304848954,0 -74.06779248799995,4.601777132848931,0 -74.06778579499996,4.601788923848945,0 -74.06777916699997,4.601800771848937,0 -74.06777259699999,4.601812674848964,0 -74.06776608299998,4.601824626848928,0 -74.06776177099994,4.601832623848934,0 -74.06775748199993,4.601840637848939,0 -74.06775108799997,4.601852695848919,0 -74.06774684899995,4.60186076084896,0 -74.06774052699996,4.601872886848957,0 -74.06773424799997,4.601885050848951,0 -74.06772800099998,4.601897245848902,0 -74.06772178899996,4.60190947184893,0 -74.06771560599998,4.601921725848935,0 -74.06770945199997,4.601934005848905,0 -74.06770331899997,4.601946306848927,0 -74.06769111099999,4.601970961848935,0 -74.06767895699994,4.601995669848946,0 -74.06765470799996,4.602045151848957,0 -74.06764458499998,4.602065762848925,0 -74.06763239499998,4.602090458848947,0 -74.06762627199998,4.602102784848933,0 -74.06762217999994,4.602110994848911,0 -74.06761601999995,4.602123291848922,0 -74.06761189899998,4.602131476848937,0 -74.06760569299996,4.602143735848944,0 -74.06759945499994,4.60215596484894,0 -74.06759527499997,4.602164102848939,0 -74.06759107899995,4.602172224848933,0 -74.06758686499995,4.602180332848906,0 -74.06758050999997,4.602192465848947,0 -74.06757624699998,4.602200531848911,0 -74.06757196099994,4.602208579848893,0 -74.06756765799997,4.602216608848905,0 -74.06756115299999,4.60222861684891,0 -74.06755678599995,4.602236594848899,0 -74.06755018899997,4.602248520848911,0 -74.06754575799994,4.602256442848915,0 -74.06753905499994,4.602268281848946,0 -74.06753455199998,4.602276139848938,0 -74.06753001699997,4.602283974848911,0 -74.06752544999995,4.602291782848924,0 -74.06752315499995,4.602295676848899,0 -74.06751853999998,4.602303439848938,0 -74.06751388899994,4.602311175848926,0 -74.06750920499996,4.602318880848896,0 -74.06750448599996,4.602326555848908,0 -74.06749972899996,4.602334198848913,0 -74.06749493399997,4.602341809848912,0 -74.06749252099996,4.602345601848934,0 -74.06748766799996,4.602353163848884,0 -74.06748522599997,4.602356930848897,0 -74.06748031299998,4.602364437848919,0 -74.06747535599999,4.602371908848923,0 -74.06747035799998,4.602379343848913,0 -74.06746531599998,4.602386740848904,0 -74.06746022799996,4.602394099848894,0 -74.06745766699999,4.602397764848899,0 -74.06745251199999,4.602405062848915,0 -74.06744730899999,4.602412321848892,0 -74.06744205699994,4.602419536848926,0 -74.06743941399998,4.602423128848915,0 -74.06743408699998,4.602430281848926,0 -74.06743140799995,4.602433842848895,0 -74.06742871299997,4.60243739084889,0 -74.06742328599995,4.602444456848912,0 -74.06741780599998,4.602451474848936,0 -74.06741504699994,4.60245496884893,0 -74.06740949799996,4.602461946848917,0 -74.06740109999998,4.602472400848922,0 -74.06739828099995,4.602475881848887,0 -74.06739261199994,4.602482831848887,0 -74.06738976299994,4.602486303848887,0 -74.06738403399999,4.602493236848899,0 -74.06737826799997,4.602500158848913,0 -74.06737536999998,4.602503613848926,0 -74.06736954599995,4.602510515848914,0 -74.06736661699995,4.602513960848921,0 -74.06735778199999,4.602524273848938,0 -74.06735184299998,4.602531132848932,0 -74.06734286299996,4.602541384848919,0 -74.06733682999999,4.602548196848894,0 -74.06732771199995,4.602558382848891,0 -74.06732465399995,4.602561767848902,0 -74.06731850999995,4.602568521848936,0 -74.06731542599994,4.602571892848927,0 -74.06730922799994,4.602578616848926,0 -74.06730299399999,4.602585318848933,0 -74.06729986399995,4.602588660848887,0 -74.06729672499995,4.602591997848899,0 -74.06729042099994,4.602598652848891,0 -74.06728408099997,4.60260528384891,0 -74.06728089799998,4.602608587848924,0 -74.06727450799997,4.602615181848878,0 -74.06727129899997,4.602618468848907,0 -74.06726485499996,4.602625022848892,0 -74.06726161899996,4.602628288848911,0 -74.06725512699995,4.60263480184893,0 -74.06725186499995,4.602638045848896,0 -74.06724859699995,4.602641284848916,0 -74.06724203499994,4.602647738848939,0 -74.06723874199997,4.602650953848928,0 -74.06723212899993,4.602657363848898,0 -74.06722548499994,4.602663739848878,0 -74.06722214999996,4.602666916848884,0 -74.06721880799995,4.602670084848913,0 -74.06721209899996,4.602676396848896,0 -74.06720535399995,4.602682676848938,0 -74.06720197299995,4.602685802848895,0 -74.06719518299997,4.602692028848878,0 -74.06719177699995,4.602695129848887,0 -74.06718493799997,4.602701302848925,0 -74.06718150899997,4.602704374848885,0 -74.06717462399996,4.602710495848898,0 -74.06717117099998,4.602713540848931,0 -74.06716423999995,4.602719599848916,0 -74.06716076499998,4.602722616848894,0 -74.06715378799998,4.602728619848903,0 -74.06715028899998,4.602731602848905,0 -74.06714678199995,4.602734581848897,0 -74.06713974599995,4.602740502848918,0 -74.06713268199996,4.602746382848923,0 -74.06712913999996,4.602749304848888,0 -74.06712202899996,4.602755120848885,0 -74.06711846399998,4.602758010848902,0 -74.06711131199995,4.602763762848899,0 -74.06710772499997,4.602766619848921,0 -74.06710413199994,4.602769465848896,0 -74.06709692199996,4.602775125848895,0 -74.06709330499996,4.602777939848927,0 -74.06708605399996,4.602783529848926,0 -74.06708241899997,4.6027863058489,0 -74.06707512699995,4.602791823848918,0 -74.06706780599995,4.602797293848882,0 -74.06706413699999,4.602800010848914,0 -74.06705677399998,4.602805402848907,0 -74.06705308499994,4.602808082848925,0 -74.06704568399994,4.602813401848897,0 -74.06704197299996,4.602816041848888,0 -74.06703453499995,4.602821281848884,0 -74.06703080299997,4.602823882848892,0 -74.06702332599997,4.602829044848874,0 -74.06701957499996,4.602831605848903,0 -74.06701205999997,4.602836683848917,0 -74.06700829199997,4.602839203848871,0 -74.06700073599995,4.60284420184888,0 -74.06699694899999,4.602846678848886,0 -74.06698935599997,4.602851591848891,0 -74.06698173999996,4.602856445848882,0 -74.06697409999998,4.602861241848922,0 -74.06697026899997,4.602863616848879,0 -74.06696643299995,4.602865977848918,0 -74.06695874499997,4.602870655848903,0 -74.06695103199996,4.602875272848908,0 -74.06694716899995,4.60287755684891,0 -74.06693942299995,4.602882082848907,0 -74.06693165199994,4.602886543848915,0 -74.06692385899998,4.602890943848881,0 -74.06691995499995,4.602893118848897,0 -74.06691212699997,4.602897419848889,0 -74.06690428099995,4.602901657848911,0 -74.06690034899998,4.602903752848871,0 -74.06689246799993,4.6029078888489,0 -74.06688851999996,4.602909930848912,0 -74.06688060699997,4.602913967848903,0 -74.06687267299998,4.60291793684888,0 -74.06686869899994,4.602919895848913,0 -74.06685674799996,4.602925704848928,0 -74.06685275899997,4.602927632848883,0 -74.06684076299996,4.602933383848888,0 -74.06682873599993,4.602939091848898,0 -74.06682069899995,4.602942873848915,0 -74.06681264999997,4.602946635848924,0 -74.06680458499994,4.602950381848919,0 -74.06679650499996,4.602954105848872,0 -74.06678841499996,4.602957811848907,0 -74.06678030899997,4.602961502848922,0 -74.06677218999994,4.602965170848905,0 -74.06675591099997,4.60297245684887,0 -74.06674775299996,4.602976072848888,0 -74.06673548899994,4.602981460848917,0 -74.06672729899998,4.602985029848924,0 -74.06671909599999,4.602988580848884,0 -74.06671087899997,4.602992115848904,0 -74.06670264999997,4.602995632848883,0 -74.06669440999997,4.602999130848899,0 -74.06668615599995,4.60300260984888,0 -74.06666961299999,4.603009519848906,0 -74.06666132399994,4.603012948848907,0 -74.06665302299996,4.603016358848883,0 -74.06664471199997,4.603019752848912,0 -74.06663638799995,4.603023129848904,0 -74.06662805599996,4.603026488848908,0 -74.06661970999994,4.603029829848878,0 -74.06661135399997,4.603033155848885,0 -74.06660298599996,4.603036464848904,0 -74.06658621999998,4.60304303284891,0 -74.06656941199998,4.603049530848907,0 -74.06656099499997,4.603052756848901,0 -74.06655256499994,4.603055965848902,0 -74.06654412699999,4.603059158848898,0 -74.06653567699993,4.603062333848919,0 -74.06651875099993,4.603068638848918,0 -74.06650178799998,4.603074876848879,0 -74.06649329299995,4.603077974848918,0 -74.06648478699998,4.603081054848922,0 -74.06646775299998,4.603087168848887,0 -74.06645922199993,4.603090201848881,0 -74.06644641099996,4.603094723848913,0 -74.06643358199995,4.603099208848895,0 -74.06642501799996,4.603102180848899,0 -74.06641644899997,4.603105137848899,0 -74.06640357699996,4.603109544848897,0 -74.06639068999993,4.60311391684887,0 -74.06638208699997,4.603116812848888,0 -74.06636917299994,4.603121131848908,0 -74.06636055399997,4.603123990848919,0 -74.06634761099997,4.6031282548489,0 -74.06633897699999,4.603131075848911,0 -74.06633033299994,4.603133886848914,0 -74.06631302999995,4.603139461848905,0 -74.06630436699999,4.603142228848914,0 -74.06629136399994,4.603146350848863,0 -74.06628268799994,4.603149082848907,0 -74.06626966599998,4.603153153848882,0 -74.06624792899999,4.603159869848912,0 -74.06623922599994,4.603162531848902,0 -74.06622616199996,4.603166497848909,0 -74.06621744699999,4.603169127848887,0 -74.06620436399999,4.603173046848886,0 -74.06619127199997,4.603176935848913,0 -74.06617816999994,4.603180793848862,0 -74.06616505899996,4.603184624848876,0 -74.06615631399995,4.603187159848902,0 -74.06614756699997,4.603189685848905,0 -74.06613443399993,4.603193446848867,0 -74.06612567799993,4.603195940848865,0 -74.06611253599993,4.603199654848868,0 -74.06609938499997,4.603203341848873,0 -74.06608622699997,4.60320700384891,0 -74.06607306299998,4.60321063484888,0 -74.06605989499997,4.603214241848874,0 -74.06603793699998,4.603220190848888,0 -74.06601596599995,4.603226065848887,0 -74.06600277899997,4.603229555848868,0 -74.06598958999996,4.603233020848892,0 -74.06597199699996,4.603237602848871,0 -74.06596319899995,4.603239877848903,0 -74.06594560399998,4.603244389848884,0 -74.06593680199995,4.603246630848886,0 -74.06591480399999,4.603252184848873,0 -74.06589720299996,4.603256578848898,0 -74.06588840199998,4.603258759848914,0 -74.06586200299995,4.603265242848912,0 -74.06584440899996,4.603269512848885,0 -74.06583560999997,4.603271632848859,0 -74.06582241899997,4.603274794848891,0 -74.06580922899997,4.603277932848913,0 -74.06579604299998,4.603281051848898,0 -74.06578285999996,4.603284146848907,0 -74.06575650899998,4.603290272848868,0 -74.06574334099997,4.603293305848904,0 -74.06572578999999,4.603297317848884,0 -74.06569948799995,4.603303266848894,0 -74.06567321399996,4.603309136848893,0 -74.06564696899994,4.603314930848899,0 -74.06562942999994,4.603318766848911,0 -74.06561622899994,4.603321635848872,0 -74.06559414499998,4.603326389848903,0 -74.06558084799997,4.603329225848859,0 -74.06556751799997,4.603332044848893,0 -74.06555415499997,4.603334847848865,0 -74.06554076099997,4.603337629848893,0 -74.06552733699993,4.603340389848857,0 -74.06551836999995,4.603342215848883,0 -74.06550489899996,4.603344935848877,0 -74.06549590499998,4.6033467338489,0 -74.06547788299997,4.603350289848875,0 -74.06546885599994,4.603352046848882,0 -74.06545529599998,4.603354656848905,0 -74.06544171499996,4.603357229848871,0 -74.06543264899994,4.603358924848904,0 -74.06541449399998,4.603362267848903,0 -74.06540540499998,4.603363908848891,0 -74.06539175699999,4.603366338848888,0 -74.06537353899995,4.603369509848886,0 -74.06536441899993,4.603371063848876,0 -74.06535073099997,4.603373354848866,0 -74.06534159999995,4.603374852848881,0 -74.06533246199996,4.603376330848885,0 -74.06532332399996,4.603377782848879,0 -74.06530960699996,4.60337991784886,0 -74.06530045699998,4.60338130884888,0 -74.06529130599995,4.603382675848865,0 -74.06528215399999,4.603384013848864,0 -74.06527299699997,4.603385326848902,0 -74.06526383899995,4.603386612848894,0 -74.06525468199999,4.60338787084889,0 -74.06524552399998,4.603389100848901,0 -74.06523636299994,4.603390299848895,0 -74.06522720599997,4.603391469848905,0 -74.06521804799996,4.603392609848903,0 -74.06520888999995,4.603393717848893,0 -74.06519973499996,4.603394793848888,0 -74.06519057899999,4.603395838848864,0 -74.06518142799996,4.603396851848895,0 -74.06517227699999,4.603397829848895,0 -74.06516313099996,4.603398774848915,0 -74.06514941599994,4.603400127848865,0 -74.06514027899993,4.60340098184888,0 -74.06513114499995,4.603401804848869,0 -74.06512201599998,4.603402588848882,0 -74.06511289099996,4.603403334848893,0 -74.06510377199999,4.603404043848895,0 -74.06509466099999,4.603404714848907,0 -74.06508100299999,4.603405646848883,0 -74.06507190699995,4.603406216848875,0 -74.06506281699995,4.603406748848879,0 -74.06505373699997,4.603407237848876,0 -74.06504466299998,4.603407686848912,0 -74.06503559999999,4.603408091848889,0 -74.06503106999997,4.603408278848898,0 -74.06502654199994,4.603408454848859,0 -74.06501749599994,4.603408771848861,0 -74.06501297699998,4.603408915848865,0 -74.06500394499994,4.603409168848864,0 -74.06499492099994,4.603409376848883,0 -74.06499041599994,4.603409462848885,0 -74.06498591199994,4.603409537848892,0 -74.06497690999998,4.603409653848909,0 -74.06496792299998,4.603409722848864,0 -74.06496343299995,4.603409737848874,0 -74.06495446199995,4.603409734848908,0 -74.06494550299993,4.60340968484887,0 -74.06494102799996,4.603409639848884,0 -74.06493208999996,4.603409513848853,0 -74.06492316399994,4.603409338848882,0 -74.06491870499997,4.603409231848881,0 -74.06490980199999,4.603408983848884,0 -74.06490535599994,4.60340883684891,0 -74.06490091099994,4.603408679848865,0 -74.06489203499996,4.603408325848857,0 -74.06488317499998,4.603407920848876,0 -74.06487875099998,4.603407694848875,0 -74.06487432999995,4.603407458848874,0 -74.06486550299996,4.603406946848886,0 -74.06485669099999,4.603406377848876,0 -74.06485229099997,4.603406071848874,0 -74.06484350299996,4.603405422848863,0 -74.06483911499998,4.603405074848904,0 -74.06483473499998,4.603404716848881,0 -74.06482598299993,4.603403951848898,0 -74.06482161299994,4.603403549848891,0 -74.06481288899994,4.603402699848895,0 -74.06480418199999,4.603401794848858,0 -74.06479983699995,4.603401316848861,0 -74.06479549599999,4.603400828848906,0 -74.06478682899996,4.603399804848869,0 -74.06478250299995,4.603399269848906,0 -74.06477386599994,4.603398154848874,0 -74.06476525199997,4.603396978848858,0 -74.06476094999994,4.60339636984888,0 -74.06475236699998,4.603395102848859,0 -74.06474808199994,4.603394444848887,0 -74.06473953099999,4.603393082848906,0 -74.06473526199994,4.603392379848895,0 -74.06472674299994,4.603390921848911,0 -74.06472249599994,4.603390144848885,0 -74.06471825799997,4.603389312848877,0 -74.06471402799997,4.603388432848857,0 -74.06470980499995,4.603387504848891,0 -74.06470559199994,4.603386524848909,0 -74.06470138799995,4.603385496848874,0 -74.06469719399996,4.603384422848857,0 -74.06469300599997,4.603383301848893,0 -74.06468882699994,4.603382133848904,0 -74.06468465799998,4.603380920848892,0 -74.06468049499995,4.603379659848861,0 -74.06467634199998,4.603378356848891,0 -74.06467219599995,4.603377009848871,0 -74.06466805599996,4.603375618848918,0 -74.06466392699997,4.603374185848889,0 -74.06465980299998,4.60337271084885,0 -74.06465568699997,4.603371195848901,0 -74.06465157799994,4.603369637848901,0 -74.06464747699994,4.603368039848859,0 -74.06464338399996,4.603366403848884,0 -74.06463929499995,4.603364726848874,0 -74.06463521599994,4.603363012848877,0 -74.06463114399997,4.603361262848909,0 -74.06462707899993,4.603359473848892,0 -74.06462301699997,4.60335764884887,0 -74.06461896499997,4.603355787848879,0 -74.06461491799996,4.603353893848902,0 -74.06461087899999,4.603351963848909,0 -74.06460684499996,4.603350000848862,0 -74.06460281899996,4.603348003848892,0 -74.06459879699997,4.603345974848863,0 -74.06459478299996,4.603343913848889,0 -74.06459077199997,4.60334182084891,0 -74.06458676899996,4.60333969784891,0 -74.06458277099995,4.603337545848873,0 -74.06457877899999,4.603335365848898,0 -74.06457479099998,4.603333154848869,0 -74.06457080899997,4.603330913848859,0 -74.06456683399995,4.603328647848897,0 -74.06456286199995,4.603326355848862,0 -74.06455889599994,4.603324037848873,0 -74.06455493499993,4.603321692848897,0 -74.06455097799994,4.603319321848904,0 -74.06454702799994,4.603316929848897,0 -74.06454307999996,4.603314512848881,0 -74.06453913699994,4.603312070848901,0 -74.06453519999997,4.603309607848913,0 -74.06453126599996,4.603307125848892,0 -74.06452733699996,4.603304618848863,0 -74.06451948999995,4.603299547848888,0 -74.06451557399998,4.603296982848901,0 -74.06450774999996,4.603291797848883,0 -74.06449994199994,4.603286544848904,0 -74.06449214799994,4.60328122484889,0 -74.06448436499994,4.603275845848876,0 -74.06447659699995,4.603270415848884,0 -74.06446883699994,4.603264935848911,0 -74.06446496399997,4.603262178848911,0 -74.06445722099994,4.603256633848886,0 -74.06444948599994,4.603251052848903,0 -74.06443790099996,4.603242625848894,0 -74.06443018699997,4.603236977848883,0 -74.06441477599998,4.603225626848869,0 -74.06438400899998,4.603202867848879,0 -74.06437247899999,4.603194363848891,0 -74.06436094899993,4.603185905848862,0 -74.06435326099995,4.603180298848874,0 -74.06434172999997,4.603171950848879,0 -74.06433018799999,4.603163690848858,0 -74.06432248799996,4.603158241848909,0 -74.06431478399998,4.603152845848896,0 -74.06431093199996,4.603150168848905,0 -74.06430707599998,4.603147506848919,0 -74.06429935999995,4.603142232848866,0 -74.06429163499996,4.60313702284889,0 -74.06428777099995,4.603134445848913,0 -74.06428003399998,4.603129347848883,0 -74.06427616299999,4.603126828848922,0 -74.06427228699994,4.603124328848868,0 -74.06426453099994,4.603119396848899,0 -74.06426064899995,4.603116964848874,0 -74.06425287699994,4.60311216884889,0 -74.06424898299997,4.603109806848911,0 -74.06424508899994,4.603107472848871,0 -74.06424119299999,4.603105162848911,0 -74.06423728999994,4.603102878848908,0 -74.06423338599996,4.603100621848896,0 -74.06422947699997,4.603098392848884,0 -74.06422556699994,4.603096191848903,0 -74.06422164899993,4.60309401784888,0 -74.06421773099999,4.603091876848904,0 -74.06421380599994,4.603089763848899,0 -74.06420987899997,4.603087681848872,0 -74.06420594799994,4.603085632848882,0 -74.06420201099996,4.603083613848916,0 -74.06419806999997,4.603081626848896,0 -74.06419412399998,4.603079676848883,0 -74.06419017399998,4.603077757848885,0 -74.06418621899996,4.603075873848917,0 -74.06418225999994,4.603074026848896,0 -74.06417829599997,4.603072213848915,0 -74.06417432699999,4.603070435848905,0 -74.06417035199996,4.603068696848871,0 -74.06416637099994,4.603066995848899,0 -74.06416238599996,4.603065333848916,0 -74.06415839699997,4.603063711848894,0 -74.06415440099994,4.603062126848892,0 -74.06415039699993,4.60306058184891,0 -74.06414639199994,4.603059078848896,0 -74.06414237699994,4.603057617848884,0 -74.06413835699993,4.603056198848885,0 -74.06413433299997,4.60305482184889,0 -74.06413030199997,4.603053490848868,0 -74.06412626499997,4.603052201848919,0 -74.06412221899996,4.603050957848883,0 -74.06411816999997,4.603049758848893,0 -74.06411411199997,4.603048605848914,0 -74.06411004799997,4.603047498848917,0 -74.06410597899998,4.603046440848908,0 -74.06410190099996,4.603045429848909,0 -74.06409781599996,4.603044469848892,0 -74.06409372599995,4.60304355384891,0 -74.06408962899997,4.603042692848866,0 -74.06408552099998,4.603041884848889,0 -74.06408140899998,4.60304115984888,0 -74.06407728799996,4.603040519848883,0 -74.06407316299999,4.603039961848865,0 -74.06406902999998,4.603039487848881,0 -74.06406489099999,4.603039093848902,0 -74.06406074399996,4.603038775848911,0 -74.06405658999995,4.603038537848868,0 -74.06405242999995,4.603038376848921,0 -74.06404826499994,4.603038288848882,0 -74.06404409299995,4.603038273848871,0 -74.06403991399998,4.603038333848925,0 -74.06403573099993,4.603038462848919,0 -74.06403154199995,4.603038660848873,0 -74.06402734299996,4.603038928848879,0 -74.06402314299999,4.603039264848908,0 -74.06401893399999,4.603039661848922,0 -74.06401471999999,4.603040125848906,0 -74.06401050199997,4.603040652848905,0 -74.06400627699998,4.603041240848873,0 -74.06400204499994,4.603041887848913,0 -74.06399780999999,4.603042592848897,0 -74.06399356799994,4.603043357848884,0 -74.06398932199994,4.60304417784891,0 -74.06398507099993,4.603045051848873,0 -74.06398081499998,4.603045981848875,0 -74.06397655199999,4.603046958848885,0 -74.06397228599997,4.603047990848887,0 -74.06396801299996,4.603049069848901,0 -74.06396373599995,4.6030501988489,0 -74.06395945699995,4.60305137284888,0 -74.06395516899994,4.603052591848884,0 -74.06395087999994,4.603053853848905,0 -74.06394658499994,4.603055159848896,0 -74.06394228599999,4.603056506848926,0 -74.06393798299996,4.603057893848921,0 -74.06393367499999,4.603059319848901,0 -74.06392936199995,4.60306078084891,0 -74.06392504699994,4.603062276848897,0 -74.06392072499995,4.603063810848873,0 -74.06391640099997,4.603065374848879,0 -74.06391207499996,4.603066972848918,0 -74.06390774299996,4.603068598848884,0 -74.06390340799999,4.603070255848869,0 -74.06389906699997,4.603071939848912,0 -74.06389472499995,4.603073648848915,0 -74.06388602999994,4.603077142848909,0 -74.06387732199994,4.603080725848874,0 -74.06386859899999,4.603084385848882,0 -74.06386423299995,4.603086243848892,0 -74.06385549499998,4.603089999848912,0 -74.06384674499998,4.603093808848872,0 -74.06383798299998,4.603097657848868,0 -74.06382921299996,4.603101535848897,0 -74.06379844699995,4.603115187848905,0 -74.06378523299998,4.603120990848867,0 -74.06377641599994,4.603124819848906,0 -74.06376759399996,4.603128600848881,0 -74.06376318199995,4.603130471848879,0 -74.06375435099994,4.60313416484887,0 -74.06374551899995,4.603137782848863,0 -74.06374109899997,4.603139560848876,0 -74.06373667999998,4.603141316848891,0 -74.06373226199997,4.603143049848868,0 -74.06372784099995,4.603144757848885,0 -74.06372342199995,4.603146438848898,0 -74.06371899999994,4.603148090848886,0 -74.06371457999995,4.603149713848881,0 -74.06371015599996,4.603151307848907,0 -74.06370573499998,4.603152869848877,0 -74.06370131399996,4.603154398848909,0 -74.06369688999996,4.603155892848908,0 -74.06369246999998,4.603157353848916,0 -74.06368804599998,4.603158772848919,0 -74.06368362499995,4.603160154848908,0 -74.06367920399998,4.603161497848864,0 -74.06367478299995,4.603162797848872,0 -74.06367036199998,4.603164058848901,0 -74.06366594099995,4.603165273848894,0 -74.06366152199996,4.603166441848873,0 -74.06365710399996,4.603167562848898,0 -74.06365268399998,4.603168638848891,0 -74.06364826599997,4.603169662848917,0 -74.06364384999995,4.603170639848872,0 -74.06363943399998,4.603171558848871,0 -74.06363501899995,4.603172428848883,0 -74.06363060499996,4.603173244848896,0 -74.06362177299997,4.6031748248489,0 -74.06361735299998,4.603175601848864,0 -74.06360850999994,4.603177120848888,0 -74.06359965599995,4.603178602848901,0 -74.06359522599996,4.60317932984889,0 -74.06358636299996,4.603180753848892,0 -74.06357748899995,4.603182137848868,0 -74.06356860999995,4.603183490848886,0 -74.06355527799997,4.603185449848915,0 -74.06354192699996,4.603187333848885,0 -74.06352856499996,4.603189143848901,0 -74.06351964699996,4.603190309848896,0 -74.06351072399997,4.603191446848872,0 -74.06350179499998,4.603192551848896,0 -74.06348839099996,4.603194156848915,0 -74.06347497399997,4.603195697848879,0 -74.06346602399998,4.603196690848889,0 -74.06345258799996,4.603198133848873,0 -74.06344362299996,4.603199062848876,0 -74.06343465799995,4.603199971848869,0 -74.06342119799996,4.603201288848864,0 -74.06340773099998,4.603202557848856,0 -74.06339425299996,4.603203780848892,0 -74.06338526599995,4.603204570848892,0 -74.06337177699999,4.60320572184888,0 -74.06336278099997,4.603206466848908,0 -74.06334928299998,4.603207555848864,0 -74.06333127599999,4.603208952848876,0 -74.06332226799998,4.603209632848908,0 -74.06330875599997,4.603210624848868,0 -74.06328622799998,4.603212225848881,0 -74.06326369499999,4.603213767848888,0 -74.06324566199999,4.603214968848865,0 -74.06322763199995,4.603216144848874,0 -74.06315553399997,4.603220752848918,0 -74.06312852399998,4.603222501848887,0 -74.06310153599998,4.603224293848873,0 -74.06306558699998,4.603226770848882,0 -74.06304311799994,4.603228290848889,0 -74.06302064699997,4.60322977584888,0 -74.06299817099995,4.603231223848907,0 -74.06298468299997,4.603232075848886,0 -74.06296219899997,4.603233468848868,0 -74.06293971299993,4.603234828848873,0 -74.06292171899997,4.6032358958489,0 -74.06290372699993,4.603236941848865,0 -74.06287672999997,4.603238476848883,0 -74.06284073399996,4.603240462848857,0 -74.06280473099997,4.603242383848897,0 -74.06276872399997,4.603244243848889,0 -74.06274171599995,4.603245602848896,0 -74.06270570599997,4.603247371848893,0 -74.06267419699998,4.603248883848877,0 -74.06263818799994,4.603250571848876,0 -74.06259317899998,4.603252635848882,0 -74.06254367399998,4.60325485584887,0 -74.06250767799997,4.603256445848888,0 -74.06238694499996,4.603261696848885,0 -74.06241027299995,4.603268688848899,0 -74.06244567499994,4.603286138848873,0 -74.06249134499996,4.603303409848866,0 -74.06253863799998,4.603315437848878,0 -74.06258593099994,4.603327285848859,0 -74.06272690999998,4.603350171848875,0 -74.06291761399996,4.603381832848908,0 -74.06296013299993,4.603388074848888,0 -74.06307363799993,4.603403906848867,0 -74.06323038199997,4.603419744848888,0 -74.06351054199996,4.603438036848878,0 -74.06369971699996,4.603454691848909,0 -74.06385393999994,4.603462031848878,0 -74.06402176499995,4.603483565848853,0 -74.06402248499995,4.603485373848887,0 -74.06433562399997,4.604215980848847,0 -74.06442766599997,4.604427605848855,0 -74.06474673099996,4.60533222384883,0 -74.06494390099994,4.605619412848817,0</coordinates></LinearRing></outerBoundaryIs>
        </Polygon>
        <Polygon>
          <extrude>0</extrude><altitudeMode>clampToGround</altitudeMode>
          <outerBoundaryIs><LinearRing><coordinates> -74.06939459399996,4.600802792848995,0 -74.06938601099995,4.600805097848945,0 -74.06937727899998,4.600807485848986,0 -74.06937291599996,4.600808695848978,0 -74.06936419399995,4.600811141848974,0 -74.06935112099995,4.600814884848954,0 -74.06933805799997,4.600818710848967,0 -74.06932935899994,4.600821306848968,0 -74.06931631699996,4.600825266848974,0 -74.06930328899995,4.600829297848982,0 -74.06929461099998,4.600832025848955,0 -74.06928160599995,4.600836175848951,0 -74.06926861599999,4.600840392848976,0 -74.06925563999994,4.600844669848985,0 -74.06924267999995,4.600849007848992,0 -74.06922973499996,4.600853399848979,0 -74.06921680599999,4.60085784684896,0 -74.06920596699996,4.600861616848934,0 -74.06939503399997,4.600823395848986,0 -74.06939459399996,4.600802792848995,0</coordinates></LinearRing></outerBoundaryIs>
        </Polygon>
      </MultiGeometry>
    </Placemark>
    <Placemark id="ID_00028">
      <name>LAS CRUCES</name>
      <snippet></snippet>
      <description><![CDATA[<html xmlns:fo="http://www.w3.org/1999/XSL/Format" xmlns:msxsl="urn:schemas-microsoft-com:xslt">
<head>
<META http-equiv="Content-Type" content="text/html">
<meta http-equiv="content-type" content="text/html; charset=UTF-8">
</head>
<body style="margin:0px 0px 0px 0px;overflow:auto;background:#FFFFFF;">
<table style="font-family:Arial,Verdana,Times;font-size:12px;text-align:left;width:100%;border-collapse:collapse;padding:3px 3px 3px 3px">
<tr style="text-align:center;font-weight:bold;background:#9CBCE2">
<td>003202</td>
</tr>
<tr>
<td>
<table style="font-family:Arial,Verdana,Times;font-size:12px;text-align:left;width:100%;border-spacing:0px; padding:3px 3px 3px 3px">
<tr>
<td>OBJECTID1</td>
<td>45</td>
</tr>
<tr bgcolor="#D4E4F3">
<td>SCaCodigo</td>
<td>003202</td>
</tr>
<tr>
<td>SCaTipo</td>
<td>0</td>
</tr>
<tr bgcolor="#D4E4F3">
<td>SCaNombre</td>
<td>LAS CRUCES</td>
</tr>
<tr>
<td>SHAPE</td>
<td>Polígono</td>
</tr>
<tr bgcolor="#D4E4F3">
<td>SHAPE_Length</td>
<td>0.031409</td>
</tr>
<tr>
<td>SHAPE_Area</td>
<td>0.000039</td>
</tr>
</table>
</td>
</tr>
</table>
</body><script type="text/javascript">
				function changeImage(attElement, nameElement) {
				document.getElementById('imageAttachment').src = attElement;
				document.getElementById('imageName').innerHTML = nameElement;}
			</script></html>
]]></description>
      <styleUrl>#PolyStyle028</styleUrl>
      <MultiGeometry>
        <Polygon>
          <extrude>0</extrude><altitudeMode>clampToGround</altitudeMode>
          <outerBoundaryIs><LinearRing><coordinates> -74.07891617599995,4.582521661849547,0 -74.07867047799994,4.582628619849551,0 -74.07834715199994,4.58277929584958,0 -74.07832569299995,4.582795320849555,0 -74.07830457599994,4.582811842849565,0 -74.07828380999996,4.582828861849549,0 -74.07827367499993,4.58283762084957,0 -74.07826353999997,4.582846306849575,0 -74.07825354999994,4.582855344849543,0 -74.07824362199995,4.58286423884956,0 -74.07823383799996,4.582873485849543,0 -74.07822405399997,4.582882668849577,0 -74.07821455899995,4.582892059849564,0 -74.07820498199999,4.582901450849555,0 -74.07818633299996,4.582920730849563,0 -74.07816809899998,4.582940434849569,0 -74.07815923399994,4.582950458849575,0 -74.07815036899996,4.582960554849562,0 -74.07814178299998,4.582970795849544,0 -74.07813312499997,4.582981036849526,0 -74.07812467499997,4.582991485849522,0 -74.07811629599996,4.583001934849525,0 -74.07809989899994,4.583023193849524,0 -74.07808406099997,4.583044868849547,0 -74.07807639399994,4.583055887849542,0 -74.07806871799994,4.583066833849517,0 -74.07805386999996,4.583089222849559,0 -74.07804668999995,4.583100584849566,0 -74.07803950899995,4.583111883849551,0 -74.07802571499997,4.583134905849549,0 -74.07801240799995,4.583158208849525,0 -74.07800600199994,4.583170003849556,0 -74.07799966799996,4.583181799849523,0 -74.07799361399998,4.583193731849533,0 -74.07798749599993,4.583205735849518,0 -74.07797580999994,4.583229887849558,0 -74.07796468299995,4.583254320849526,0 -74.07795412299998,4.583279042849554,0 -74.07794412999993,4.583303963849529,0 -74.07793476799998,4.583329110849554,0 -74.07793033499996,4.58334174784955,0 -74.07792590199995,4.583354456849525,0 -74.07792181099995,4.583367237849537,0 -74.07791766599996,4.583380019849542,0 -74.07791386299994,4.583392800849546,0 -74.07790998899998,4.583405726849556,0 -74.07790646499996,4.583418652849509,0 -74.07790287899996,4.583431642849528,0 -74.07789639899994,4.583457702849511,0 -74.07789048699993,4.58348390784955,0 -74.07788781099998,4.583497041849515,0 -74.07788520599996,4.583510175849539,0 -74.07788280899996,4.583523454849517,0 -74.07788049199996,4.583536660849515,0 -74.07787639999998,4.583563209849502,0 -74.07787288399999,4.583589830849521,0 -74.07787140599999,4.583603181849527,0 -74.07786998999995,4.583616523849517,0 -74.07786773599997,4.583643289849531,0 -74.07786689699998,4.583656713849508,0 -74.07786612099994,4.583670127849529,0 -74.07786555199993,4.583683551849503,0 -74.07786506399998,4.583696965849522,0 -74.07786477499997,4.583710380849531,0 -74.07786456599996,4.58372380484951,0 -74.07786463699995,4.583737218849535,0 -74.07786477099995,4.583750633849548,0 -74.07781650499999,4.584414254849527,0 -74.07778045999999,4.584540875849518,0 -74.07759405999997,4.584945094849458,0 -74.07748868399995,4.585197557849488,0 -74.07745895599999,4.585217468849468,0 -74.07728912699997,4.585463145849474,0 -74.07711524499996,4.585716722849482,0 -74.07709163299995,4.585819761849441,0 -74.07710173699996,4.585990959849468,0 -74.07710161399996,4.586004367849434,0 -74.07710170399997,4.58600810984943,0 -74.07710197399996,4.586011210849426,0 -74.07710539099998,4.586075336849465,0 -74.07704221599994,4.58636064484946,0 -74.07699867999997,4.586630053849456,0 -74.07695524099995,4.586828212849421,0 -74.07686441899995,4.587026367849441,0 -74.07676766599997,4.587083776849397,0 -74.07662163199996,4.587194704849427,0 -74.07659775499997,4.587242303849388,0 -74.07653072199997,4.587369058849384,0 -74.07629773699995,4.587701869849393,0 -74.07624574999994,4.587794943849402,0 -74.07637599599997,4.587925676849384,0 -74.07661750299997,4.58796178684938,0 -74.07679333299996,4.588070214849414,0 -74.07687043799996,4.588128978849362,0 -74.07695986499994,4.588389008849348,0 -74.07725001299997,4.588460439849385,0 -74.07717197799997,4.588706188849365,0 -74.07697020399996,4.588597269849353,0 -74.07688796399998,4.588545429849386,0 -74.07677329699999,4.588466819849383,0 -74.07617482299997,4.588127138849377,0 -74.07607825999997,4.588070496849376,0 -74.07584977499994,4.588443985849392,0 -74.07583193599999,4.588467287849381,0 -74.07626997999995,4.588735270849387,0 -74.07629763399996,4.588746147849353,0 -74.07632961199994,4.588763877849384,0 -74.07636113899997,4.588784002849371,0 -74.07640212399997,4.588807454849362,0 -74.07643797499998,4.588827164849367,0 -74.07651048699995,4.588866574849364,0 -74.07655156299995,4.588887487849378,0 -74.07677315399997,4.589011657849369,0 -74.07696925199997,4.589124886849331,0 -74.07691672299995,4.589240903849364,0 -74.07763253199994,4.589655732849313,0 -74.07779324399996,4.589891271849316,0 -74.07832736499995,4.590329033849296,0 -74.07853594799997,4.590454964849299,0 -74.07872431099997,4.590168267849339,0 -74.07959454199994,4.590676749849306,0 -74.07975045299997,4.590429099849308,0 -74.08075700699999,4.590937520849298,0 -74.08072455099995,4.591035252849272,0 -74.08178310599999,4.591706676849266,0 -74.08172461599997,4.591791343849264,0 -74.08268605999996,4.592310568849256,0 -74.08279395199997,4.59213636084923,0 -74.08279381699998,4.592135557849252,0 -74.08280767799994,4.592114197849249,0 -74.08285187399997,4.592047764849274,0 -74.08289742399995,4.59207845384925,0 -74.08477778799994,4.589219792849333,0 -74.08375755199995,4.588553120849387,0 -74.08373177299995,4.588514578849367,0 -74.08343479999996,4.58832570184934,0 -74.08355118899993,4.588244588849386,0 -74.08337827699995,4.587986067849362,0 -74.08290532599995,4.587471760849427,0 -74.08227472799996,4.58699705384942,0 -74.08150613099997,4.586443239849431,0 -74.08078624399997,4.585822338849467,0 -74.08019511599997,4.584788883849479,0 -74.07983112199997,4.584188496849528,0 -74.07963403499997,4.583812703849503,0 -74.07935821199999,4.58330837184952,0 -74.07891617599995,4.582521661849547,0</coordinates></LinearRing></outerBoundaryIs>
        </Polygon>
      </MultiGeometry>
    </Placemark>
    <Placemark id="ID_00029">
      <name>LAS NIEVES</name>
      <snippet></snippet>
      <description><![CDATA[<html xmlns:fo="http://www.w3.org/1999/XSL/Format" xmlns:msxsl="urn:schemas-microsoft-com:xslt">
<head>
<META http-equiv="Content-Type" content="text/html">
<meta http-equiv="content-type" content="text/html; charset=UTF-8">
</head>
<body style="margin:0px 0px 0px 0px;overflow:auto;background:#FFFFFF;">
<table style="font-family:Arial,Verdana,Times;font-size:12px;text-align:left;width:100%;border-collapse:collapse;padding:3px 3px 3px 3px">
<tr style="text-align:center;font-weight:bold;background:#9CBCE2">
<td>003102</td>
</tr>
<tr>
<td>
<table style="font-family:Arial,Verdana,Times;font-size:12px;text-align:left;width:100%;border-spacing:0px; padding:3px 3px 3px 3px">
<tr>
<td>OBJECTID1</td>
<td>48</td>
</tr>
<tr bgcolor="#D4E4F3">
<td>SCaCodigo</td>
<td>003102</td>
</tr>
<tr>
<td>SCaTipo</td>
<td>0</td>
</tr>
<tr bgcolor="#D4E4F3">
<td>SCaNombre</td>
<td>LAS NIEVES</td>
</tr>
<tr>
<td>SHAPE</td>
<td>Polígono</td>
</tr>
<tr bgcolor="#D4E4F3">
<td>SHAPE_Length</td>
<td>0.024801</td>
</tr>
<tr>
<td>SHAPE_Area</td>
<td>0.000037</td>
</tr>
</table>
</td>
</tr>
</table>
</body><script type="text/javascript">
				function changeImage(attElement, nameElement) {
				document.getElementById('imageAttachment').src = attElement;
				document.getElementById('imageName').innerHTML = nameElement;}
			</script></html>
]]></description>
      <styleUrl>#PolyStyle029</styleUrl>
      <MultiGeometry>
        <Polygon>
          <extrude>0</extrude><altitudeMode>clampToGround</altitudeMode>
          <outerBoundaryIs><LinearRing><coordinates> -74.07380236599994,4.606919944848793,0 -74.07346202599996,4.606696046848795,0 -74.07209208599994,4.605806190848811,0 -74.06826169699997,4.603118707848913,0 -74.06815790799999,4.603327559848861,0 -74.06745627799995,4.604633507848859,0 -74.06712271799995,4.605244810848807,0 -74.06696341199995,4.605581242848841,0 -74.06676906899997,4.605849150848784,0 -74.06686545299993,4.605910991848829,0 -74.06644991399997,4.606527437848788,0 -74.06644376899999,4.606700272848781,0 -74.06646040399994,4.606976701848771,0 -74.06650232899995,4.607458691848726,0 -74.06649366299996,4.607621039848723,0 -74.06647221599997,4.607680607848764,0 -74.06643410199996,4.607751292848727,0 -74.06640706499996,4.607860034848737,0 -74.06634747999993,4.608202262848748,0 -74.06632043499997,4.608375998848702,0 -74.06632041999995,4.608517375848738,0 -74.06613959399994,4.608744156848715,0 -74.06633534199995,4.608803567848699,0 -74.06769039999995,4.60960371384869,0 -74.06848444599996,4.610092385848692,0 -74.06893970599998,4.610366603848639,0 -74.06915895699996,4.610518580848667,0 -74.06939000199998,4.610734469848668,0 -74.06952952999995,4.61085832584862,0 -74.06966500099998,4.611018429848651,0 -74.06981632099996,4.611238376848643,0 -74.06986008399997,4.611406334848602,0 -74.06986412799995,4.611498266848635,0 -74.07086077299994,4.612044268848571,0 -74.07152122999997,4.610795352848667,0 -74.07193209399998,4.610071061848647,0 -74.07320205399998,4.608010281848752,0 -74.07380236599994,4.606919944848793,0</coordinates></LinearRing></outerBoundaryIs>
        </Polygon>
      </MultiGeometry>
    </Placemark>
    <Placemark id="ID_00030">
      <name>LOS LACHES</name>
      <snippet></snippet>
      <description><![CDATA[<html xmlns:fo="http://www.w3.org/1999/XSL/Format" xmlns:msxsl="urn:schemas-microsoft-com:xslt">
<head>
<META http-equiv="Content-Type" content="text/html">
<meta http-equiv="content-type" content="text/html; charset=UTF-8">
</head>
<body style="margin:0px 0px 0px 0px;overflow:auto;background:#FFFFFF;">
<table style="font-family:Arial,Verdana,Times;font-size:12px;text-align:left;width:100%;border-collapse:collapse;padding:3px 3px 3px 3px">
<tr style="text-align:center;font-weight:bold;background:#9CBCE2">
<td>003207</td>
</tr>
<tr>
<td>
<table style="font-family:Arial,Verdana,Times;font-size:12px;text-align:left;width:100%;border-spacing:0px; padding:3px 3px 3px 3px">
<tr>
<td>OBJECTID1</td>
<td>32</td>
</tr>
<tr bgcolor="#D4E4F3">
<td>SCaCodigo</td>
<td>003207</td>
</tr>
<tr>
<td>SCaTipo</td>
<td>0</td>
</tr>
<tr bgcolor="#D4E4F3">
<td>SCaNombre</td>
<td>LOS LACHES</td>
</tr>
<tr>
<td>SHAPE</td>
<td>Polígono</td>
</tr>
<tr bgcolor="#D4E4F3">
<td>SHAPE_Length</td>
<td>0.021148</td>
</tr>
<tr>
<td>SHAPE_Area</td>
<td>0.000017</td>
</tr>
</table>
</td>
</tr>
</table>
</body><script type="text/javascript">
				function changeImage(attElement, nameElement) {
				document.getElementById('imageAttachment').src = attElement;
				document.getElementById('imageName').innerHTML = nameElement;}
			</script></html>
]]></description>
      <styleUrl>#PolyStyle030</styleUrl>
      <MultiGeometry>
        <Polygon>
          <extrude>0</extrude><altitudeMode>clampToGround</altitudeMode>
          <outerBoundaryIs><LinearRing><coordinates> -74.06853734299995,4.589254590849341,0 -74.06859066499999,4.589312927849328,0 -74.06868787699995,4.589194719849321,0 -74.06881383399997,4.588988163849355,0 -74.06889879299996,4.588889795849356,0 -74.06907528199997,4.588725973849366,0 -74.06917330299996,4.588614545849348,0 -74.06928439199999,4.588457216849368,0 -74.06957224899998,4.588048563849417,0 -74.06955729699996,4.58802970584938,0 -74.06963983099996,4.58785527884939,0 -74.06968647699995,4.587791253849367,0 -74.06973416699998,4.587734553849407,0 -74.06987203899996,4.587694071849379,0 -74.06998356199995,4.587519237849374,0 -74.07010209299995,4.587387327849386,0 -74.07014605699999,4.58734947484941,0 -74.07047624899997,4.586964626849412,0 -74.07050192399998,4.586948321849441,0 -74.07050084999997,4.586884123849425,0 -74.07049139799994,4.586825645849394,0 -74.07046960399998,4.58677190384942,0 -74.07041070499997,4.586625855849446,0 -74.07036035899995,4.586531640849403,0 -74.07030460499993,4.586475345849427,0 -74.07018543999999,4.586339740849463,0 -74.07016977099994,4.586291793849425,0 -74.07016347599995,4.586193343849437,0 -74.07016302999995,4.586151110849447,0 -74.07016096299998,4.586101393849426,0 -74.07014971199999,4.586013962849425,0 -74.07013548599997,4.585956966849476,0 -74.07011774299997,4.585922786849472,0 -74.07011260899998,4.585912408849461,0 -74.07010956199997,4.585906730849427,0 -74.07014127499997,4.585896445849452,0 -74.07016416499994,4.585892969849439,0 -74.07029750499998,4.585871012849435,0 -74.07033168399994,4.585867096849462,0 -74.07030088399995,4.585811200849474,0 -74.07031520599998,4.585798799849428,0 -74.07031494799998,4.58579848084945,0 -74.07028568099997,4.585764186849457,0 -74.07025258599998,4.585793549849473,0 -74.07022458299997,4.585758175849475,0 -74.07025157099997,4.58573416484949,0 -74.07021477899997,4.585687703849474,0 -74.07016384199994,4.585621091849466,0 -74.07014939299995,4.585602158849488,0 -74.07010698399995,4.585642592849454,0 -74.07005535899998,4.585568545849465,0 -74.07009057799996,4.585533576849453,0 -74.07008942599998,4.585532332849477,0 -74.07005409199996,4.585494788849473,0 -74.07004512499998,4.585502969849468,0 -74.07002464599998,4.58547884584948,0 -74.06997148499994,4.585512828849455,0 -74.06992795899998,4.585455192849448,0 -74.06995582899998,4.58542567584948,0 -74.06994413999996,4.585411902849444,0 -74.06995750199997,4.585399723849489,0 -74.06992823499996,4.585365338849442,0 -74.06989496199998,4.585395783849488,0 -74.06986569499998,4.585361405849479,0 -74.06984910799997,4.585376671849471,0 -74.06980574999994,4.5852984248495,0 -74.06985488999999,4.585253704849502,0 -74.06978708999998,4.58518742184947,0 -74.06975338099994,4.585219589849492,0 -74.06964649899999,4.585138044849494,0 -74.06963788399997,4.585163758849495,0 -74.06957317899997,4.585120967849499,0 -74.06958922299998,4.585087624849462,0 -74.06953067899997,4.585078308849462,0 -74.06949621699994,4.585090823849514,0 -74.06944614199995,4.58522173484949,0 -74.06943038899993,4.585243529849495,0 -74.06939067699994,4.585206433849469,0 -74.06939725099994,4.58504469684949,0 -74.06940740499994,4.584925976849506,0 -74.06942263999997,4.584827539849496,0 -74.06938830699994,4.584759995849502,0 -74.06941545499996,4.58472296384948,0 -74.06937743799995,4.584684365849477,0 -74.06934511399999,4.584649908849511,0 -74.06932023299998,4.584678296849481,0 -74.06925572799997,4.584600128849469,0 -74.06920069399996,4.584527425849472,0 -74.06914136599994,4.584466798849498,0 -74.06913036099996,4.584475956849499,0 -74.06911238899994,4.584495183849495,0 -74.06909843699998,4.584512660849525,0 -74.06908168299998,4.584501286849473,0 -74.06905402999996,4.584477907849508,0 -74.06904024899995,4.584469436849499,0 -74.06898539399998,4.584422036849481,0 -74.06881551099997,4.584312205849506,0 -74.06884200799993,4.584198645849519,0 -74.06884931099995,4.584137774849503,0 -74.06876247099996,4.584115725849509,0 -74.06859070399997,4.583968328849541,0 -74.06850704299995,4.58386501084953,0 -74.06846619099997,4.583821173849516,0 -74.06837751699999,4.583719143849512,0 -74.06831340699995,4.583687088849495,0 -74.06826389799994,4.583678408849544,0 -74.06805053999994,4.583420490849514,0 -74.06800886099995,4.583368794849561,0 -74.06774641999993,4.583048106849524,0 -74.06763244199993,4.582901843849548,0 -74.06763964899994,4.582889694849559,0 -74.06757173799997,4.582797177849534,0 -74.06748641799999,4.582697221849542,0 -74.06742064699995,4.582601785849564,0 -74.06738847599996,4.582555144849585,0 -74.06732081099995,4.582430841849579,0 -74.06720890399998,4.582377356849559,0 -74.06719132899997,4.582513016849568,0 -74.06718681499996,4.582604682849575,0 -74.06714333199994,4.582616466849546,0 -74.06714178499993,4.582623579849586,0 -74.06705233599996,4.582721693849548,0 -74.06692440799998,4.582706786849567,0 -74.06686397899995,4.582687286849564,0 -74.06663363699994,4.582656049849536,0 -74.06657167299994,4.582675196849575,0 -74.06648932799999,4.582700162849527,0 -74.06641004199997,4.582826923849581,0 -74.06637579099998,4.583009471849569,0 -74.06635919499996,4.583038057849556,0 -74.06635065099994,4.583393063849549,0 -74.06637773099999,4.583508743849513,0 -74.06637364799997,4.58352293784953,0 -74.06621247799995,4.583596786849519,0 -74.06615617899996,4.58357997284952,0 -74.06594671099998,4.583473342849524,0 -74.06594471099999,4.583473143849518,0 -74.06585290099997,4.583426519849525,0 -74.06573879799998,4.583411983849545,0 -74.06566563299998,4.583442674849556,0 -74.06566356199994,4.583443472849533,0 -74.06563188399997,4.583469527849512,0 -74.06563112199996,4.583468351849551,0 -74.06562793599994,4.583470935849509,0 -74.06559718599993,4.583502143849503,0 -74.06557222699996,4.583522199849545,0 -74.06556762099996,4.583535018849549,0 -74.06563041899994,4.583643856849503,0 -74.06563649499998,4.583656413849553,0 -74.06565829299996,4.583744669849516,0 -74.06571974299999,4.584121011849487,0 -74.06575230899995,4.584283758849534,0 -74.06581023999996,4.584439294849495,0 -74.06589207399998,4.584583691849474,0 -74.06593592099995,4.584660528849519,0 -74.06597734399998,4.584746360849482,0 -74.06600269099994,4.584810282849463,0 -74.06601612499998,4.584907809849491,0 -74.06603905199995,4.585003551849476,0 -74.06603748299995,4.585076512849485,0 -74.06622247699994,4.585378298849487,0 -74.06639378299997,4.585652250849472,0 -74.06647690599993,4.585851906849467,0 -74.06652056699994,4.585880701849464,0 -74.06654165799995,4.585899001849485,0 -74.06677868499997,4.585933468849459,0 -74.06679498399996,4.586013244849457,0 -74.06674373299995,4.586081401849448,0 -74.06672704399995,4.586126364849442,0 -74.06677049499996,4.586688697849421,0 -74.06684390199996,4.587035365849434,0 -74.06691210199995,4.587336586849395,0 -74.06691447899993,4.587391596849374,0 -74.06689730599999,4.587498742849375,0 -74.06680028699998,4.587626448849375,0 -74.06673735699997,4.587692213849418,0 -74.06673350099999,4.587745367849422,0 -74.06680775799998,4.587680570849362,0 -74.06692918999994,4.587814368849404,0 -74.06686946599996,4.587876753849381,0 -74.06696864899999,4.587966288849399,0 -74.06706325399995,4.588038851849408,0 -74.06713288699996,4.587920546849407,0 -74.06721356599996,4.587976724849371,0 -74.06722181299995,4.587962715849393,0 -74.06731051799994,4.588024481849378,0 -74.06741679999999,4.587854688849377,0 -74.06767372499996,4.587935079849365,0 -74.06799758399995,4.588386428849353,0 -74.06803426699997,4.588594510849366,0 -74.06826664599998,4.588644762849361,0 -74.06843703399994,4.588889452849343,0 -74.06848825699996,4.58908964384937,0 -74.06853311699996,4.589181590849354,0 -74.06853734299995,4.589254590849341,0</coordinates></LinearRing></outerBoundaryIs>
        </Polygon>
      </MultiGeometry>
    </Placemark>
    <Placemark id="ID_00031">
      <name>LOURDES</name>
      <snippet></snippet>
      <description><![CDATA[<html xmlns:fo="http://www.w3.org/1999/XSL/Format" xmlns:msxsl="urn:schemas-microsoft-com:xslt">
<head>
<META http-equiv="Content-Type" content="text/html">
<meta http-equiv="content-type" content="text/html; charset=UTF-8">
</head>
<body style="margin:0px 0px 0px 0px;overflow:auto;background:#FFFFFF;">
<table style="font-family:Arial,Verdana,Times;font-size:12px;text-align:left;width:100%;border-collapse:collapse;padding:3px 3px 3px 3px">
<tr style="text-align:center;font-weight:bold;background:#9CBCE2">
<td>003212</td>
</tr>
<tr>
<td>
<table style="font-family:Arial,Verdana,Times;font-size:12px;text-align:left;width:100%;border-spacing:0px; padding:3px 3px 3px 3px">
<tr>
<td>OBJECTID1</td>
<td>52</td>
</tr>
<tr bgcolor="#D4E4F3">
<td>SCaCodigo</td>
<td>003212</td>
</tr>
<tr>
<td>SCaTipo</td>
<td>0</td>
</tr>
<tr bgcolor="#D4E4F3">
<td>SCaNombre</td>
<td>LOURDES</td>
</tr>
<tr>
<td>SHAPE</td>
<td>Polígono</td>
</tr>
<tr bgcolor="#D4E4F3">
<td>SHAPE_Length</td>
<td>0.019439</td>
</tr>
<tr>
<td>SHAPE_Area</td>
<td>0.000013</td>
</tr>
</table>
</td>
</tr>
</table>
</body><script type="text/javascript">
				function changeImage(attElement, nameElement) {
				document.getElementById('imageAttachment').src = attElement;
				document.getElementById('imageName').innerHTML = nameElement;}
			</script></html>
]]></description>
      <styleUrl>#PolyStyle031</styleUrl>
      <MultiGeometry>
        <Polygon>
          <extrude>0</extrude><altitudeMode>clampToGround</altitudeMode>
          <outerBoundaryIs><LinearRing><coordinates> -74.07356627999997,4.586482426849411,0 -74.07338351799996,4.586499676849454,0 -74.07325938199995,4.586526294849439,0 -74.07281471699997,4.586720805849451,0 -74.07253274599998,4.586859758849418,0 -74.07270988499994,4.58736888984941,0 -74.07270671899994,4.587493598849381,0 -74.07261915499998,4.587537521849399,0 -74.07249512299995,4.587420419849406,0 -74.07226894499996,4.587244614849396,0 -74.07210843499996,4.587083513849395,0 -74.07199170599995,4.586922417849397,0 -74.07193315999996,4.58684917384944,0 -74.07183849399996,4.586746692849447,0 -74.07175382699995,4.586652121849418,0 -74.07161654699996,4.586601964849438,0 -74.07149593199995,4.586551882849409,0 -74.07142170499998,4.586551874849444,0 -74.07144582599994,4.586744743849417,0 -74.07145184799998,4.586873493849406,0 -74.07142435199995,4.587075812849434,0 -74.07134641299996,4.587247482849414,0 -74.07132199499995,4.587308785849408,0 -74.07114322199999,4.587780728849371,0 -74.07110960399996,4.587940117849394,0 -74.07110199599998,4.588338623849399,0 -74.07111413799998,4.588522523849357,0 -74.07120427699994,4.58883517384936,0 -74.07124380399995,4.58901907684935,0 -74.07124079799996,4.589337854849345,0 -74.07123475699996,4.589393084849331,0 -74.07115219599996,4.589822171849307,0 -74.07132434099998,4.589847111849312,0 -74.07140210699998,4.589842974849344,0 -74.07140786899998,4.589837582849355,0 -74.07141792299996,4.589828231849336,0 -74.07142801299995,4.589818909849352,0 -74.07143475399994,4.589812708849331,0 -74.07145163899997,4.589797245849332,0 -74.07148204399994,4.589769515849326,0 -74.07149886399998,4.589754135849345,0 -74.07150890799994,4.589744907849334,0 -74.07152222699995,4.589732597849348,0 -74.07152884899995,4.589726436849305,0 -74.07153544299996,4.58972026984932,0 -74.07160124899997,4.589658481849344,0 -74.07161443499996,4.589646128849355,0 -74.07163094199996,4.589630705849319,0 -74.07164747799999,4.589615314849338,0 -74.07166073699995,4.589603030849309,0 -74.07167734699993,4.589587717849358,0 -74.07168733799995,4.58957855884936,0 -74.07169400999999,4.589572462849306,0 -74.07170403399994,4.589563344849333,0 -74.07171408099998,4.589554249849333,0 -74.07172079199995,4.589548202849341,0 -74.07172751299998,4.589542167849324,0 -74.07173424699994,4.589536148849308,0 -74.07174774599997,4.589524153849348,0 -74.07175451499995,4.589518178849328,0 -74.07176129799996,4.589512220849346,0 -74.07176809499998,4.589506278849328,0 -74.07177490399994,4.589500357849353,0 -74.07178514399999,4.589491507849323,0 -74.07179198999995,4.589485629849356,0 -74.07179885199997,4.589479774849315,0 -74.07180572799996,4.589473939849351,0 -74.07181262199998,4.589468125849335,0 -74.07181953099996,4.58946233084934,0 -74.07182645599994,4.58945656084931,0 -74.07183340099994,4.589450812849329,0 -74.07184385199997,4.589442235849313,0 -74.07185084199995,4.589436548849323,0 -74.07185785099995,4.589430885849355,0 -74.07186487799999,4.589425250849313,0 -74.07187192599997,4.589419639849361,0 -74.07188253599998,4.589411275849313,0 -74.07189319199995,4.589402972849356,0 -74.07190388999999,4.589394715849363,0 -74.07191102299998,4.589389172849327,0 -74.07192171699995,4.589380805849361,0 -74.07193597199995,4.589369539849354,0 -74.07195022499997,4.58935816784934,0 -74.07196091699996,4.589349578849329,0 -74.07196804599994,4.589343826849344,0 -74.07197874099995,4.589335166849351,0 -74.07198944199996,4.589326470849343,0 -74.07200728799995,4.589311917849314,0 -74.07203946999994,4.589285610849329,0 -74.07205739299997,4.589270983849346,0 -74.07206816599995,4.589262220849367,0 -74.07208255199998,4.589250563849351,0 -74.07209697199994,4.589238946849365,0 -74.07210780699995,4.589230272849352,0 -74.07211866199998,4.589221638849368,0 -74.07212591099994,4.58921590784933,0 -74.07213316899998,4.589210196849351,0 -74.07214407499998,4.589201677849346,0 -74.07215136099995,4.589196029849331,0 -74.07215865799998,4.589190408849322,0 -74.07216962499996,4.589182035849371,0 -74.07217695099996,4.589176496849341,0 -74.07218429099999,4.589170989849372,0 -74.07219164299994,4.589165519849344,0 -74.07219900999996,4.589160087849328,0 -74.07220638999996,4.589154695849335,0 -74.07221008399995,4.589152015849367,0 -74.07221748699999,4.589146685849347,0 -74.07222490199996,4.589141403849331,0 -74.07223233499997,4.589136164849373,0 -74.07223978199994,4.589130976849328,0 -74.07224724499997,4.589125837849329,0 -74.07225472499994,4.589120748849375,0 -74.07226221999997,4.589115717849375,0 -74.07226973399997,4.589110737849348,0 -74.07227726599996,4.58910581884935,0 -74.07228481599998,4.589100956849332,0 -74.07229238199994,4.589096156849324,0 -74.07229617299998,4.589093778849353,0 -74.07230376899997,4.58908907284933,0 -74.07231138499998,4.58908443384933,0 -74.07231901799997,4.589079859849329,0 -74.07232667299996,4.589075356849368,0 -74.07233050899998,4.589073130849324,0 -74.07233819499999,4.58906873484937,0 -74.07234590199994,4.589064411849324,0 -74.07234976299998,4.589062278849374,0 -74.07235750299998,4.589058069849328,0 -74.07236138199994,4.589055994849324,0 -74.07236526599996,4.589053939849348,0 -74.07236915499993,4.589051903849328,0 -74.07237304899996,4.589049888849326,0 -74.07237694999998,4.589047893849329,0 -74.07238085599994,4.589045921849329,0 -74.07238476999999,4.589043968849344,0 -74.07238868899998,4.589042035849321,0 -74.07239261099994,4.589040125849349,0 -74.07239653999994,4.589038238849352,0 -74.07240047799996,4.589036370849322,0 -74.07240441899995,4.589034523849357,0 -74.07240836699998,4.589032703849335,0 -74.07241232199993,4.589030903849328,0 -74.07241628199995,4.58902912484933,0 -74.07242024899995,4.589027370849349,0 -74.07242422199994,4.589025639849346,0 -74.07242820099998,4.589023932849328,0 -74.07243218899998,4.589022248849338,0 -74.07243617999995,4.589020587849348,0 -74.07244017899995,4.589018952849347,0 -74.07244418499994,4.589017339849359,0 -74.07244819599998,4.589015752849371,0 -74.07245221599999,4.589014190849356,0 -74.07245624699993,4.589012658849351,0 -74.07246030399995,4.589011162849372,0 -74.07246438499999,4.589009704849329,0 -74.07246848999995,4.589008285849325,0 -74.07247262099997,4.58900690384933,0 -74.07247677399994,4.589005556849364,0 -74.07248095099999,4.58900424884933,0 -74.07248514999998,4.589002976849367,0 -74.07248936999997,4.589001740849363,0 -74.07249361099997,4.589000540849381,0 -74.07249787499995,4.588999376849356,0 -74.07250215799996,4.588998247849353,0 -74.07250646099999,4.588997156849351,0 -74.07251078499996,4.588996098849341,0 -74.07251512799996,4.588995076849358,0 -74.07251948599998,4.588994088849343,0 -74.07252386599998,4.588993135849359,0 -74.07252826199993,4.588992220849374,0 -74.07253267599998,4.588991337849327,0 -74.07253710499998,4.588990485849362,0 -74.07254155199996,4.588989671849329,0 -74.07254601499994,4.588988888849374,0 -74.07255048999997,4.588988141849364,0 -74.07255498399996,4.588987425849381,0 -74.07255948599999,4.588986743849368,0 -74.07256400699998,4.588986094849361,0 -74.07256854099995,4.588985476849358,0 -74.07257308599998,4.588984891849348,0 -74.07257764199994,4.588984339849336,0 -74.07258221199999,4.58898381984937,0 -74.07258679399996,4.588983332849344,0 -74.07259138499995,4.58898287384937,0 -74.07259598599995,4.588982449849362,0 -74.07260059799995,4.588982055849331,0 -74.07260521999996,4.588981693849341,0 -74.07260984899995,4.588981360849345,0 -74.07261448499997,4.588981057849363,0 -74.07261913299999,4.58898078484935,0 -74.07262378699994,4.58898054184936,0 -74.07262844699994,4.58898033184937,0 -74.07263311499997,4.588980150849353,0 -74.07263778699996,4.588979997849376,0 -74.07264246599993,4.58897987484937,0 -74.07264714799999,4.588979779849348,0 -74.07265183599998,4.588979713849366,0 -74.07265652799998,4.588979676849361,0 -74.07266122399994,4.588979668849332,0 -74.07266592099995,4.588979689849333,0 -74.07267062399995,4.588979735849355,0 -74.07267532599997,4.588979812849337,0 -74.07268002999996,4.588979914849342,0 -74.07268473699997,4.588980044849333,0 -74.07268944299994,4.58898020384936,0 -74.07269414799998,4.588980388849337,0 -74.07269885399995,4.588980600849363,0 -74.07270356099997,4.588980836849376,0 -74.07270826599995,4.588981101849358,0 -74.07271296799996,4.588981392849345,0 -74.07271766799994,4.588981707849365,0 -74.07272236499995,4.588982050849373,0 -74.07272705799994,4.588982417849365,0 -74.07273174799997,4.58898281084936,0 -74.07273643499997,4.588983227849379,0 -74.07274111699996,4.588983669849369,0 -74.07274579299997,4.58898413784936,0 -74.07275046299998,4.588984630849381,0 -74.07275512799998,4.588985145849328,0 -74.07275978599995,4.588985685849364,0 -74.07276443499995,4.588986248849373,0 -74.07276907999994,4.588986836849361,0 -74.07277371299995,4.588987448849364,0 -74.07277833999996,4.58898808284936,0 -74.07278295799995,4.588988739849348,0 -74.07278756399995,4.58898941984938,0 -74.07279216299997,4.588990121849341,0 -74.07279674999995,4.58899084584936,0 -74.07280132499994,4.588991593849353,0 -74.07280589099997,4.588992362849345,0 -74.07281044299998,4.588993152849349,0 -74.07281951099998,4.588994795849366,0 -74.07282402599998,4.588995651849356,0 -74.07282852499998,4.588996525849377,0 -74.07283300999995,4.588997422849332,0 -74.07283748199995,4.588998339849349,0 -74.07284193699996,4.588999274849352,0 -74.07285080199995,4.589001207849374,0 -74.07285520799996,4.58900220584934,0 -74.07285959699993,4.589003219849353,0 -74.07286396899997,4.589004253849333,0 -74.07286832299997,4.589005308849375,0 -74.07287265499997,4.589006379849359,0 -74.07287696999998,4.589007472849344,0 -74.07288126599997,4.589008581849384,0 -74.07288554099995,4.589009708849344,0 -74.07289403099998,4.589012017849365,0 -74.07289824399999,4.589013197849339,0 -74.07290243399996,4.589014396849333,0 -74.07290661499997,4.589015626849345,0 -74.07291078599997,4.589016887849358,0 -74.07291495099997,4.589018179849342,0 -74.07291910899994,4.589019506849343,0 -74.07292325899994,4.589020862849333,0 -74.07292740299994,4.58902225184937,0 -74.07293153799998,4.589023671849358,0 -74.07293566799996,4.589025118849347,0 -74.07293979099995,4.589026598849327,0 -74.07294390499999,4.589028108849329,0 -74.07294801399996,4.589029644849338,0 -74.07295211499996,4.589031212849362,0 -74.07295620999997,4.589032806849326,0 -74.07296029799994,4.589034432849354,0 -74.07296437999997,4.589036082849359,0 -74.07296845699994,4.589037760849349,0 -74.07297252499995,4.589039464849345,0 -74.07297658799996,4.589041195849343,0 -74.07298064399998,4.589042952849349,0 -74.07298469399996,4.589044735849365,0 -74.07298873899998,4.589046542849356,0 -74.07299277599998,4.589048376849344,0 -74.07300083599995,4.58905211384933,0 -74.07300485599995,4.589054019849348,0 -74.07300886899998,4.589055947849366,0 -74.07301287999996,4.589057898849368,0 -74.07301688299998,4.589059872849354,0 -74.07302088099993,4.589061867849353,0 -74.07302487299995,4.589063885849371,0 -74.07302885899998,4.589065923849373,0 -74.07303284299996,4.589067983849346,0 -74.07303681799993,4.589070064849349,0 -74.07304078799996,4.58907216384937,0 -74.07304871599996,4.589076421849362,0 -74.07305267399994,4.589078579849336,0 -74.07306057099998,4.589082952849359,0 -74.07306844999994,4.589087393849341,0 -74.07307238299995,4.589089640849347,0 -74.07308023399997,4.589094181849357,0 -74.07308806799995,4.589098788849348,0 -74.07309197799998,4.589101114849364,0 -74.07309978899997,4.589105807849359,0 -74.07310758199998,4.589110558849364,0 -74.07311535899998,4.589115360849341,0 -74.07312312199997,4.589120208849348,0 -74.07312699899995,4.589122650849327,0 -74.07313474099993,4.589127568849326,0 -74.07314246699997,4.589132529849329,0 -74.07315018299994,4.589137523849323,0 -74.07315788499994,4.589142554849321,0 -74.07316557699994,4.589147618849368,0 -74.07317325599996,4.589152708849379,0 -74.07318092499997,4.589157825849374,0 -74.07318858499997,4.589162964849369,0 -74.07320387899995,4.589173293849334,0 -74.07321913799996,4.589183674849368,0 -74.07325716899999,4.589209682849332,0 -74.07327234899998,4.589220042849371,0 -74.07328751799997,4.589230336849359,0 -74.07330267899994,4.589240543849362,0 -74.07331025599996,4.589245608849342,0 -74.07331783599994,4.589250637849366,0 -74.07332541599999,4.589255634849319,0 -74.07333299499999,4.589260591849367,0 -74.07334057699995,4.589265510849356,0 -74.07335953899997,4.589277670849339,0 -74.07337090699997,4.589285004849319,0 -74.07338226299998,4.589292393849331,0 -74.07339360199995,4.589299837849336,0 -74.07340114699997,4.58930483184933,0 -74.07340867999994,4.589309853849317,0 -74.07341995199994,4.589317439849348,0 -74.07343118399996,4.589325094849344,0 -74.07344237199999,4.589332818849337,0 -74.07345351099997,4.589340617849342,0 -74.07346090499993,4.589345862849351,0 -74.07346827299995,4.589351141849352,0 -74.07347561199998,4.58935645584937,0 -74.07347926999995,4.589359128849352,0 -74.07348656599999,4.589364500849318,0 -74.07349382399997,4.589369914849311,0 -74.07350105199998,4.589375367849338,0 -74.07350824299994,4.589380861849337,0 -74.07351182499997,4.589383625849322,0 -74.07351895599999,4.589389184849361,0 -74.07352604899995,4.589394788849328,0 -74.07353309899997,4.589400436849341,0 -74.07354010699999,4.589406132849358,0 -74.07354706499996,4.589411874849343,0 -74.07355397799995,4.589417665849322,0 -74.07356084399999,4.589423506849339,0 -74.07356765799994,4.589429400849362,0 -74.07357441599999,4.58943534084936,0 -74.07358112099996,4.589441338849367,0 -74.07358445299997,4.589444355849341,0 -74.07359107499997,4.589450432849318,0 -74.07359763799997,4.589456564849317,0 -74.07360089699995,4.589459650849319,0 -74.07360413799995,4.589462752849314,0 -74.07360736399994,4.589465874849321,0 -74.07361056399998,4.589469023849325,0 -74.07361373999998,4.589472206849321,0 -74.07361689099997,4.589475416849359,0 -74.07362001999996,4.589478657849364,0 -74.07362312599997,4.589481927849348,0 -74.07362621299995,4.589485222849347,0 -74.07362927399998,4.589488545849334,0 -74.07363231499994,4.589491894849321,0 -74.07363533799997,4.58949526884934,0 -74.07363833999995,4.589498667849323,0 -74.07364132199996,4.589502087849366,0 -74.07364428799997,4.589505531849318,0 -74.07364723599994,4.589508995849346,0 -74.07365016499995,4.589512483849358,0 -74.07365307999999,4.58951598984934,0 -74.07365597799998,4.589519513849362,0 -74.07365885999997,4.589523059849322,0 -74.07366458299998,4.589530198849314,0 -74.07366742399995,4.589533792849335,0 -74.07367306799995,4.589541026849346,0 -74.07367587399995,4.589544665849341,0 -74.07368145299995,4.589551979849348,0 -74.07368699299997,4.589559334849335,0 -74.07368975099996,4.589563027849328,0 -74.07369524299997,4.589570438849337,0 -74.07370343499997,4.589581606849352,0 -74.07371158699993,4.589592812849309,0 -74.07373054399994,4.589618998849314,0 -74.07373868299999,4.589630181849349,0 -74.07374412399997,4.589637607849317,0 -74.07374958699995,4.589645001849338,0 -74.07375507399996,4.589652359849341,0 -74.07376058999995,4.589659674849345,0 -74.07376336199997,4.589663313849351,0 -74.07376893299994,4.589670547849344,0 -74.07377454499994,4.589677721849312,0 -74.07378020299996,4.589684829849349,0 -74.07378305299994,4.589688353849317,0 -74.07378591399998,4.589691862849318,0 -74.07378879199996,4.589695350849326,0 -74.07379168399996,4.589698814849359,0 -74.07379459099997,4.589702260849349,0 -74.07379751199994,4.58970568084934,0 -74.07380045199994,4.589709081849345,0 -74.07380341199996,4.58971245584931,0 -74.07380638499995,4.58971580384932,0 -74.07380938099993,4.58971912984933,0 -74.07381239499995,4.589722424849332,0 -74.07381542699994,4.589725694849302,0 -74.07381848199998,4.589728937849346,0 -74.07382155599998,4.589732149849311,0 -74.07382465499995,4.589735331849313,0 -74.07382777199996,4.589738484849332,0 -74.07383091599996,4.589741604849312,0 -74.07383408199996,4.589744691849344,0 -74.07383727199993,4.589747747849318,0 -74.07384048699998,4.589750769849303,0 -74.07384372599995,4.589753754849336,0 -74.07384699399995,4.589756705849334,0 -74.07385028999994,4.589759619849333,0 -74.07385360899997,4.589762495849331,0 -74.07385695699998,4.589765333849325,0 -74.07386033599994,4.58976813484932,0 -74.07386374399994,4.589770894849347,0 -74.07386718199996,4.589773614849352,0 -74.07387064699998,4.589776291849347,0 -74.07387414799996,4.589778928849312,0 -74.07387767899996,4.589781522849331,0 -74.07388124099998,4.589784071849323,0 -74.07388483299997,4.589786580849334,0 -74.07388844899998,4.589789068849337,0 -74.07389208399997,4.589791532849318,0 -74.07389573799998,4.589793979849296,0 -74.07389941099996,4.589796403849303,0 -74.07390310499994,4.589798805849314,0 -74.07390681799995,4.589801186849311,0 -74.07391055199997,4.589803549849336,0 -74.07391430199993,4.589805889849319,0 -74.07391806999993,4.589808211849317,0 -74.07392185899994,4.589810514849342,0 -74.07392566299995,4.589812794849338,0 -74.07392948399996,4.589815055849299,0 -74.07393332299995,4.58981729784935,0 -74.07393717899998,4.589819520849314,0 -74.07394105199995,4.589821723849326,0 -74.07394494299996,4.589823908849349,0 -74.07394884799999,4.589826072849312,0 -74.07395276899996,4.589828217849313,0 -74.07395670899996,4.589830344849329,0 -74.07396065999995,4.589832454849296,0 -74.07396462899999,4.589834547849327,0 -74.07396861099994,4.589836618849312,0 -74.07397260699997,4.589838672849305,0 -74.07398064699998,4.589842728849329,0 -74.07398468599996,4.589844728849325,0 -74.07398873999995,4.589846712849317,0 -74.07399280499999,4.589848679849317,0 -74.07399688499999,4.589850628849343,0 -74.07400508299997,4.589854475849302,0 -74.07400919899999,4.5898563738493,0 -74.07401746899995,4.589860120849346,0 -74.07402162199998,4.589861970849332,0 -74.07402995799998,4.589865623849302,0 -74.07403833699993,4.589869210849341,0 -74.07404254099998,4.589870980849321,0 -74.07405098099997,4.58987447784934,0 -74.07405945799997,4.589877911849295,0 -74.07406371099995,4.589879608849314,0 -74.07406796999999,4.589881289849323,0 -74.07407651399996,4.589884608849296,0 -74.07408508899994,4.58988787284934,0 -74.07408938799995,4.5898894838493,0 -74.07409800299996,4.589892664849314,0 -74.07410232199999,4.589894233849318,0 -74.07410664599996,4.589895791849322,0 -74.07411531199995,4.589898867849309,0 -74.07411965199998,4.589900386849332,0 -74.07412834799999,4.589903387849314,0 -74.07413270299998,4.589904868849342,0 -74.07414142799996,4.589907793849334,0 -74.07414579299996,4.58990924084932,0 -74.07415453799996,4.589912096849291,0 -74.07415891399995,4.589913507849332,0 -74.07416767399997,4.589916295849348,0 -74.07417644199995,4.589919044849317,0 -74.07418083099998,4.589920400849302,0 -74.07418960799998,4.589923083849292,0 -74.07419838699997,4.589925727849298,0 -74.07421155899993,4.589929619849294,0 -74.07422472299999,4.589933424849302,0 -74.07423787699997,4.589937154849307,0 -74.07425101199993,4.589940805849349,0 -74.07426411799997,4.589944385849344,0 -74.07427719099996,4.589947900849345,0 -74.07429022399998,4.589951349849305,0 -74.07430320699996,4.58995474184931,0 -74.07431183599994,4.589956968849338,0 -74.07431616099996,4.589958057849308,0 -74.07432049699997,4.589959124849336,0 -74.07432920099995,4.589961193849341,0 -74.07433356899998,4.589962193849335,0 -74.07433795099996,4.589963173849322,0 -74.07434234099998,4.589964132849296,0 -74.07434674199999,4.58996506684931,0 -74.07435114999998,4.589965981849298,0 -74.07435557099996,4.5899668738493,0 -74.07435999899997,4.589967743849313,0 -74.07436443799998,4.589968591849316,0 -74.07436888399997,4.589969415849303,0 -74.07437333699994,4.589970219849323,0 -74.07437779899993,4.589970999849315,0 -74.07438226799997,4.589971758849313,0 -74.07438674599996,4.589972495849301,0 -74.07439123199998,4.589973208849325,0 -74.07439572199996,4.589973898849302,0 -74.07440021799994,4.58997456884932,0 -74.07440472199994,4.589975213849322,0 -74.07440923199994,4.589975837849314,0 -74.07441374599995,4.589976437849341,0 -74.07441826599995,4.589977013849325,0 -74.07442279199995,4.589977569849303,0 -74.07442732199996,4.589978099849325,0 -74.07443185599993,4.58997860984933,0 -74.07443639399997,4.589979094849321,0 -74.07444093499998,4.589979557849313,0 -74.07444547899996,4.589979997849318,0 -74.07445002799994,4.589980414849343,0 -74.07445457799997,4.589980808849324,0 -74.07445913199996,4.589981177849348,0 -74.07446368699993,4.589981524849312,0 -74.07446824299996,4.58998184684932,0 -74.07447280199995,4.589982147849317,0 -74.07447736399996,4.589982423849301,0 -74.07448192599998,4.589982675849307,0 -74.07448648699994,4.589982905849316,0 -74.07449104799997,4.589983112849342,0 -74.07449560999999,4.589983292849313,0 -74.07450017399998,4.589983453849316,0 -74.07450473499995,4.589983589849298,0 -74.07451385299998,4.589983786849328,0 -74.07451841299996,4.589983849849337,0 -74.07452296699995,4.589983886849344,0 -74.07452752199998,4.589983904849329,0 -74.07453207499998,4.589983894849315,0 -74.07453662399996,4.589983860849332,0 -74.07454116899999,4.589983803849313,0 -74.07454571199997,4.589983722849319,0 -74.07455025099995,4.589983617849343,0 -74.07455361899997,4.58998351884931,0 -74.07458577399996,4.589896107849335,0 -74.07491216499994,4.589667965849322,0 -74.07504228399995,4.589654066849308,0 -74.07505562999995,4.589609287849367,0 -74.07509842199994,4.589599582849337,0 -74.07517388399998,4.589626692849357,0 -74.07520535599997,4.589641883849342,0 -74.07527021699997,4.589674774849334,0 -74.07528652099995,4.589688403849356,0 -74.07527018999997,4.589719350849326,0 -74.07531916699998,4.589740792849314,0 -74.07540509299997,4.589784809849307,0 -74.07543134099996,4.589783859849347,0 -74.07544949499999,4.589783258849335,0 -74.07545862499995,4.589782986849314,0 -74.07546778599993,4.589782744849315,0 -74.07548157999997,4.589782447849328,0 -74.07549080399997,4.589782300849348,0 -74.07549542299995,4.589782245849309,0 -74.07550004499996,4.589782204849342,0 -74.07550930199994,4.589782161849341,0 -74.07551856599997,4.589782180849309,0 -74.07552320099995,4.589782213849305,0 -74.07553247399994,4.589782334849328,0 -74.07554174599994,4.589782530849305,0 -74.07554638099998,4.589782658849309,0 -74.07555101399998,4.58978280684934,0 -74.07555564599994,4.589782978849338,0 -74.07556027499999,4.58978317184935,0 -74.07556490199994,4.589783386849345,0 -74.07556952499993,4.589783627849294,0 -74.07557414199994,4.589783892849342,0 -74.07557875999998,4.589784182849344,0 -74.07558336599999,4.589784499849342,0 -74.07558797199994,4.589784842849357,0 -74.07559257099996,4.589785212849311,0 -74.07559716199995,4.589785612849336,0 -74.07560174899999,4.589786039849317,0 -74.07560632699995,4.589786497849301,0 -74.07561089599994,4.589786986849302,0 -74.07561545799996,4.589787506849316,0 -74.07562134799997,4.58978823084933,0 -74.07563840099994,4.589763658849307,0 -74.07571470299996,4.58974445684933,0 -74.07585054899994,4.589723426849301,0 -74.07594621999993,4.589688905849333,0 -74.07603801799996,4.589658188849314,0 -74.07614691999999,4.589727270849348,0 -74.07628463799995,4.589915278849296,0 -74.07630949699995,4.589953698849309,0 -74.07648532999997,4.590041923849317,0 -74.07652163799997,4.589990157849306,0 -74.07664597399997,4.589759943849319,0 -74.07691672299995,4.589240903849364,0 -74.07696925199997,4.589124886849331,0 -74.07677315399997,4.589011657849369,0 -74.07655156299995,4.588887487849378,0 -74.07651048699995,4.588866574849364,0 -74.07643797499998,4.588827164849367,0 -74.07640212399997,4.588807454849362,0 -74.07636113899997,4.588784002849371,0 -74.07632961199994,4.588763877849384,0 -74.07629763399996,4.588746147849353,0 -74.07626997999995,4.588735270849387,0 -74.07583193599999,4.588467287849381,0 -74.07584977499994,4.588443985849392,0 -74.07607825999997,4.588070496849376,0 -74.07592638999995,4.587981288849362,0 -74.07559364399998,4.587795168849409,0 -74.07535935199996,4.587674169849421,0 -74.07529530699998,4.587638493849381,0 -74.07463684199996,4.587285118849413,0 -74.07469522999997,4.587131381849416,0 -74.07475722099997,4.586984920849437,0 -74.07479010599997,4.586940991849421,0 -74.07449088199996,4.586648100849417,0 -74.07418443499995,4.586523559849431,0 -74.07391635799996,4.586455808849416,0 -74.07369367399997,4.586470402849406,0 -74.07356627999997,4.586482426849411,0</coordinates></LinearRing></outerBoundaryIs>
        </Polygon>
      </MultiGeometry>
    </Placemark>
    <Placemark id="ID_00032">
      <name>MODELO SUR</name>
      <snippet></snippet>
      <description><![CDATA[<html xmlns:fo="http://www.w3.org/1999/XSL/Format" xmlns:msxsl="urn:schemas-microsoft-com:xslt">
<head>
<META http-equiv="Content-Type" content="text/html">
<meta http-equiv="content-type" content="text/html; charset=UTF-8">
</head>
<body style="margin:0px 0px 0px 0px;overflow:auto;background:#FFFFFF;">
<table style="font-family:Arial,Verdana,Times;font-size:12px;text-align:left;width:100%;border-collapse:collapse;padding:3px 3px 3px 3px">
<tr style="text-align:center;font-weight:bold;background:#9CBCE2">
<td>001209</td>
</tr>
<tr>
<td>
<table style="font-family:Arial,Verdana,Times;font-size:12px;text-align:left;width:100%;border-spacing:0px; padding:3px 3px 3px 3px">
<tr>
<td>OBJECTID1</td>
<td>23</td>
</tr>
<tr bgcolor="#D4E4F3">
<td>SCaCodigo</td>
<td>001209</td>
</tr>
<tr>
<td>SCaTipo</td>
<td>0</td>
</tr>
<tr bgcolor="#D4E4F3">
<td>SCaNombre</td>
<td>MODELO SUR</td>
</tr>
<tr>
<td>SHAPE</td>
<td>Polígono</td>
</tr>
<tr bgcolor="#D4E4F3">
<td>SHAPE_Length</td>
<td>0.000819</td>
</tr>
<tr>
<td>SHAPE_Area</td>
<td>0</td>
</tr>
</table>
</td>
</tr>
</table>
</body><script type="text/javascript">
				function changeImage(attElement, nameElement) {
				document.getElementById('imageAttachment').src = attElement;
				document.getElementById('imageName').innerHTML = nameElement;}
			</script></html>
]]></description>
      <styleUrl>#PolyStyle032</styleUrl>
      <MultiGeometry>
        <Polygon>
          <extrude>0</extrude><altitudeMode>clampToGround</altitudeMode>
          <outerBoundaryIs><LinearRing><coordinates> -74.08355118899993,4.588244588849386,0 -74.08343479999996,4.58832570184934,0 -74.08373177299995,4.588514578849367,0 -74.08355118899993,4.588244588849386,0</coordinates></LinearRing></outerBoundaryIs>
        </Polygon>
      </MultiGeometry>
    </Placemark>
    <Placemark id="ID_00033">
      <name>PARQUE NACIONAL</name>
      <snippet></snippet>
      <description><![CDATA[<html xmlns:fo="http://www.w3.org/1999/XSL/Format" xmlns:msxsl="urn:schemas-microsoft-com:xslt">
<head>
<META http-equiv="Content-Type" content="text/html">
<meta http-equiv="content-type" content="text/html; charset=UTF-8">
</head>
<body style="margin:0px 0px 0px 0px;overflow:auto;background:#FFFFFF;">
<table style="font-family:Arial,Verdana,Times;font-size:12px;text-align:left;width:100%;border-collapse:collapse;padding:3px 3px 3px 3px">
<tr style="text-align:center;font-weight:bold;background:#9CBCE2">
<td>008102</td>
</tr>
<tr>
<td>
<table style="font-family:Arial,Verdana,Times;font-size:12px;text-align:left;width:100%;border-spacing:0px; padding:3px 3px 3px 3px">
<tr>
<td>OBJECTID1</td>
<td>35</td>
</tr>
<tr bgcolor="#D4E4F3">
<td>SCaCodigo</td>
<td>008102</td>
</tr>
<tr>
<td>SCaTipo</td>
<td>0</td>
</tr>
<tr bgcolor="#D4E4F3">
<td>SCaNombre</td>
<td>PARQUE NACIONAL</td>
</tr>
<tr>
<td>SHAPE</td>
<td>Polígono</td>
</tr>
<tr bgcolor="#D4E4F3">
<td>SHAPE_Length</td>
<td>0.037281</td>
</tr>
<tr>
<td>SHAPE_Area</td>
<td>0.000037</td>
</tr>
</table>
</td>
</tr>
</table>
</body><script type="text/javascript">
				function changeImage(attElement, nameElement) {
				document.getElementById('imageAttachment').src = attElement;
				document.getElementById('imageName').innerHTML = nameElement;}
			</script></html>
]]></description>
      <styleUrl>#PolyStyle033</styleUrl>
      <MultiGeometry>
        <Polygon>
          <extrude>0</extrude><altitudeMode>clampToGround</altitudeMode>
          <outerBoundaryIs><LinearRing><coordinates> -74.06483751799993,4.6215854388483,0 -74.06484198399994,4.621585046848296,0 -74.06487631299996,4.62152484784828,0 -74.06481064099995,4.621522037848266,0 -74.06475884099996,4.621517873848309,0 -74.06470839299999,4.62151361984828,0 -74.06466785499998,4.621506563848321,0 -74.06462731799996,4.62149670584832,0 -74.06417403099994,4.621249604848314,0 -74.06331159999996,4.620763088848299,0 -74.06334727699993,4.620738053848344,0 -74.06339043099996,4.620719799848349,0 -74.06339709799994,4.620712658848317,0 -74.06349934799994,4.620693597848327,0 -74.06361754399995,4.620675984848322,0 -74.06382059799995,4.620674380848351,0 -74.06391743999995,4.620681352848338,0 -74.06402905499993,4.620700077848303,0 -74.06417417499995,4.620778556848321,0 -74.06444658599997,4.620869344848333,0 -74.06466288599995,4.620844782848319,0 -74.06484289199994,4.620735877848333,0 -74.06497858899996,4.620492640848328,0 -74.06512221899999,4.620215597848356,0 -74.06521566599997,4.619974253848351,0 -74.06500588399996,4.619723022848369,0 -74.06484438299998,4.619508587848341,0 -74.06460793199994,4.619288086848344,0 -74.06433004499996,4.619041638848376,0 -74.06404638899994,4.618823934848356,0 -74.06402927399995,4.618811187848388,0 -74.06387226599998,4.618702875848381,0 -74.06358023499996,4.618465645848405,0 -74.06334603499994,4.618257258848424,0 -74.06308994699998,4.618027625848429,0 -74.06284809499994,4.617780366848391,0 -74.06282818799997,4.617768522848419,0 -74.06274729599994,4.617720332848392,0 -74.06265946699995,4.617674944848403,0 -74.06262307499998,4.617656860848432,0 -74.06243111299995,4.617561652848424,0 -74.06225148899995,4.61749510084841,0 -74.06219869899996,4.617489941848397,0 -74.06206140999996,4.61747636684843,0 -74.06202233799996,4.617552979848397,0 -74.06212031399997,4.617581411848422,0 -74.06203103099995,4.617643140848396,0 -74.06194156699996,4.617720598848425,0 -74.06183165099998,4.617814867848407,0 -74.06173308599995,4.617900730848381,0 -74.06164082699996,4.617996809848377,0 -74.06158316199998,4.618081683848422,0 -74.06146080399998,4.618253508848405,0 -74.06139827299995,4.618347783848384,0 -74.06139304499999,4.618373093848396,0 -74.06138637299995,4.618420097848409,0 -74.06138933399995,4.618432874848395,0 -74.06140803399995,4.61854407184836,0 -74.06140965099996,4.618879306848375,0 -74.06141657699999,4.618970334848362,0 -74.06140385299994,4.619146241848374,0 -74.06125246499994,4.619507892848364,0 -74.06120335999998,4.619578304848372,0 -74.06115263199996,4.619653687848339,0 -74.06100738899994,4.61985823384835,0 -74.06100333399996,4.619867543848343,0 -74.06096891299995,4.619934702848363,0 -74.06087196799996,4.620031232848317,0 -74.06070844899995,4.62013733684836,0 -74.06065078999995,4.620168154848338,0 -74.06059258999994,4.620200689848337,0 -74.06045051499996,4.620279044848361,0 -74.06034303399997,4.620340770848314,0 -74.06021258799996,4.620355218848316,0 -74.06008249799999,4.620395156848351,0 -74.06002042599994,4.620418380848314,0 -74.05994933899996,4.620488970848318,0 -74.05986816399997,4.620548259848293,0 -74.05977951099999,4.620615050848346,0 -74.05973869899998,4.620636920848301,0 -74.05971962299998,4.620653064848324,0 -74.06120308799996,4.620820926848337,0 -74.06106739199998,4.621424360848289,0 -74.05948493999995,4.620994262848326,0 -74.05948488199994,4.620994310848329,0 -74.05947965699994,4.621001089848308,0 -74.05947695499998,4.621004522848326,0 -74.05947425099998,4.621007868848303,0 -74.05947145799996,4.621011122848339,0 -74.05946857399994,4.621014376848315,0 -74.05946569099996,4.621017540848331,0 -74.05946262799995,4.621020793848325,0 -74.05945956499994,4.621023776848325,0 -74.05945650099994,4.621026849848286,0 -74.05945343799993,4.621029832848286,0 -74.05945010399995,4.621032724848281,0 -74.05944704099994,4.621035616848338,0 -74.05944028399995,4.621041129848294,0 -74.05943685999995,4.621043841848324,0 -74.05943352099996,4.621046459848317,0 -74.05943001299994,4.621049083848313,0 -74.05942650499998,4.621051526848284,0 -74.05942298599996,4.621054054848327,0 -74.05941920199996,4.621056404848305,0 -74.05941757999994,4.621057488848328,0 -74.05941613899995,4.621058573848335,0 -74.05941289499998,4.621060923848322,0 -74.05941118399994,4.621062097848295,0 -74.05940829999997,4.621064628848306,0 -74.05940668199997,4.621065898848292,0 -74.05940099899993,4.62107122384831,0 -74.05939956099996,4.621072672848326,0 -74.05939829999994,4.621074028848311,0 -74.05939694799997,4.62107556584832,0 -74.05939559599994,4.6210770088483,0 -74.05939307399996,4.621080084848333,0 -74.05939181299993,4.621081530848332,0 -74.05939055099998,4.621083157848299,0 -74.05938830099996,4.621086321848309,0 -74.05938721699994,4.621087947848282,0 -74.05938604599999,4.6210895748483,0 -74.05938505499995,4.621091292848322,0 -74.05938397199998,4.621093008848307,0 -74.05938298199999,4.621094726848328,0 -74.05938190099994,4.621096353848294,0 -74.05938108999999,4.621098161848323,0 -74.05937928999998,4.621101600848283,0 -74.05937685499998,4.62110701984833,0 -74.05937607499999,4.621108838848302,0 -74.05937460199993,4.621112533848335,0 -74.05937333999998,4.62111633084831,0 -74.05937279999995,4.621118137848303,0 -74.05937117799994,4.621123836848287,0 -74.05937053999997,4.621126541848331,0 -74.05936559499997,4.621137751848299,0 -74.05936288699996,4.62114362884833,0 -74.05935711999996,4.621155197848308,0 -74.05935387599999,4.621160892848282,0 -74.05935081299998,4.621166496848302,0 -74.05934756899995,4.621172190848283,0 -74.05934423499997,4.621177704848294,0 -74.05934081099997,4.621183124848328,0 -74.05933729699996,4.621188551848293,0 -74.05932990899998,4.62119921684829,0 -74.05932612499998,4.621204459848313,0 -74.05932224999998,4.621209611848285,0 -74.05931828599995,4.621214672848307,0 -74.05930999699996,4.621224615848322,0 -74.05930576199995,4.621229496848317,0 -74.05930143699999,4.621234286848299,0 -74.05929696699997,4.621238951848316,0 -74.05928792299994,4.621248205848324,0 -74.05928323099994,4.621252633848281,0 -74.05927845999997,4.621257060848307,0 -74.05927366599997,4.621261334848294,0 -74.05926873199996,4.621265559848295,0 -74.05926377699996,4.621269716848333,0 -74.05925882099996,4.621273783848295,0 -74.05925368599998,4.621277760848296,0 -74.05924855099994,4.621281646848295,0 -74.05924368499996,4.621285804848322,0 -74.05923863999993,4.621289238848268,0 -74.05923323499997,4.621292130848326,0 -74.05922999099994,4.621293486848311,0 -74.05922674799996,4.621294570848278,0 -74.05922422599997,4.621295383848313,0 -74.05922053199998,4.621296287848305,0 -74.05921773899996,4.621296739848301,0 -74.05921422599994,4.621297099848304,0 -74.05920999199998,4.621297461848282,0 -74.05920746899994,4.62129773284832,0 -74.05920566799995,4.621298093848311,0 -74.05920224299996,4.621299174848301,0 -74.05919891199994,4.621300536848278,0 -74.05919665899995,4.621301710848313,0 -74.05919511099995,4.621302653848288,0 -74.05919459499995,4.621302978848314,0 -74.05919433599996,4.621303166848319,0 -74.05919224399997,4.621304781848291,0 -74.05918945099995,4.621307221848291,0 -74.05918209099997,4.621313431848274,0 -74.05917981099998,4.621315446848281,0 -74.05917773799996,4.621317434848289,0 -74.05917557599997,4.621319422848297,0 -74.05917143199997,4.621323580848319,0 -74.05916953899998,4.62132574984829,0 -74.05916557499995,4.62133008884828,0 -74.05916368299995,4.621332351848276,0 -74.05916182499993,4.621334649848303,0 -74.05915999299998,4.621336957848277,0 -74.05915818699998,4.621339307848324,0 -74.05915647999996,4.621341661848272,0 -74.05915160899997,4.621348979848302,0 -74.05914989699994,4.621351509848319,0 -74.05914845299998,4.621353952848287,0 -74.05914701399996,4.621356481848313,0 -74.05914539199995,4.621359102848282,0 -74.05914422099994,4.62136163384829,0 -74.05914277899996,4.621364254848308,0 -74.05914151799993,4.621366966848282,0 -74.05914016599996,4.621369587848298,0 -74.05913908499997,4.621372299848324,0 -74.05913791299997,4.621374920848288,0 -74.05913683199998,4.621377722848273,0 -74.05913565999998,4.621380434848294,0 -74.05913459099997,4.621383418848293,0 -74.05912250399996,4.621407912848289,0 -74.05911105999996,4.621432589848288,0 -74.05909537799994,4.621467656848285,0 -74.05909213699994,4.62147335484828,0 -74.05908898199993,4.62147904684828,0 -74.05908582999996,4.621484834848299,0 -74.05908006299995,4.621496584848291,0 -74.05907474599996,4.621508516848301,0 -74.05907222299999,4.621514478848286,0 -74.05906987999998,4.621520538848324,0 -74.05906744699996,4.621526594848279,0 -74.05906519399997,4.621532741848305,0 -74.05906104799993,4.621545215848317,0 -74.05905699299996,4.621559316848299,0 -74.05905455899995,4.62156808484828,0 -74.05905302699995,4.621572513848283,0 -74.05905167799995,4.621576764848287,0 -74.05905023399998,4.621581190848314,0 -74.05904852199996,4.621585348848284,0 -74.05904689899995,4.621589687848269,0 -74.05904509699997,4.621593935848312,0 -74.05904446599999,4.62159556284827,0 -74.05904203299997,4.621600715848288,0 -74.05903788799998,4.621609573848286,0 -74.05903176099997,4.621620871848291,0 -74.05899716199997,4.621670313848272,0 -74.05895292299994,4.621720929848275,0 -74.05891904699996,4.621750755848279,0 -74.05883705899998,4.621825592848273,0 -74.05876471099998,4.621891119848277,0 -74.05872894099997,4.62192202984829,0 -74.05869263499994,4.621952398848295,0 -74.05869002199995,4.621954928848256,0 -74.05868551699996,4.62196017184829,0 -74.05868322399994,4.621962742848273,0 -74.05868101199997,4.621965503848291,0 -74.05867875899997,4.621968215848254,0 -74.05867668699995,4.621971017848295,0 -74.05867461499997,4.621973728848277,0 -74.05866867099996,4.621982408848284,0 -74.05866677799997,4.621985389848252,0 -74.05866506399997,4.621988371848262,0 -74.05866317199997,4.62199144484828,0 -74.05866154999995,4.621994427848277,0 -74.05865974799997,4.621997500848299,0 -74.05865812599995,4.622000574848301,0 -74.05865659399996,4.62200373784828,0 -74.05865515199997,4.622006901848296,0 -74.05865361999997,4.622010155848276,0 -74.05865228499994,4.62201327784828,0 -74.05865094299998,4.622016510848256,0 -74.05864965499995,4.622019827848244,0 -74.05864848399995,4.622023081848285,0 -74.05864722199993,4.62202633584826,0 -74.05864614499995,4.62202967884827,0 -74.05864496899994,4.622033024848292,0 -74.05864415799994,4.622036368848288,0 -74.05864307599995,4.622039803848285,0 -74.05864226499995,4.622043148848269,0 -74.05864145799995,4.62204658384826,0 -74.05864072899993,4.622049928848296,0 -74.05864002499999,4.622053376848275,0 -74.05863937699996,4.62205688684827,0 -74.05863883999996,4.622060232848296,0 -74.05863802799996,4.622066107848293,0 -74.05863577599996,4.622069271848263,0 -74.05863352299997,4.622072254848266,0 -74.05862944299997,4.622078222848301,0 -74.05862919999998,4.622078582848301,0 -74.05862721599993,4.622081835848295,0 -74.05862505299996,4.622085089848269,0 -74.05862325099997,4.622088343848298,0 -74.05862135999996,4.622091594848255,0 -74.05861775499994,4.622098285848267,0 -74.05861604299997,4.622101720848259,0 -74.05861442099996,4.622105155848262,0 -74.05861280199997,4.622108682848246,0 -74.05861135699996,4.622112115848265,0 -74.05860703099995,4.622122691848285,0 -74.05860585999994,4.622126306848259,0 -74.05860459799999,4.622129922848274,0 -74.05860342699998,4.622133538848288,0 -74.05860243499995,4.622137153848258,0 -74.05860135399996,4.622140859848284,0 -74.05860027199998,4.622144475848303,0 -74.05859955099999,4.62214818184827,0 -74.05859846899995,4.62215324384828,0 -74.05860080899998,4.622175932848274,0 -74.05860170399995,4.622187504848283,0 -74.05860242799997,4.622199074848248,0 -74.05860296699996,4.622210644848276,0 -74.05860332399999,4.622233876848263,0 -74.05860296099996,4.622257017848251,0 -74.05860241899995,4.622268587848272,0 -74.05860169199997,4.62228016084827,0 -74.05860078399996,4.622291728848259,0 -74.05859971199999,4.622303299848271,0 -74.05859844999998,4.622314869848251,0 -74.05859682699997,4.622326259848239,0 -74.05859520399997,4.622337829848266,0 -74.05859312999996,4.622349218848274,0 -74.05859114699996,4.622360608848274,0 -74.05858881399996,4.622371957848246,0 -74.05858636999994,4.622383296848278,0 -74.05858348499999,4.622394595848265,0 -74.05858060099996,4.622405804848248,0 -74.05857762699998,4.622416922848281,0 -74.05857438199996,4.622428131848259,0 -74.05857221899998,4.622436356848248,0 -74.05857095799996,4.622441057848262,0 -74.05856933499996,4.62244566784828,0 -74.05856829399994,4.622449303848254,0 -74.05856797099995,4.622450367848259,0 -74.05856635899994,4.622455066848248,0 -74.05856473399996,4.622459585848262,0 -74.05856302699993,4.622464197848258,0 -74.05856113499993,4.622468716848279,0 -74.05855924199994,4.62247332684824,0 -74.05855726099998,4.622477755848239,0 -74.05855518699997,4.622482184848233,0 -74.05855293499997,4.622486704848246,0 -74.05854617699998,4.622499720848262,0 -74.05854356399993,4.622503968848248,0 -74.05854122099998,4.622508216848289,0 -74.05853860899998,4.622512375848238,0 -74.05853592999995,4.622516538848274,0 -74.05853320099999,4.622520603848253,0 -74.05853040799997,4.622524576848249,0 -74.05852743499997,4.622528554848246,0 -74.05852455199994,4.622532531848248,0 -74.05852157999993,4.622536418848237,0 -74.05851842499999,4.622540304848243,0 -74.05851527099998,4.62254401084827,0 -74.05850554099999,4.622555127848261,0 -74.05850220699995,4.622558561848268,0 -74.05849518099996,4.62256543284825,0 -74.05849157599994,4.622568775848246,0 -74.05848788199995,4.622572119848239,0 -74.05848427799998,4.622575463848232,0 -74.05847918799998,4.622579579848251,0 -74.05847661999996,4.622581609848269,0 -74.05847274499996,4.622584591848276,0 -74.05846824099996,4.622588388848246,0 -74.05846373599996,4.622592364848263,0 -74.05846166399994,4.622594534848287,0 -74.05845950099996,4.622596432848285,0 -74.05845733899997,4.622598601848249,0 -74.05845535699996,4.622600680848262,0 -74.05845121199997,4.622605199848277,0 -74.05844931999997,4.62260745884826,0 -74.05844751799998,4.622609718848235,0 -74.05844544599995,4.622611978848263,0 -74.05844370899996,4.622614385848276,0 -74.05844202199995,4.62261667884824,0 -74.05844021999997,4.62261902884823,0 -74.05843850799994,4.622621649848255,0 -74.05843688299996,4.622623997848262,0 -74.05843526399997,4.622626440848233,0 -74.05843355199994,4.622629061848251,0 -74.05843211099995,4.622631501848254,0 -74.05843066899996,4.622634213848276,0 -74.05842922699998,4.622636834848252,0 -74.05842643399995,4.622642077848278,0 -74.05842517199994,4.622644879848262,0 -74.05842382099996,4.622647410848271,0 -74.05842273699994,4.622650121848241,0 -74.05842156999995,4.62265283484826,0 -74.05841958499997,4.622657805848274,0 -74.05841598099994,4.622665036848253,0 -74.05841264699995,4.622672177848281,0 -74.05840922299996,4.622679589848285,0 -74.05840291499999,4.622694412848244,0 -74.05840005399995,4.622701946848254,0 -74.05839714699994,4.622709417848264,0 -74.05839462399996,4.622717010848226,0 -74.05839201099997,4.622724693848265,0 -74.05838966699997,4.62273237784823,0 -74.05838651299996,4.622743224848226,0 -74.05836839899996,4.622797277848269,0 -74.05835785499994,4.62282602284828,0 -74.05834695099998,4.62285458584828,0 -74.05833550699998,4.622883148848273,0 -74.05832357699995,4.622911237848227,0 -74.05831117599996,4.622939281848256,0 -74.05829819999997,4.622966940848273,0 -74.05828486399997,4.622994509848263,0 -74.05823647799997,4.623072604848255,0 -74.05823431599998,4.623074592848265,0 -74.05823071599997,4.623076681848225,0 -74.05822737899996,4.623077755848242,0 -74.05822404499997,4.623078297848251,0 -74.05822080199994,4.623078297848251,0 -74.05821836999996,4.62307775484825,0 -74.05821458699995,4.623075403848274,0 -74.05821143399999,4.623072329848261,0 -74.05820954199999,4.623069346848263,0 -74.05820828199995,4.62306618284824,0 -74.05820774499995,4.623063560848236,0 -74.05818910399995,4.622975152848228,0 -74.05818910499994,4.622973796848242,0 -74.05818892499997,4.622972531848255,0 -74.05818892499997,4.622971084848272,0 -74.05818865499998,4.622969638848275,0 -74.05818865499998,4.622968282848233,0 -74.05818847499995,4.62296692684825,0 -74.05818820499996,4.622965570848267,0 -74.05818802499994,4.62296421484822,0 -74.05818766499993,4.622962858848242,0 -74.05818748499996,4.622961412848236,0 -74.05818721399999,4.62296014684827,0 -74.05818686499998,4.622958833848229,0 -74.05818640399997,4.622957434848248,0 -74.05818622399994,4.622956078848262,0 -74.05818577399998,4.622954813848228,0 -74.05818541399998,4.622953457848238,0 -74.05818478299994,4.62295219184827,0 -74.05818442299994,4.622950926848235,0 -74.05818398499997,4.622949614848238,0 -74.05818352199998,4.622948304848224,0 -74.05818298199995,4.622947039848244,0 -74.05818244199997,4.622945683848257,0 -74.05818190099995,4.622944507848242,0 -74.05818127099997,4.622943242848265,0 -74.05818073099994,4.622941976848239,0 -74.05818009999996,4.622940891848232,0 -74.05817928899995,4.622939626848252,0 -74.05817867299999,4.622938396848241,0 -74.05817802799999,4.62293718584826,0 -74.05817730799998,4.622935919848227,0 -74.05817640699996,4.622934834848224,0 -74.05817577699997,4.62293365984826,0 -74.05817479199999,4.622932300848247,0 -74.05817398899995,4.622930796848237,0 -74.05817217399994,4.62292769384826,0 -74.05817000999997,4.622924802848247,0 -74.05816902199996,4.622923444848229,0 -74.05816775999995,4.622922178848263,0 -74.05816658999998,4.622920732848255,0 -74.05816532799997,4.622919466848228,0 -74.05816406699995,4.622918291848262,0 -74.05816145499995,4.622916030848251,0 -74.05816001399995,4.622914946848224,0 -74.05815839299999,4.622913860848227,0 -74.05815704099996,4.622912866848226,0 -74.05815550999995,4.622911962848239,0 -74.05815424899998,4.622911239848265,0 -74.05815199699998,4.622910244848274,0 -74.05814992499995,4.622909249848224,0 -74.05814740299996,4.622908074848261,0 -74.05814605099994,4.622907622848262,0 -74.05814487999999,4.622907350848235,0 -74.05814415999998,4.622907079848265,0 -74.05814325899996,4.622906808848225,0 -74.05814244799996,4.622906537848253,0 -74.05814073599998,4.622906175848271,0 -74.05813974599994,4.622905994848251,0 -74.05813848399998,4.622905723848219,0 -74.05813731299997,4.622904909848241,0 -74.05813605199995,4.622904276848238,0 -74.05813488099994,4.622903553848258,0 -74.05813361999998,4.622902920848253,0 -74.05813235699998,4.62290220184823,0 -74.05813127799996,4.622901563848274,0 -74.05813001899998,4.622901022848257,0 -74.05812884599999,4.622900388848254,0 -74.05812749499995,4.622899755848241,0 -74.05812623299994,4.622899213848232,0 -74.05812497199997,4.622898760848238,0 -74.05812235799993,4.622897769848265,0 -74.05811983799998,4.622896862848252,0 -74.05811848899998,4.622896497848244,0 -74.05811722499999,4.622896048848277,0 -74.05811452299997,4.622895324848258,0 -74.05811317699994,4.622895063848232,0 -74.05811190999998,4.622894691848249,0 -74.05811046899998,4.622894420848271,0 -74.05810920799996,4.622894239848251,0 -74.05810776599998,4.622894058848229,0 -74.05810641499994,4.622893786848268,0 -74.05810515399997,4.622893605848246,0 -74.05810371199993,4.62289342584828,0 -74.05810236099995,4.622893424848235,0 -74.05810082999994,4.622893246848239,0 -74.05809965899994,4.62289315384825,0 -74.05809686599997,4.622892972848232,0 -74.05809434299994,4.622892971848242,0 -74.05809344299996,4.622892881848236,0 -74.05808893799997,4.622892880848241,0 -74.05808812799995,4.622892968848215,0 -74.05808632599997,4.622892970848254,0 -74.05808551499996,4.62289315184828,0 -74.05808443399997,4.622893241848231,0 -74.05808371299997,4.622893422848252,0 -74.05808281099996,4.622893523848264,0 -74.05808182099997,4.622893603848269,0 -74.05808110099997,4.622893783848244,0 -74.05808019999995,4.622894054848279,0 -74.05807938899994,4.622894145848221,0 -74.05807848599994,4.622894419848221,0 -74.05807767699997,4.622894596848225,0 -74.05807668599994,4.622894867848262,0 -74.05807587499999,4.622895139848224,0 -74.05807506499997,4.622895319848257,0 -74.05807425499995,4.622895683848271,0 -74.05807344299996,4.622895952848269,0 -74.05807263199995,4.622896313848255,0 -74.05807173099998,4.622896675848237,0 -74.05807091999998,4.62289694684827,0 -74.05806848799995,4.622898030848233,0 -74.05806767699994,4.622898573848236,0 -74.05806695599995,4.622898934848227,0 -74.05806605499998,4.622899295848272,0 -74.05806542299996,4.62289974584823,0 -74.05806380299998,4.622900651848255,0 -74.05806317199995,4.622901193848269,0 -74.05806155099998,4.622902097848253,0 -74.05806091999995,4.622902639848265,0 -74.05806019899995,4.622903182848265,0 -74.05805947899995,4.622903634848259,0 -74.05805884999995,4.622904269848251,0 -74.05805803699997,4.622904809848228,0 -74.05805686499997,4.622905983848257,0 -74.05805623499998,4.622906526848253,0 -74.05805542399997,4.622907159848268,0 -74.05805479199995,4.622907970848278,0 -74.05805416399994,4.622908606848251,0 -74.05805335199994,4.622909509848255,0 -74.05805254099994,4.622910051848264,0 -74.05805172999999,4.62291041284826,0 -74.05805109999994,4.622910955848258,0 -74.05805028499998,4.622911496848278,0 -74.05804956799994,4.622911949848257,0 -74.05804884699995,4.622912491848269,0 -74.05804803799998,4.622913126848261,0 -74.05804740599996,4.622913576848222,0 -74.05804605299994,4.62291475384822,0 -74.05804542399994,4.622915383848266,0 -74.05804470299995,4.622916016848225,0 -74.05804407199997,4.622916649848238,0 -74.05804344199998,4.622917100848242,0 -74.05804281099995,4.622917733848256,0 -74.05804109899998,4.622919722848257,0 -74.05804046999998,4.622920356848256,0 -74.05803983799996,4.622921168848254,0 -74.05803929699994,4.622921710848258,0 -74.05803884599999,4.622922433848236,0 -74.05803821599994,4.622923156848255,0 -74.05803776499994,4.622923879848227,0 -74.05803713499995,4.622924602848259,0 -74.05803668499993,4.622925413848266,0 -74.05803614299998,4.622926139848262,0 -74.05803577899997,4.622926859848266,0 -74.05803533199997,4.622927586848244,0 -74.05803485099995,4.622928440848256,0 -74.05803443099995,4.62292912284826,0 -74.05803389099998,4.622929935848243,0 -74.05803352999999,4.622930749848222,0 -74.05803325999995,4.622931562848262,0 -74.05803289899995,4.622932466848249,0 -74.05803244899994,4.622933189848227,0 -74.05803217899995,4.622934093848267,0 -74.05803181799996,4.622934816848243,0 -74.05803145799996,4.622935720848235,0 -74.05803037599998,4.622938974848267,0 -74.05803001599998,4.622939878848261,0 -74.05802992599996,4.622940873848247,0 -74.05802974499994,4.622941596848219,0 -74.05802938499994,4.622942500848268,0 -74.05802920399998,4.622944217848241,0 -74.05802902399995,4.622945031848274,0 -74.05802875399996,4.622946025848218,0 -74.05802866199997,4.622947381848258,0 -74.05802864699996,4.622947447848252,0 -74.05796367999994,4.623194693848253,0 -74.05795717499996,4.623217694848243,0 -74.05795178399995,4.623235279848269,0 -74.05794601599996,4.623252724848229,0 -74.05794421399997,4.623257605848225,0 -74.05794278399998,4.623261311848257,0 -74.05794230499998,4.623262504848261,0 -74.05794132999995,4.623265017848234,0 -74.05793979799995,4.623268542848241,0 -74.05793817099999,4.623271975848259,0 -74.05793637399995,4.623275502848249,0 -74.05793475299998,4.623278938848231,0 -74.05793294099993,4.623282455848215,0 -74.05793221099998,4.623283771848221,0 -74.05792916499996,4.623289151848226,0 -74.05792729599995,4.623292397848233,0 -74.05792511099997,4.623295840848258,0 -74.05792312899996,4.623299095848227,0 -74.05792087599997,4.623302438848226,0 -74.05791880299995,4.623305692848206,0 -74.05791655099995,4.623308765848228,0 -74.05791411799999,4.62331192984825,0 -74.05790934299995,4.623317985848262,0 -74.05790690999999,4.623321148848234,0 -74.05790439399993,4.623323956848211,0 -74.05789060199999,4.623339225848226,0 -74.05788789699994,4.623341935848218,0 -74.05788501799998,4.623344740848226,0 -74.05788222299998,4.62334736084826,0 -74.05787645699996,4.62335260284824,0 -74.05787330299995,4.62335513284826,0 -74.05787041999997,4.623357651848225,0 -74.05786429399996,4.623362363848237,0 -74.05786104999999,4.623364713848231,0 -74.05785798699998,4.623366972848212,0 -74.05785465399998,4.623369141848241,0 -74.05785146399995,4.623371371848251,0 -74.05784817099999,4.623373478848254,0 -74.05784483399998,4.623375468848238,0 -74.05784158999995,4.623377456848246,0 -74.05783807699999,4.623379354848242,0 -74.05783461099998,4.623381284848232,0 -74.05783113899997,4.623383149848232,0 -74.05782762599995,4.623384776848257,0 -74.05779537199999,4.623400679848215,0 -74.05777888599994,4.623408182848218,0 -74.05776230899994,4.623415412848213,0 -74.05774555199997,4.623422370848241,0 -74.05772879499995,4.623429057848242,0 -74.05771190199994,4.623435491848234,0 -74.05769492099995,4.623441527848242,0 -74.05767780399998,4.623447311848236,0 -74.05766050699998,4.623452732848204,0 -74.05764320899993,4.623457882848255,0 -74.05762576199999,4.623462868848219,0 -74.05760816399999,4.623467369848251,0 -74.05759068699996,4.623471616848247,0 -74.05757311999997,4.623475591848219,0 -74.05748366199998,4.623487331848205,0 -74.05735141799994,4.623460106848214,0 -74.05721917399995,4.623431795848221,0 -74.05703935999998,4.623441354848248,0 -74.05684116899994,4.623440606848207,0 -74.05665838899995,4.623396742848236,0 -74.05665676699994,4.623396561848222,0 -74.05665505599995,4.623396560848231,0 -74.05665343399994,4.62339638384823,0 -74.05665019099996,4.62339619884825,0 -74.05664685799997,4.62339619884825,0 -74.05664352499997,4.623396376848248,0 -74.05664181299994,4.623396559848245,0 -74.05664019199997,4.623396558848254,0 -74.05663685799993,4.623396920848228,0 -74.05663523699997,4.623397191848207,0 -74.05663361499995,4.623397371848239,0 -74.05663037199997,4.623397913848254,0 -74.05662871699997,4.623398299848263,0 -74.05662712999998,4.623398642848216,0 -74.05662559699994,4.623398997848212,0 -74.05662235399996,4.623399901848255,0 -74.05662073199994,4.623400443848214,0 -74.05661911099997,4.62340080484826,0 -74.05661766999998,4.623401349848233,0 -74.05661595799995,4.623401889848213,0 -74.05661451599997,4.623402521848232,0 -74.05661298399997,4.623403063848244,0 -74.05661145299996,4.623403696848256,0 -74.05660838999995,4.623405052848238,0 -74.05660689899997,4.62340580184822,0 -74.05660532699994,4.623406497848251,0 -74.05660397199995,4.623407309848247,0 -74.05660244399996,4.623408034848255,0 -74.05660109199994,4.623408847848235,0 -74.05659965099994,4.623409661848209,0 -74.05659820899996,4.62341074584823,0 -74.05659685799998,4.623411468848263,0 -74.05659532599998,4.623412372848246,0 -74.05659406799998,4.623413365848206,0 -74.05659273499998,4.623414320848223,0 -74.05659010099998,4.62341625884825,0 -74.05658883899997,4.623417343848256,0 -74.05658757799995,4.623418518848225,0 -74.05658631699998,4.623419422848215,0 -74.05658505499997,4.623420506848233,0 -74.05658262699995,4.623422770848227,0 -74.05658145299998,4.623423942848219,0 -74.05658018999998,4.623425296848225,0 -74.05657793799998,4.623427556848258,0 -74.05657694699994,4.623428821848234,0 -74.05657505399995,4.623431081848209,0 -74.05657406199998,4.623432346848245,0 -74.05657307299998,4.623433703848214,0 -74.05657208699995,4.623435136848241,0 -74.05657117999993,4.62343659584822,0 -74.05657036899999,4.623437860848258,0 -74.05656928799993,4.623439306848255,0 -74.05656856699994,4.623440752848251,0 -74.05656766599998,4.623442108848233,0 -74.05656691899998,4.623443612848247,0 -74.05656604399996,4.623445091848236,0 -74.05656541299999,4.623446537848237,0 -74.05656447799998,4.623448502848204,0 -74.05656397099995,4.623449520848233,0 -74.05656334099996,4.623450966848234,0 -74.05656270999998,4.623452593848254,0 -74.05656207899995,4.623454130848255,0 -74.05656153799998,4.623455667848256,0 -74.05656090799994,4.623457203848219,0 -74.05656027699996,4.623458830848237,0 -74.05655991599997,4.623460457848252,0 -74.05655928499993,4.623462084848215,0 -74.05655892499993,4.623463711848227,0 -74.05655847399998,4.62346515884821,0 -74.05655802399997,4.623466785848232,0 -74.05655784299995,4.623468412848252,0 -74.05655739299993,4.623470129848228,0 -74.05655703199994,4.623471756848244,0 -74.05655685199997,4.623473383848205,0 -74.05655631099995,4.623476638848225,0 -74.05655621999995,4.623478174848237,0 -74.05655595299999,4.6234798018482,0 -74.05655576999999,4.623481519848219,0 -74.05655576899994,4.623483146848238,0 -74.05655558899997,4.62348486384822,0 -74.05655558799998,4.623491462848233,0 -74.05655576799995,4.623494807848209,0 -74.05655576799995,4.623496434848231,0 -74.05655603799994,4.623498061848247,0 -74.05655621799997,4.623499869848225,0 -74.05655639799994,4.623501315848228,0 -74.05655657899996,4.623502943848235,0 -74.05655685099998,4.623504662848242,0 -74.05655702799999,4.623506287848229,0 -74.05655738799999,4.623507914848243,0 -74.05655783799995,4.623509541848205,0 -74.05655819499998,4.623511171848246,0 -74.05655864799996,4.623512796848224,0 -74.05655909899997,4.623514333848225,0 -74.05655945899997,4.623515960848246,0 -74.05655990899999,4.623517587848208,0 -74.05656090099995,4.623520386848224,0 -74.05656179999994,4.623523101848216,0 -74.05656251999994,4.623525723848227,0 -74.05656360099994,4.623528435848258,0 -74.05656459199997,4.623531147848217,0 -74.05656559099998,4.623533802848224,0 -74.05656666299996,4.62353639084825,0 -74.05656765399993,4.623539011848218,0 -74.05656891499996,4.623541633848225,0 -74.05657017599998,4.623544164848234,0 -74.05657142499996,4.623546781848241,0 -74.05657404799996,4.623551848848206,0 -74.05657539899994,4.623554289848248,0 -74.05657692999995,4.623556730848241,0 -74.05657828099999,4.623559261848246,0 -74.05657990299994,4.623561521848222,0 -74.05658142599998,4.623563969848203,0 -74.05658305499998,4.623566222848245,0 -74.05658629799996,4.623570923848211,0 -74.05658791899998,4.623573183848245,0 -74.05659341199998,4.623579785848224,0 -74.05659530699995,4.62358195684824,0 -74.05659728699999,4.623584122848234,0 -74.05659917799994,4.623586111848232,0 -74.05660106999994,4.623588190848247,0 -74.05660305099997,4.623590270848251,0 -74.05660692499998,4.62359379684825,0 -74.05661422099996,4.623600215848239,0 -74.05662151699994,4.623606724848233,0 -74.05662899299995,4.623612872848239,0 -74.05663664999997,4.623619020848204,0 -74.05664421699998,4.623624987848251,0 -74.05665196299998,4.623630954848238,0 -74.05665988999993,4.623636740848218,0 -74.05666772699993,4.623642255848212,0 -74.05668412099999,4.623652924848223,0 -74.05669231899998,4.623658077848241,0 -74.05670069599995,4.62366323184825,0 -74.05671691099997,4.623672363848244,0 -74.05695111899996,4.623807894848197,0 -74.05707597299994,4.623859887848196,0 -74.05720479199994,4.623900762848222,0 -74.05729055099994,4.623924998848215,0 -74.05755090199995,4.624022684848224,0 -74.05764046399997,4.624019524848214,0 -74.05769775399995,4.624028924848221,0 -74.05810771799997,4.624014715848196,0 -74.05814699299998,4.623996289848203,0 -74.05833490899994,4.623989675848229,0 -74.05836876299998,4.623982899848214,0 -74.05870483099994,4.623971220848197,0 -74.05874487599993,4.623975604848219,0 -74.05877900899998,4.623974411848216,0 -74.05883073899997,4.623984021848229,0 -74.05885910099994,4.623982965848195,0 -74.05891681299994,4.623998086848241,0 -74.05894524599995,4.623997102848189,0 -74.05899134299995,4.624012645848206,0 -74.05903694799997,4.624011026848219,0 -74.05905996199994,4.624015900848226,0 -74.05908867599999,4.624020636848224,0 -74.05912302199994,4.624025161848228,0 -74.05915187499994,4.624035546848222,0 -74.05918608099995,4.624034420848191,0 -74.05922661799997,4.624050032848221,0 -74.05930051699994,4.624047501848221,0 -74.05934640499999,4.624051603848206,0 -74.05937504699995,4.624056408848206,0 -74.05945570199998,4.624076335848192,0 -74.05948406499994,4.62407535084821,0 -74.05952988099995,4.624079452848198,0 -74.05958745099997,4.624094571848215,0 -74.05962749599996,4.624098886848221,0 -74.05965662999995,4.624114918848183,0 -74.05970237899999,4.624119093848195,0 -74.05973130199999,4.62412947884819,0 -74.05975445799999,4.624140074848232,0 -74.05977747099996,4.62414495084822,0 -74.05984095099996,4.624165580848217,0 -74.05989809799996,4.624169261848228,0 -74.05992716399999,4.62418536684821,0 -74.05996769999996,4.624201118848181,0 -74.05999634499994,4.624205783848184,0 -74.06004258299998,4.624221254848222,0 -74.06009444999995,4.624236657848188,0 -74.06015222999997,4.62425735784818,0 -74.06020409899998,4.624272618848224,0 -74.06026131599998,4.62427636884818,0 -74.06029573099994,4.624280892848198,0 -74.06036526399998,4.624312681848195,0 -74.06039981899994,4.624322783848222,0 -74.06044007499997,4.624332888848224,0 -74.06046871899997,4.624337552848187,0 -74.06050925699998,4.624353235848201,0 -74.06055021299994,4.624380360848169,0 -74.06058462799996,4.624384884848193,0 -74.06062551599996,4.62441200884818,0 -74.06065479099993,4.624433693848212,0 -74.06070109999996,4.624449235848181,0 -74.06071911199996,4.624477063848229,0 -74.06074859899996,4.624504537848203,0 -74.06080095799996,4.624531240848206,0 -74.06083030499997,4.624552993848202,0 -74.06093467299996,4.624600676848196,0 -74.06096380799994,4.624616781848176,0 -74.06099836299995,4.62462695684818,0 -74.06106796599994,4.624658744848171,0 -74.06110871299995,4.624680148848165,0 -74.06113714599996,4.624679161848208,0 -74.06117747099995,4.624689196848212,0 -74.06120653699998,4.624705229848214,0 -74.06124137299997,4.624721125848195,0 -74.06128746999997,4.624736668848212,0 -74.06139204699997,4.624789999848215,0 -74.06143814499995,4.6247997518482,0 -74.06151907999998,4.624831188848215,0 -74.06155370399995,4.624841503848213,0 -74.06158248999998,4.624851747848163,0 -74.06163449699994,4.624867078848204,0 -74.06169248799995,4.624893568848181,0 -74.06173400599994,4.624937782848196,0 -74.06179804699997,4.624975431848168,0 -74.06182683299994,4.624980096848178,0 -74.06186201999998,4.625007502848195,0 -74.06192620299998,4.625045079848194,0 -74.06196751099998,4.625083575848199,0 -74.06200248599998,4.625105117848156,0 -74.06206645599997,4.625137118848174,0 -74.06210734399997,4.625164170848175,0 -74.06212556799994,4.625197717848163,0 -74.06216089599997,4.625225124848166,0 -74.06217904999994,4.625252879848189,0 -74.06225393299997,4.625273086848162,0 -74.06231150099995,4.625288208848197,0 -74.06234605799995,4.625298451848161,0 -74.06238680399997,4.625319782848186,0 -74.06241565799996,4.625330168848171,0 -74.06247301699995,4.625339568848187,0 -74.06266100499994,4.625333096848184,0 -74.06271766099997,4.625325404848193,0 -74.06281387399997,4.625305009848152,0 -74.06287609099996,4.625291456848179,0 -74.06296716399999,4.625288292848165,0 -74.06307477999997,4.625267542848183,0 -74.06312552499998,4.625254201848191,0 -74.06318802199996,4.625246440848179,0 -74.06324996099994,4.625227099848203,0 -74.06328423499997,4.625225974848159,0 -74.06331787799996,4.625213407848163,0 -74.06334617199997,4.625206702848192,0 -74.06338002499996,4.625199855848174,0 -74.06341979199993,4.625192799848159,0 -74.06344780499995,4.625180443848147,0 -74.06349327099997,4.625178824848162,0 -74.06353303699996,4.625171767848157,0 -74.06356083899993,4.625153692848198,0 -74.06362917899997,4.625151372848177,0 -74.06369723699999,4.625143329848205,0 -74.06373137099996,4.625142063848176,0 -74.06376515399995,4.625129495848182,0 -74.06382744599995,4.625115945848179,0 -74.06389522299997,4.625096532848165,0 -74.06395778999996,4.625094351848209,0 -74.06401430799997,4.625080939848163,0 -74.06407040299996,4.625056229848175,0 -74.06413867299995,4.625053838848162,0 -74.06419497899998,4.625034918848164,0 -74.06425726799995,4.625021225848187,0 -74.06428506999998,4.625003291848159,0 -74.06432497599997,4.625001812848176,0 -74.06439831599994,4.624982190848203,0 -74.06454632599997,4.624977052848203,0 -74.06458109099998,4.624992876848204,0 -74.06471319099995,4.625016904848186,0 -74.06478723299995,4.625014230848151,0 -74.06483867899993,4.625018191848159,0 -74.06497535799997,4.625013476848167,0 -74.06503313699994,4.625034246848155,0 -74.06506734299995,4.62503298084819,0 -74.06510175899996,4.625037504848153,0 -74.06513652599995,4.625053468848153,0 -74.06516516799996,4.62505827384815,0 -74.06520000299997,4.62507409784816,0 -74.06524110299995,4.625106870848201,0 -74.06527044799998,4.625128555848176,0 -74.06529930399995,4.625139011848161,0 -74.06532329799995,4.625172345848186,0 -74.06534722399994,4.625200032848175,0 -74.06539402299995,4.625232524848186,0 -74.06542336899997,4.625254419848157,0 -74.06546967799994,4.625275612848172,0 -74.06550472199996,4.625297226848152,0 -74.06553413999995,4.625318982848178,0 -74.06558677899994,4.625357051848144,0 -74.06559353299997,4.625385372848148,0 -74.06561745899995,4.625412987848171,0 -74.06564708499997,4.62544611284819,0 -74.06565995799997,4.625485589848162,0 -74.06568360499995,4.625507556848167,0 -74.06568507699996,4.625547458848191,0 -74.06570196899997,4.625541103848154,0 -74.06581742599997,4.625722756848171,0 -74.06607203699997,4.624667108848174,0 -74.06640163299994,4.623344036848217,0 -74.06644957699996,4.623191094848225,0 -74.06645426299997,4.62317482384824,0 -74.06486573899997,4.622614013848231,0 -74.06495261099997,4.622357934848243,0 -74.06503011499996,4.622100408848268,0 -74.06513122299998,4.621836286848301,0 -74.06505313699995,4.62182039684826,0 -74.06471529999999,4.621751784848309,0 -74.06471255499997,4.621750301848306,0 -74.06470931899997,4.621748747848308,0 -74.06470755999999,4.621744862848301,0 -74.06470683799995,4.621741323848267,0 -74.06470637199999,4.621738791848273,0 -74.06470593899996,4.621736174848264,0 -74.06470488699995,4.621728196848276,0 -74.06470446499998,4.621722828848259,0 -74.06470418499998,4.621717461848291,0 -74.06470411499998,4.621714777848301,0 -74.06470411499998,4.621709411848275,0 -74.06470418599997,4.621706727848293,0 -74.06470446799995,4.621701431848305,0 -74.06470467999998,4.621698747848267,0 -74.06470492199998,4.621696438848308,0 -74.06470494899997,4.621696035848301,0 -74.06470502599996,4.621695572848307,0 -74.06470548199997,4.621692129848276,0 -74.06470557999995,4.621690702848307,0 -74.06470594099994,4.621688080848298,0 -74.06470629999995,4.621686591848301,0 -74.06470651099994,4.621685470848281,0 -74.06470693399996,4.621682787848283,0 -74.06470733999998,4.621680900848284,0 -74.06470747299994,4.621680126848291,0 -74.06470779799997,4.621678777848285,0 -74.06470805999999,4.6216775618483,0 -74.06470882499997,4.621674442848313,0 -74.06470916099994,4.621672793848309,0 -74.06470902299998,4.62167265684827,0 -74.06470984999999,4.621669597848282,0 -74.06471025399998,4.621668271848263,0 -74.06471134899994,4.621664398848295,0 -74.06471233299999,4.621661865848311,0 -74.06471315099998,4.62165933684828,0 -74.06471414299995,4.621656805848275,0 -74.06471612099995,4.621651931848268,0 -74.06471717199997,4.621649470848316,0 -74.06471846799997,4.621647223848312,0 -74.06472216199995,4.621639992848277,0 -74.06472341899996,4.621637647848289,0 -74.06472477199998,4.621635291848309,0 -74.06472650999996,4.621632366848313,0 -74.06472747799995,4.621630682848276,0 -74.06472901099994,4.621628422848301,0 -74.06473036199998,4.62162625384828,0 -74.06473162799995,4.621624490848277,0 -74.06473192599998,4.62162403384827,0 -74.06473514099997,4.621619658848276,0 -74.06473706499997,4.621617166848313,0 -74.06473810999995,4.621615768848315,0 -74.06474036299994,4.62161296684827,0 -74.06474189499994,4.621611342848284,0 -74.06474279499997,4.621610255848297,0 -74.06474343899998,4.621609609848305,0 -74.06474727099999,4.62160546284828,0 -74.06474910299994,4.621603558848295,0 -74.06475099399995,4.62160166884827,0 -74.06475288599995,4.621599860848298,0 -74.06475698499997,4.621596283848265,0 -74.06475901299996,4.621594437848286,0 -74.06476315699996,4.621591184848299,0 -74.06476529099996,4.621589577848296,0 -74.06476739699997,4.621587944848287,0 -74.06476958399998,4.621586397848279,0 -74.06477027499994,4.621585942848307,0 -74.06479279599995,4.62158775284827,0 -74.06481883499998,4.621586857848301,0 -74.06482621799995,4.621585858848293,0 -74.06483262799998,4.6215857238483,0 -74.06483468799996,4.621585664848296,0 -74.06483751799993,4.6215854388483,0</coordinates></LinearRing></outerBoundaryIs>
        </Polygon>
      </MultiGeometry>
    </Placemark>
    <Placemark id="ID_00034">
      <name>PARQUE NACIONAL ORIENTAL</name>
      <snippet></snippet>
      <description><![CDATA[<html xmlns:fo="http://www.w3.org/1999/XSL/Format" xmlns:msxsl="urn:schemas-microsoft-com:xslt">
<head>
<META http-equiv="Content-Type" content="text/html">
<meta http-equiv="content-type" content="text/html; charset=UTF-8">
</head>
<body style="margin:0px 0px 0px 0px;overflow:auto;background:#FFFFFF;">
<table style="font-family:Arial,Verdana,Times;font-size:12px;text-align:left;width:100%;border-collapse:collapse;padding:3px 3px 3px 3px">
<tr style="text-align:center;font-weight:bold;background:#9CBCE2">
<td>101405</td>
</tr>
<tr>
<td>
<table style="font-family:Arial,Verdana,Times;font-size:12px;text-align:left;width:100%;border-spacing:0px; padding:3px 3px 3px 3px">
<tr>
<td>OBJECTID1</td>
<td>46</td>
</tr>
<tr bgcolor="#D4E4F3">
<td>SCaCodigo</td>
<td>101405</td>
</tr>
<tr>
<td>SCaTipo</td>
<td>1</td>
</tr>
<tr bgcolor="#D4E4F3">
<td>SCaNombre</td>
<td>PARQUE NACIONAL ORIENTAL</td>
</tr>
<tr>
<td>SHAPE</td>
<td>Polígono</td>
</tr>
<tr bgcolor="#D4E4F3">
<td>SHAPE_Length</td>
<td>0.210525</td>
</tr>
<tr>
<td>SHAPE_Area</td>
<td>0.00129</td>
</tr>
</table>
</td>
</tr>
</table>
</body><script type="text/javascript">
				function changeImage(attElement, nameElement) {
				document.getElementById('imageAttachment').src = attElement;
				document.getElementById('imageName').innerHTML = nameElement;}
			</script></html>
]]></description>
      <styleUrl>#PolyStyle034</styleUrl>
      <MultiGeometry>
        <Polygon>
          <extrude>0</extrude><altitudeMode>clampToGround</altitudeMode>
          <outerBoundaryIs><LinearRing><coordinates> -74.04455417299994,4.613223535848535,0 -74.04462510799993,4.613299958848589,0 -74.04483036599999,4.613395541848546,0 -74.04510285499998,4.61351761484854,0 -74.04512226699995,4.613533437848553,0 -74.04514680099999,4.613537998848577,0 -74.04519021999994,4.613552196848556,0 -74.04523174699995,4.613571365848537,0 -74.04527381399998,4.613589089848565,0 -74.04531507099995,4.613608801848551,0 -74.04535434499996,4.61363185784858,0 -74.04538830199994,4.613662506848576,0 -74.04541415199998,4.613699842848563,0 -74.04544000099997,4.61373699884852,0 -74.04546557999998,4.613774877848567,0 -74.04548998699994,4.613813931848528,0 -74.04551457499997,4.613852262848567,0 -74.04551573899994,4.613854168848529,0 -74.04558595099996,4.613911400848552,0 -74.04571759299995,4.614148210848526,0 -74.04571598999996,4.614161674848528,0 -74.04572541699997,4.614198775848505,0 -74.04573928399998,4.614241986848556,0 -74.04575053799994,4.614286281848509,0 -74.04575341899994,4.61430164984855,0 -74.04575890999996,4.614331389848553,0 -74.04576313699994,4.614377130848498,0 -74.04576060199997,4.61446770584851,0 -74.04576014499997,4.614513264848498,0 -74.04575959799996,4.614558913848516,0 -74.04576076299998,4.614604201848537,0 -74.04576850399997,4.614649038848495,0 -74.04578164999998,4.614692610848533,0 -74.04580740999995,4.614729766848493,0 -74.04583424999998,4.614766561848522,0 -74.04585181099998,4.614808597848493,0 -74.04586675899998,4.614851265848538,0 -74.04588179699994,4.614894024848535,0 -74.04589296199998,4.614938319848485,0 -74.04590142299998,4.614983337848518,0 -74.04590655199996,4.615028716848482,0 -74.04590771599999,4.615074185848527,0 -74.04590371099994,4.615113853848524,0 -74.04596967399993,4.61519957984847,0 -74.04627205699995,4.615443198848474,0 -74.04645220199995,4.615610949848513,0 -74.04664136199995,4.615741554848492,0 -74.04725806599998,4.615964476848465,0 -74.04725923699993,4.615964493848454,0 -74.04730437099994,4.615963233848476,0 -74.04734896199994,4.615972279848475,0 -74.04739165999996,4.615988737848484,0 -74.04743165499997,4.616009714848498,0 -74.04745633299996,4.616047954848483,0 -74.04747578599995,4.616089177848459,0 -74.04749631999994,4.616129948848449,0 -74.04751685399998,4.616170809848446,0 -74.04753810899996,4.616211852848458,0 -74.04755846199998,4.616252532848438,0 -74.04757899599997,4.616293303848481,0 -74.04768896299998,4.616498515848446,0 -74.04771472199997,4.616536394848435,0 -74.04773714799995,4.616576351848449,0 -74.04775948299994,4.616616309848445,0 -74.04778001699998,4.616657080848432,0 -74.04779136399998,4.616684471848433,0 -74.04779766799999,4.616699025848455,0 -74.04781153599998,4.616742236848432,0 -74.04781630799994,4.616756761848424,0 -74.04788438599996,4.616803875848467,0 -74.04787403699999,4.616898889848464,0 -74.04787997799997,4.616909657848452,0 -74.04790159299995,4.616949343848423,0 -74.04792437899994,4.616988668848415,0 -74.04795004799996,4.617026457848447,0 -74.04797013199999,4.61706804184842,0 -74.04799165699995,4.617108360848409,0 -74.04801029899994,4.617150035848447,0 -74.04802515699998,4.617192703848427,0 -74.04803632199997,4.617236998848438,0 -74.04804478299997,4.617282106848434,0 -74.04805522699996,4.617326130848411,0 -74.04806206799998,4.61737132884842,0 -74.04806440799996,4.617387148848404,0 -74.04806881799993,4.617416527848415,0 -74.04807331599994,4.617461634848413,0 -74.04807357999994,4.617507464848447,0 -74.04807132099995,4.617553113848411,0 -74.04807653999995,4.61759849284843,0 -74.04808898999994,4.617640038848411,0 -74.04818265399996,4.617750168848405,0 -74.04832950399998,4.617975046848429,0 -74.04842875299994,4.618208428848402,0 -74.04843796899996,4.618221995848399,0 -74.04846444899994,4.618259422848391,0 -74.04846679099995,4.618263400848386,0 -74.04848813699994,4.618298205848377,0 -74.04850858099996,4.618339066848367,0 -74.04852172699998,4.618382548848394,0 -74.04852937799996,4.618427294848409,0 -74.04853225499994,4.618472583848421,0 -74.04853303799996,4.618482740848384,0 -74.04853388099997,4.618484111848379,0 -74.04865821899995,4.618636740848382,0 -74.04873538999993,4.618871141848378,0 -74.04889748799997,4.619271796848388,0 -74.04894975399998,4.619481714848376,0 -74.04943570599994,4.619300362848358,0 -74.04971750899995,4.61919527184839,0 -74.05004688199995,4.619063159848378,0 -74.05065858599994,4.618920599848355,0 -74.05147749299994,4.618742451848386,0 -74.05141703399994,4.618827414848393,0 -74.05128855799995,4.618927554848356,0 -74.05117440299995,4.619042069848358,0 -74.05107457599996,4.619128021848366,0 -74.05094620499995,4.619113631848371,0 -74.05076061099999,4.619242509848371,0 -74.05060374699997,4.619414237848359,0 -74.05033256299998,4.619600324848331,0 -74.05004715399997,4.619714905848372,0 -74.04991877799995,4.619743362848363,0 -74.04977596799995,4.619915183848335,0 -74.04964758899996,4.619958103848332,0 -74.04956200499998,4.619972555848347,0 -74.04941921399995,4.620001009848362,0 -74.04934793899997,4.620129993848312,0 -74.04934792699999,4.62021586884834,0 -74.04930512399994,4.62030173784831,0 -74.04914817999997,4.620401873848316,0 -74.04926229199998,4.620602384848312,0 -74.04926228499994,4.620658972848322,0 -74.04927498299998,4.620687628848307,0 -74.04926704999997,4.620726045848347,0 -74.04924784899998,4.620817703848317,0 -74.04923955499999,4.620862809848333,0 -74.04923216399999,4.620888118848293,0 -74.04922684699994,4.620906829848288,0 -74.04921116599996,4.620949855848294,0 -74.04919773699999,4.620993695848288,0 -74.04918664999997,4.621037625848288,0 -74.04917826599996,4.621082640848305,0 -74.04917609799998,4.621128289848317,0 -74.04917483099996,4.621173577848285,0 -74.04917446399998,4.621219317848301,0 -74.04917427399994,4.621232889848298,0 -74.04920735099995,4.62132379984828,0 -74.04924337199998,4.621419213848319,0 -74.04931658099997,4.621532280848284,0 -74.04933576499997,4.621539608848267,0 -74.04937774299998,4.621557331848309,0 -74.04941728799997,4.621579664848315,0 -74.04945512099994,4.621604708848293,0 -74.04948722199998,4.621626627848303,0 -74.04951359799998,4.621627160848287,0 -74.04974844399999,4.621727758848303,0 -74.04983657099996,4.62178041484828,0 -74.04986543899997,4.621789893848309,0 -74.04990822799994,4.621806351848259,0 -74.04995056699994,4.621823351848265,0 -74.04995516099996,4.621825069848296,0 -74.04999344599997,4.621838904848294,0 -74.05012118199994,4.621887825848273,0 -74.05016242699998,4.621902929848266,0 -74.05020271899997,4.6219131338483,0 -74.05038802199994,4.621948188848253,0 -74.05055580499999,4.621973636848284,0 -74.05100622599997,4.622055058848273,0 -74.05104750399994,4.62206379384827,0 -74.05104832799998,4.622063859848255,0 -74.05109382099994,4.622068566848266,0 -74.05113886399994,4.622076165848285,0 -74.05118417699998,4.622081414848255,0 -74.05122957999998,4.6220819638483,0 -74.05127516399995,4.622084138848271,0 -74.05132056699995,4.622082336848274,0 -74.05136560999995,4.622088399848279,0 -74.05141128399998,4.622088134848297,0 -74.05145587799996,4.622080366848246,0 -74.05150092199995,4.622073502848252,0 -74.05154569599995,4.622067361848275,0 -74.05159019999996,4.622055435848267,0 -74.05163497399997,4.622046944848254,0 -74.05172182099994,4.622020741848305,0 -74.05176614499999,4.622009628848279,0 -74.05180947799994,4.621996527848302,0 -74.05185371199997,4.621985414848271,0 -74.05189848599997,4.6219792738483,0 -74.05198902299998,4.621976935848301,0 -74.05203442699997,4.621977484848287,0 -74.05208010099994,4.62197739984828,0 -74.05212532399997,4.62198255884829,0 -74.05216991499998,4.621991603848309,0 -74.05221342499993,4.622003451848281,0 -74.05225549299996,4.622021174848272,0 -74.05229801199994,4.622037541848274,0 -74.05233953999993,4.6220566208483,0 -74.05237908499998,4.622079133848274,0 -74.05241898999998,4.622100653848296,0 -74.05245790399994,4.622124432848294,0 -74.05249717899994,4.62214757884828,0 -74.05253924699997,4.622165210848264,0 -74.05258104499995,4.622183747848278,0 -74.05262284199995,4.62220219384829,0 -74.05266319899994,4.62222235684828,0 -74.05270085099994,4.622247220848289,0 -74.05270999599998,4.622253672848264,0 -74.05286020999995,4.622280249848295,0 -74.05309618799998,4.622339040848249,0 -74.05317957999995,4.622366601848269,0 -74.05322162799996,4.622351152848287,0 -74.05326388099996,4.622334435848294,0 -74.05330856499995,4.622326576848244,0 -74.05335396799995,4.622331193848239,0 -74.05339928099994,4.62233644184828,0 -74.05344360199996,4.622346300848271,0 -74.05348711199997,4.62235805784825,0 -74.05353170399997,4.622367103848251,0 -74.05357566499998,4.622377594848262,0 -74.05361809399994,4.622394594848277,0 -74.05366070199995,4.622410871848262,0 -74.05370358199997,4.622426515848288,0 -74.05374618999997,4.62244279184829,0 -74.05378852899997,4.622459972848262,0 -74.05383239899999,4.622472633848286,0 -74.05387762199996,4.622480322848263,0 -74.05392266499996,4.622483944848275,0 -74.05396779699998,4.622489193848243,0 -74.05401310999997,4.622492091848284,0 -74.05405851299997,4.622496798848245,0 -74.05410265499995,4.622507109848287,0 -74.05414670599998,4.622517600848231,0 -74.05419075699996,4.622528001848235,0 -74.05423480799993,4.622538493848238,0 -74.05427912899995,4.622548171848263,0 -74.05432281899994,4.622561736848286,0 -74.05436614899997,4.622575933848264,0 -74.05441146199996,4.622578832848244,0 -74.05445641599994,4.622574318848232,0 -74.05450181999998,4.622570889848234,0 -74.05454695299994,4.622572070848247,0 -74.05459199599994,4.62257334184828,0 -74.05463766999998,4.622575517848289,0 -74.05468271299998,4.62257669884825,0 -74.05472739499999,4.622583393848272,0 -74.05477216699995,4.622590178848254,0 -74.05481648899996,4.62259985684828,0 -74.05486017899995,4.622613421848238,0 -74.05490422999998,4.622623822848237,0 -74.05494801099996,4.62263494684826,0 -74.05499061999996,4.622651313848259,0 -74.05503295799997,4.622668313848276,0 -74.05507502599994,4.622686126848277,0 -74.05511369399994,4.622707924848247,0 -74.05533364999997,4.622748882848248,0 -74.05556272199993,4.622854634848268,0 -74.05575412799993,4.623054587848258,0 -74.05593203199999,4.623182366848222,0 -74.05613365299996,4.623304918848206,0 -74.05630648799996,4.623450705848213,0 -74.05633738199998,4.623468786848215,0 -74.05636371199995,4.623504718848218,0 -74.05643810399994,4.623535893848221,0 -74.05647679099997,4.623659032848201,0 -74.05666142199993,4.623910989848243,0 -74.05669048599998,4.623927094848225,0 -74.05673672399996,4.623942566848192,0 -74.05678810099994,4.623946527848201,0 -74.05681660399995,4.623945543848198,0 -74.05689127699998,4.623960030848188,0 -74.05695475599998,4.623980591848232,0 -74.05700655399994,4.623995922848212,0 -74.05704688099996,4.624005954848188,0 -74.05708150799995,4.624016130848246,0 -74.05715575699998,4.624019316848194,0 -74.05719052199998,4.624035140848195,0 -74.05722465599996,4.624033944848223,0 -74.05725358199999,4.624044331848206,0 -74.05741306399995,4.624038843848204,0 -74.05745268799996,4.624031786848198,0 -74.05748091299995,4.624025153848205,0 -74.05755090199995,4.624022684848224,0 -74.05729055099994,4.623924998848215,0 -74.05720479199994,4.623900762848222,0 -74.05707597299994,4.623859887848196,0 -74.05695111899996,4.623807894848197,0 -74.05671691099997,4.623672363848244,0 -74.05670069599995,4.62366323184825,0 -74.05669231899998,4.623658077848241,0 -74.05668412099999,4.623652924848223,0 -74.05666772699993,4.623642255848212,0 -74.05665988999993,4.623636740848218,0 -74.05665196299998,4.623630954848238,0 -74.05664421699998,4.623624987848251,0 -74.05663664999997,4.623619020848204,0 -74.05662899299995,4.623612872848239,0 -74.05662151699994,4.623606724848233,0 -74.05661422099996,4.623600215848239,0 -74.05660692499998,4.62359379684825,0 -74.05660305099997,4.623590270848251,0 -74.05660106999994,4.623588190848247,0 -74.05659917799994,4.623586111848232,0 -74.05659728699999,4.623584122848234,0 -74.05659530699995,4.62358195684824,0 -74.05659344199995,4.623579820848194,0 -74.05658791899998,4.623573183848245,0 -74.05658629799996,4.623570923848211,0 -74.05658305499998,4.623566222848245,0 -74.05658142599998,4.623563969848203,0 -74.05657990299994,4.623561521848222,0 -74.05657828099999,4.623559261848246,0 -74.05657692999995,4.623556730848241,0 -74.05657539899994,4.623554289848248,0 -74.05657404799996,4.623551848848206,0 -74.05657142499996,4.623546781848241,0 -74.05657017599998,4.623544164848234,0 -74.05656891499996,4.623541633848225,0 -74.05656765399993,4.623539011848218,0 -74.05656666299996,4.62353639084825,0 -74.05656559099998,4.623533802848224,0 -74.05656459199997,4.623531147848217,0 -74.05656360099994,4.623528435848258,0 -74.05656251999994,4.623525723848227,0 -74.05656179999994,4.623523101848216,0 -74.05656090099995,4.623520386848224,0 -74.05655990899999,4.623517587848208,0 -74.05655945899997,4.623515960848246,0 -74.05655909899997,4.623514333848225,0 -74.05655864799996,4.623512796848224,0 -74.05655819499998,4.623511171848246,0 -74.05655783799995,4.623509541848205,0 -74.05655738799999,4.623507914848243,0 -74.05655702799999,4.623506287848229,0 -74.05655685099998,4.623504662848242,0 -74.05655657899996,4.623502943848235,0 -74.05655639799994,4.623501315848228,0 -74.05655621799997,4.623499869848225,0 -74.05655603799994,4.623498061848247,0 -74.05655576799995,4.623496434848231,0 -74.05655576799995,4.623494807848209,0 -74.05655558799998,4.623491462848233,0 -74.05655558899997,4.62348486384822,0 -74.05655576899994,4.623483146848238,0 -74.05655576999999,4.623481519848219,0 -74.05655595299999,4.6234798018482,0 -74.05655621999995,4.623478174848237,0 -74.05655631099995,4.623476638848225,0 -74.05655685199997,4.623473383848205,0 -74.05655703199994,4.623471756848244,0 -74.05655739299993,4.623470129848228,0 -74.05655784299995,4.623468412848252,0 -74.05655802399997,4.623466785848232,0 -74.05655847399998,4.62346515884821,0 -74.05655892499993,4.623463711848227,0 -74.05655928499993,4.623462084848215,0 -74.05655991599997,4.623460457848252,0 -74.05656027699996,4.623458830848237,0 -74.05656090799994,4.623457203848219,0 -74.05656153799998,4.623455667848256,0 -74.05656207899995,4.623454130848255,0 -74.05656270999998,4.623452593848254,0 -74.05656334099996,4.623450966848234,0 -74.05656397099995,4.623449520848233,0 -74.05656447799998,4.623448502848204,0 -74.05656541299999,4.623446537848237,0 -74.05656604399996,4.623445091848236,0 -74.05656691899998,4.623443612848247,0 -74.05656766599998,4.623442108848233,0 -74.05656856699994,4.623440752848251,0 -74.05656928799993,4.623439306848255,0 -74.05657036899999,4.623437860848258,0 -74.05657117999993,4.62343659584822,0 -74.05657208699995,4.623435136848241,0 -74.05657307299998,4.623433703848214,0 -74.05657400699994,4.623432420848254,0 -74.05657505399995,4.623431081848209,0 -74.05657694699994,4.623428821848234,0 -74.05657793799998,4.623427556848258,0 -74.05658018999998,4.623425296848225,0 -74.05658145299998,4.623423942848219,0 -74.05658262699995,4.623422770848227,0 -74.05658505499997,4.623420506848233,0 -74.05658631699998,4.623419422848215,0 -74.05658757799995,4.623418518848225,0 -74.05658883899997,4.623417343848256,0 -74.05659010099998,4.62341625884825,0 -74.05659273499998,4.623414320848223,0 -74.05659406799998,4.623413365848206,0 -74.05659532599998,4.623412372848246,0 -74.05659685799998,4.623411468848263,0 -74.05659820899996,4.62341074584823,0 -74.05659965099994,4.623409661848209,0 -74.05660109199994,4.623408847848235,0 -74.05660244399996,4.623408034848255,0 -74.05660397199995,4.623407309848247,0 -74.05660532699994,4.623406497848251,0 -74.05660689899997,4.62340580184822,0 -74.05660838999995,4.623405052848238,0 -74.05661145299996,4.623403696848256,0 -74.05661298399997,4.623403063848244,0 -74.05661451599997,4.623402521848232,0 -74.05661595799995,4.623401889848213,0 -74.05661766999998,4.623401349848233,0 -74.05661911099997,4.62340080484826,0 -74.05662073199994,4.623400443848214,0 -74.05662235399996,4.623399901848255,0 -74.05662559699994,4.623398997848212,0 -74.05662712999998,4.623398642848216,0 -74.05662871699997,4.623398299848263,0 -74.05663037199997,4.623397913848254,0 -74.05663361499995,4.623397371848239,0 -74.05663523699997,4.623397191848207,0 -74.05663685799993,4.623396920848228,0 -74.05663847999995,4.623396739848217,0 -74.05664019199997,4.623396558848254,0 -74.05664181299994,4.623396559848245,0 -74.05664352499997,4.623396376848248,0 -74.05664685799997,4.62339619884825,0 -74.05665019099996,4.62339619884825,0 -74.05665343399994,4.62339638384823,0 -74.05665505599995,4.623396560848231,0 -74.05665676699994,4.623396561848222,0 -74.05665838899995,4.623396742848236,0 -74.05684116899994,4.623440606848207,0 -74.05703935999998,4.623441354848248,0 -74.05721917399995,4.623431795848221,0 -74.05735141799994,4.623460106848214,0 -74.05748366199998,4.623487331848205,0 -74.05757311999997,4.623475591848219,0 -74.05759068699996,4.623471616848247,0 -74.05760816399999,4.623467369848251,0 -74.05762582199998,4.623462852848212,0 -74.05764320899993,4.623457882848255,0 -74.05766050699998,4.623452732848204,0 -74.05767780399998,4.623447311848236,0 -74.05769492099995,4.623441527848242,0 -74.05771190199994,4.623435491848234,0 -74.05772879499995,4.623429057848242,0 -74.05774555199997,4.623422370848241,0 -74.05776230899994,4.623415412848213,0 -74.05777888599994,4.623408182848218,0 -74.05779537199999,4.623400679848215,0 -74.05782762599995,4.623384776848257,0 -74.05783113899997,4.623383149848232,0 -74.05783461099998,4.623381284848232,0 -74.05783807699999,4.623379354848242,0 -74.05784158999995,4.623377456848246,0 -74.05784483399998,4.623375468848238,0 -74.05784817099999,4.623373478848254,0 -74.05785146399995,4.623371371848251,0 -74.05785465399998,4.623369141848241,0 -74.05785798699998,4.623366972848212,0 -74.05786104999999,4.623364713848231,0 -74.05786429399996,4.623362363848237,0 -74.05787041999997,4.623357651848225,0 -74.05787330299995,4.62335513284826,0 -74.05787645699996,4.62335260284824,0 -74.05788222299998,4.62334736084826,0 -74.05788504499998,4.623344714848217,0 -74.05788789699994,4.623341935848218,0 -74.05789060199999,4.623339225848226,0 -74.05790439399993,4.623323956848211,0 -74.05790690999999,4.623321148848234,0 -74.05790934299995,4.623317985848262,0 -74.05791177499998,4.623314911848255,0 -74.05791471499998,4.623311158848211,0 -74.05791655099995,4.623308765848228,0 -74.05791880299995,4.623305692848206,0 -74.05792087599997,4.623302438848226,0 -74.05792312899996,4.623299095848227,0 -74.05792511099997,4.623295840848258,0 -74.05792718499998,4.62329258884826,0 -74.05792916499996,4.623289151848226,0 -74.05793221099998,4.623283771848221,0 -74.05793294099993,4.623282455848215,0 -74.05793475299998,4.623278938848231,0 -74.05793637399995,4.623275502848249,0 -74.05793817099999,4.623271975848259,0 -74.05793979799995,4.623268542848241,0 -74.05794132999995,4.623265017848234,0 -74.05794230499998,4.623262504848261,0 -74.05794278399998,4.623261311848257,0 -74.05794421399997,4.623257605848225,0 -74.05794601599996,4.623252724848229,0 -74.05795178399995,4.623235279848269,0 -74.05795717499996,4.623217694848243,0 -74.05796367999994,4.623194693848253,0 -74.05802864699996,4.622947447848252,0 -74.05802866199997,4.622947381848258,0 -74.05802875399996,4.622946025848218,0 -74.05802902399995,4.622945031848274,0 -74.05802920399998,4.622944217848241,0 -74.05802938499994,4.622942500848268,0 -74.05802974499994,4.622941596848219,0 -74.05802992599996,4.622940873848247,0 -74.05803001599998,4.622939878848261,0 -74.05803037599998,4.622938974848267,0 -74.05803145799996,4.622935720848235,0 -74.05803181799996,4.622934816848243,0 -74.05803217899995,4.622934093848267,0 -74.05803244899994,4.622933189848227,0 -74.05803289899995,4.622932466848249,0 -74.05803325999995,4.622931562848262,0 -74.05803352999999,4.622930749848222,0 -74.05803389099998,4.622929935848243,0 -74.05803443099995,4.62292912284826,0 -74.05803485099995,4.622928440848256,0 -74.05803533199997,4.622927586848244,0 -74.05803577899997,4.622926859848266,0 -74.05803614299998,4.622926139848262,0 -74.05803668499993,4.622925413848266,0 -74.05803713499995,4.622924602848259,0 -74.05803776499994,4.622923879848227,0 -74.05803821599994,4.622923156848255,0 -74.05803884599999,4.622922433848236,0 -74.05803929699994,4.622921710848258,0 -74.05803983799996,4.622921168848254,0 -74.05804046999998,4.622920356848256,0 -74.05804109899998,4.622919722848257,0 -74.05804281099995,4.622917733848256,0 -74.05804344199998,4.622917100848242,0 -74.05804407199997,4.622916649848238,0 -74.05804470299995,4.622916016848225,0 -74.05804542399994,4.622915383848266,0 -74.05804605299994,4.62291475384822,0 -74.05804740599996,4.622913576848222,0 -74.05804803799998,4.622913126848261,0 -74.05804884699995,4.622912491848269,0 -74.05804956799994,4.622911949848257,0 -74.05805028499998,4.622911496848278,0 -74.05805109999994,4.622910955848258,0 -74.05805172999999,4.62291041284826,0 -74.05805254099994,4.622910051848264,0 -74.05805335199994,4.622909509848255,0 -74.05805416399994,4.622908606848251,0 -74.05805479199995,4.622907970848278,0 -74.05805542399997,4.622907159848268,0 -74.05805623499998,4.622906526848253,0 -74.05805686499997,4.622905983848257,0 -74.05805803699997,4.622904809848228,0 -74.05805884999995,4.622904269848251,0 -74.05805947899995,4.622903634848259,0 -74.05806019899995,4.622903182848265,0 -74.05806091999995,4.622902639848265,0 -74.05806155099998,4.622902097848253,0 -74.05806317199995,4.622901193848269,0 -74.05806380299998,4.622900651848255,0 -74.05806542299996,4.62289974584823,0 -74.05806605499998,4.622899295848272,0 -74.05806695599995,4.622898934848227,0 -74.05806767699994,4.622898573848236,0 -74.05806848799995,4.622898030848233,0 -74.05807091999998,4.62289694684827,0 -74.05807173099998,4.622896675848237,0 -74.05807263199995,4.622896313848255,0 -74.05807344299996,4.622895952848269,0 -74.05807425499995,4.622895683848271,0 -74.05807506499997,4.622895319848257,0 -74.05807587499999,4.622895139848224,0 -74.05807668599994,4.622894867848262,0 -74.05807767699997,4.622894596848225,0 -74.05807848599994,4.622894419848221,0 -74.05807938899994,4.622894145848221,0 -74.05808019999995,4.622894054848279,0 -74.05808110099997,4.622893783848244,0 -74.05808182099997,4.622893603848269,0 -74.05808281099996,4.622893523848264,0 -74.05808371299997,4.622893422848252,0 -74.05808443399997,4.622893241848231,0 -74.05808551499996,4.62289315184828,0 -74.05808632599997,4.622892970848254,0 -74.05808812799995,4.622892968848215,0 -74.05808893799997,4.622892880848241,0 -74.05809344299996,4.622892881848236,0 -74.05809434299994,4.622892971848242,0 -74.05809686599997,4.622892972848232,0 -74.05809965899994,4.62289315384825,0 -74.05810082999994,4.622893246848239,0 -74.05810236099995,4.622893424848235,0 -74.05810371199993,4.62289342584828,0 -74.05810515399997,4.622893605848246,0 -74.05810641499994,4.622893786848268,0 -74.05810776599998,4.622894058848229,0 -74.05810920799996,4.622894239848251,0 -74.05811046899998,4.622894420848271,0 -74.05811190999998,4.622894691848249,0 -74.05811317699994,4.622895063848232,0 -74.05811452299997,4.622895324848258,0 -74.05811722499999,4.622896048848277,0 -74.05811848899998,4.622896497848244,0 -74.05811983799998,4.622896862848252,0 -74.05812235799993,4.622897769848265,0 -74.05812497199997,4.622898760848238,0 -74.05812623299994,4.622899213848232,0 -74.05812749499995,4.622899755848241,0 -74.05812884599999,4.622900388848254,0 -74.05813001899998,4.622901022848257,0 -74.05813127799996,4.622901563848274,0 -74.05813235699998,4.62290220184823,0 -74.05813361999998,4.622902920848253,0 -74.05813488099994,4.622903553848258,0 -74.05813605199995,4.622904276848238,0 -74.05813731299997,4.622904909848241,0 -74.05813848399998,4.622905723848219,0 -74.05813974599994,4.622905994848251,0 -74.05814073599998,4.622906175848271,0 -74.05814244799996,4.622906537848253,0 -74.05814325899996,4.622906808848225,0 -74.05814415999998,4.622907079848265,0 -74.05814487999999,4.622907350848235,0 -74.05814605099994,4.622907622848262,0 -74.05814740299996,4.622908074848261,0 -74.05814992499995,4.622909249848224,0 -74.05815199699998,4.622910244848274,0 -74.05815424899998,4.622911239848265,0 -74.05815550999995,4.622911962848239,0 -74.05815704099996,4.622912866848226,0 -74.05815839299999,4.622913860848227,0 -74.05816001399995,4.622914946848224,0 -74.05816145499995,4.622916030848251,0 -74.05816406699995,4.622918291848262,0 -74.05816532799997,4.622919466848228,0 -74.05816658999998,4.622920732848255,0 -74.05816775999995,4.622922178848263,0 -74.05816902199996,4.622923444848229,0 -74.05817000999997,4.622924802848247,0 -74.05817217399994,4.62292769384826,0 -74.05817398899995,4.622930796848237,0 -74.05817479199999,4.622932300848247,0 -74.05817577699997,4.62293365984826,0 -74.05817640699996,4.622934834848224,0 -74.05817730799998,4.622935919848227,0 -74.05817802799999,4.62293718584826,0 -74.05817867299999,4.622938396848241,0 -74.05817928899995,4.622939626848252,0 -74.05818009999996,4.622940891848232,0 -74.05818073099994,4.622941976848239,0 -74.05818127099997,4.622943242848265,0 -74.05818190099995,4.622944507848242,0 -74.05818244199997,4.622945683848257,0 -74.05818298199995,4.622947039848244,0 -74.05818352199998,4.622948304848224,0 -74.05818398499997,4.622949614848238,0 -74.05818442299994,4.622950926848235,0 -74.05818478299994,4.62295219184827,0 -74.05818541399998,4.622953457848238,0 -74.05818577399998,4.622954813848228,0 -74.05818622399994,4.622956078848262,0 -74.05818640399997,4.622957434848248,0 -74.05818686499998,4.622958833848229,0 -74.05818721399999,4.62296014684827,0 -74.05818748499996,4.622961412848236,0 -74.05818766499993,4.622962858848242,0 -74.05818802499994,4.62296421484822,0 -74.05818820499996,4.622965570848267,0 -74.05818847499995,4.62296692684825,0 -74.05818865499998,4.622968282848233,0 -74.05818865499998,4.622969638848275,0 -74.05818892499997,4.622971084848272,0 -74.05818892499997,4.622972531848255,0 -74.05818910499994,4.622973796848242,0 -74.05818910399995,4.622975152848228,0 -74.05820774499995,4.623063560848236,0 -74.05820828199995,4.62306618284824,0 -74.05820954199999,4.623069346848263,0 -74.05821143399999,4.623072329848261,0 -74.05821458699995,4.623075403848274,0 -74.05821836999996,4.62307775484825,0 -74.05822080199994,4.623078297848251,0 -74.05822404499997,4.623078297848251,0 -74.05822737899996,4.623077755848242,0 -74.05823071599997,4.623076681848225,0 -74.05823431599998,4.623074592848265,0 -74.05823647799997,4.623072604848255,0 -74.05828486399997,4.622994509848263,0 -74.05829819999997,4.622966940848273,0 -74.05831117599996,4.622939281848256,0 -74.05832357699995,4.622911237848227,0 -74.05833550699998,4.622883148848273,0 -74.05834695099998,4.62285458584828,0 -74.05835785499994,4.62282602284828,0 -74.05836839899996,4.622797277848269,0 -74.05838651299996,4.622743224848226,0 -74.05838966699997,4.62273237784823,0 -74.05839201099997,4.622724693848265,0 -74.05839462399996,4.622717010848226,0 -74.05839714699994,4.622709417848264,0 -74.05840005399995,4.622701946848254,0 -74.05840291499999,4.622694412848244,0 -74.05840922299996,4.622679589848285,0 -74.05841264699995,4.622672177848281,0 -74.05841598099994,4.622665036848253,0 -74.05841958499997,4.622657805848274,0 -74.05842156999995,4.62265283484826,0 -74.05842273699994,4.622650121848241,0 -74.05842382099996,4.622647410848271,0 -74.05842517199994,4.622644879848262,0 -74.05842643399995,4.622642077848278,0 -74.05842922699998,4.622636834848252,0 -74.05843066899996,4.622634213848276,0 -74.05843211099995,4.622631501848254,0 -74.05843355199994,4.622629061848251,0 -74.05843526399997,4.622626440848233,0 -74.05843688299996,4.622623997848262,0 -74.05843850799994,4.622621649848255,0 -74.05844021999997,4.62261902884823,0 -74.05844202199995,4.62261667884824,0 -74.05844370899996,4.622614385848276,0 -74.05844544599995,4.622611978848263,0 -74.05844751799998,4.622609718848235,0 -74.05844931999997,4.62260745884826,0 -74.05845121199997,4.622605199848277,0 -74.05845535699996,4.622600680848262,0 -74.05845733899997,4.622598601848249,0 -74.05845950099996,4.622596432848285,0 -74.05846166399994,4.622594534848287,0 -74.05846373599996,4.622592364848263,0 -74.05846824099996,4.622588388848246,0 -74.05847274499996,4.622584591848276,0 -74.05847661999996,4.622581609848269,0 -74.05847918799998,4.622579579848251,0 -74.05848427799998,4.622575463848232,0 -74.05848788199995,4.622572119848239,0 -74.05849157599994,4.622568775848246,0 -74.05849518099996,4.62256543284825,0 -74.05850220699995,4.622558561848268,0 -74.05850554099999,4.622555127848261,0 -74.05851527099998,4.62254401084827,0 -74.05851842499999,4.622540304848243,0 -74.05852157999993,4.622536418848237,0 -74.05852455199994,4.622532531848248,0 -74.05852743499997,4.622528554848246,0 -74.05853040799997,4.622524576848249,0 -74.05853320099999,4.622520603848253,0 -74.05853592999995,4.622516538848274,0 -74.05853860899998,4.622512375848238,0 -74.05854122099998,4.622508216848289,0 -74.05854356399993,4.622503968848248,0 -74.05854617699998,4.622499720848262,0 -74.05855293499997,4.622486704848246,0 -74.05855518699997,4.622482184848233,0 -74.05855726099998,4.622477755848239,0 -74.05855924199994,4.62247332684824,0 -74.05856113499993,4.622468716848279,0 -74.05856302699993,4.622464197848258,0 -74.05856473399996,4.622459585848262,0 -74.05856635899994,4.622455066848248,0 -74.05856797099995,4.622450367848259,0 -74.05856829399994,4.622449303848254,0 -74.05856933499996,4.62244566784828,0 -74.05857095799996,4.622441057848262,0 -74.05857221899998,4.622436356848248,0 -74.05857438199996,4.622428131848259,0 -74.05857762699998,4.622416922848281,0 -74.05858060099996,4.622405804848248,0 -74.05858348499999,4.622394595848265,0 -74.05858636999994,4.622383296848278,0 -74.05858881399996,4.622371957848246,0 -74.05859114699996,4.622360608848274,0 -74.05859312999996,4.622349218848274,0 -74.05859520399997,4.622337829848266,0 -74.05859682699997,4.622326259848239,0 -74.05859844999998,4.622314869848251,0 -74.05859971199999,4.622303299848271,0 -74.05860078399996,4.622291728848259,0 -74.05860169199997,4.62228016084827,0 -74.05860241899995,4.622268587848272,0 -74.05860296099996,4.622257017848251,0 -74.05860332399999,4.622233876848263,0 -74.05860296699996,4.622210644848276,0 -74.05860242799997,4.622199074848248,0 -74.05860170399995,4.622187504848283,0 -74.05860080899998,4.622175932848274,0 -74.05859846899995,4.62215324384828,0 -74.05859955099999,4.62214818184827,0 -74.05860027199998,4.622144475848303,0 -74.05860135399996,4.622140859848284,0 -74.05860243499995,4.622137153848258,0 -74.05860342699998,4.622133538848288,0 -74.05860459799999,4.622129922848274,0 -74.05860585999994,4.622126306848259,0 -74.05860703099995,4.622122691848285,0 -74.05861135699996,4.622112115848265,0 -74.05861280199997,4.622108682848246,0 -74.05861442099996,4.622105155848262,0 -74.05861604299997,4.622101720848259,0 -74.05861775499994,4.622098285848267,0 -74.05862135999996,4.622091594848255,0 -74.05862325099997,4.622088343848298,0 -74.05862505299996,4.622085089848269,0 -74.05862721599993,4.622081835848295,0 -74.05862919999998,4.622078582848301,0 -74.05862944299997,4.622078222848301,0 -74.05863352299997,4.622072254848266,0 -74.05863577599996,4.622069271848263,0 -74.05863802799996,4.622066107848293,0 -74.05863883999996,4.622060232848296,0 -74.05863937699996,4.62205688684827,0 -74.05864002499999,4.622053376848275,0 -74.05864072899993,4.622049928848296,0 -74.05864145799995,4.62204658384826,0 -74.05864226499995,4.622043148848269,0 -74.05864307599995,4.622039803848285,0 -74.05864415799994,4.622036368848288,0 -74.05864496899994,4.622033024848292,0 -74.05864614499995,4.62202967884827,0 -74.05864722199993,4.62202633584826,0 -74.05864848399995,4.622023081848285,0 -74.05864965499995,4.622019827848244,0 -74.05865094299998,4.622016510848256,0 -74.05865228499994,4.62201327784828,0 -74.05865361999997,4.622010155848276,0 -74.05865515199997,4.622006901848296,0 -74.05865659399996,4.62200373784828,0 -74.05865812599995,4.622000574848301,0 -74.05865974799997,4.621997500848299,0 -74.05866154999995,4.621994427848277,0 -74.05866317199997,4.62199144484828,0 -74.05866506399997,4.621988371848262,0 -74.05866677799997,4.621985389848252,0 -74.05866867099996,4.621982408848284,0 -74.05867461499997,4.621973728848277,0 -74.05867668699995,4.621971017848295,0 -74.05867875899997,4.621968215848254,0 -74.05868101199997,4.621965503848291,0 -74.05868322399994,4.621962742848273,0 -74.05868551699996,4.62196017184829,0 -74.05869002199995,4.621954928848256,0 -74.05869263499994,4.621952398848295,0 -74.05872894099997,4.62192202984829,0 -74.05876471099998,4.621891119848277,0 -74.05883705899998,4.621825592848273,0 -74.05891904699996,4.621750755848279,0 -74.05895292299994,4.621720929848275,0 -74.05899716199997,4.621670313848272,0 -74.05903176099997,4.621620871848291,0 -74.05903788799998,4.621609573848286,0 -74.05904203299997,4.621600715848288,0 -74.05904446599999,4.62159556284827,0 -74.05904509699997,4.621593935848312,0 -74.05904689899995,4.621589687848269,0 -74.05904852199996,4.621585348848284,0 -74.05905023399998,4.621581190848314,0 -74.05905167799995,4.621576764848287,0 -74.05905302699995,4.621572513848283,0 -74.05905455899995,4.62156808484828,0 -74.05905699299996,4.621559316848299,0 -74.05906104799993,4.621545215848317,0 -74.05906519399997,4.621532741848305,0 -74.05906744699996,4.621526594848279,0 -74.05906987999998,4.621520538848324,0 -74.05907222299999,4.621514478848286,0 -74.05907474599996,4.621508516848301,0 -74.05908006299995,4.621496584848291,0 -74.05908582999996,4.621484834848299,0 -74.05908898199993,4.62147904684828,0 -74.05909213699994,4.62147335484828,0 -74.05909537799994,4.621467656848285,0 -74.05911105999996,4.621432589848288,0 -74.05912250399996,4.621407912848289,0 -74.05913459099997,4.621383418848293,0 -74.05913565999998,4.621380434848294,0 -74.05913683199998,4.621377722848273,0 -74.05913791299997,4.621374920848288,0 -74.05913908499997,4.621372299848324,0 -74.05914016599996,4.621369587848298,0 -74.05914151799993,4.621366966848282,0 -74.05914277899996,4.621364254848308,0 -74.05914422099994,4.62136163384829,0 -74.05914539199995,4.621359102848282,0 -74.05914701399996,4.621356481848313,0 -74.05914845299998,4.621353952848287,0 -74.05914989699994,4.621351509848319,0 -74.05915160899997,4.621348979848302,0 -74.05915647999996,4.621341661848272,0 -74.05915818699998,4.621339307848324,0 -74.05915999299998,4.621336957848277,0 -74.05916182499993,4.621334649848303,0 -74.05916368299995,4.621332351848276,0 -74.05916557499995,4.62133008884828,0 -74.05916953899998,4.62132574984829,0 -74.05917143199997,4.621323580848319,0 -74.05917557599997,4.621319422848297,0 -74.05917773799996,4.621317434848289,0 -74.05917981099998,4.621315446848281,0 -74.05918209099997,4.621313431848274,0 -74.05918945099995,4.621307221848291,0 -74.05919224399997,4.621304781848291,0 -74.05919433599996,4.621303166848319,0 -74.05919459499995,4.621302978848314,0 -74.05919511099995,4.621302653848288,0 -74.05919665899995,4.621301710848313,0 -74.05919891199994,4.621300536848278,0 -74.05920224299996,4.621299174848301,0 -74.05920566799995,4.621298093848311,0 -74.05920746899994,4.62129773284832,0 -74.05920999199998,4.621297461848282,0 -74.05921422599994,4.621297099848304,0 -74.05921773899996,4.621296739848301,0 -74.05922053199998,4.621296287848305,0 -74.05922422599997,4.621295383848313,0 -74.05922674799996,4.621294570848278,0 -74.05922999099994,4.621293486848311,0 -74.05923323499997,4.621292130848326,0 -74.05923863999993,4.621289238848268,0 -74.05924368499996,4.621285804848322,0 -74.05924855099994,4.621281646848295,0 -74.05925368599998,4.621277760848296,0 -74.05925882099996,4.621273783848295,0 -74.05926377699996,4.621269716848333,0 -74.05926873199996,4.621265559848295,0 -74.05927366599997,4.621261334848294,0 -74.05927845999997,4.621257060848307,0 -74.05928323099994,4.621252633848281,0 -74.05928792299994,4.621248205848324,0 -74.05929696699997,4.621238951848316,0 -74.05930143699999,4.621234286848299,0 -74.05930576199995,4.621229496848317,0 -74.05930999699996,4.621224615848322,0 -74.05931828599995,4.621214672848307,0 -74.05932224999998,4.621209611848285,0 -74.05932612499998,4.621204459848313,0 -74.05932990899998,4.62119921684829,0 -74.05933729699996,4.621188551848293,0 -74.05934081099997,4.621183124848328,0 -74.05934423499997,4.621177704848294,0 -74.05934756899995,4.621172190848283,0 -74.05935081299998,4.621166496848302,0 -74.05935387599999,4.621160892848282,0 -74.05935711999996,4.621155197848308,0 -74.05936288699996,4.62114362884833,0 -74.05936559499997,4.621137751848299,0 -74.05937053999997,4.621126541848331,0 -74.05937117799994,4.621123836848287,0 -74.05937279999995,4.621118137848303,0 -74.05937333999998,4.62111633084831,0 -74.05937460199993,4.621112533848335,0 -74.05937607499999,4.621108838848302,0 -74.05937685499998,4.62110701984833,0 -74.05937928999998,4.621101600848283,0 -74.05938108999999,4.621098161848323,0 -74.05938190099994,4.621096353848294,0 -74.05938298199999,4.621094726848328,0 -74.05938397199998,4.621093008848307,0 -74.05938505499995,4.621091292848322,0 -74.05938604599999,4.6210895748483,0 -74.05938721699994,4.621087947848282,0 -74.05938830099996,4.621086321848309,0 -74.05939055099998,4.621083157848299,0 -74.05939181299993,4.621081530848332,0 -74.05939307399996,4.621080084848333,0 -74.05939559599994,4.6210770088483,0 -74.05939694799997,4.62107556584832,0 -74.05939829999994,4.621074028848311,0 -74.05939956099996,4.621072672848326,0 -74.05940099899993,4.62107122384831,0 -74.05940668199997,4.621065898848292,0 -74.05940829999997,4.621064628848306,0 -74.05941118399994,4.621062097848295,0 -74.05941289499998,4.621060923848322,0 -74.05941613899995,4.621058573848335,0 -74.05941757999994,4.621057488848328,0 -74.05941920199996,4.621056404848305,0 -74.05942298599996,4.621054054848327,0 -74.05942650499998,4.621051526848284,0 -74.05943001299994,4.621049083848313,0 -74.05943352099996,4.621046459848317,0 -74.05943685999995,4.621043841848324,0 -74.05944028399995,4.621041129848294,0 -74.05944704099994,4.621035616848338,0 -74.05945010399995,4.621032724848281,0 -74.05945343799993,4.621029832848286,0 -74.05945650099994,4.621026849848286,0 -74.05945956499994,4.621023776848325,0 -74.05946262799995,4.621020793848325,0 -74.05946569099996,4.621017540848331,0 -74.05946857399994,4.621014376848315,0 -74.05947145799996,4.621011122848339,0 -74.05947425099998,4.621007868848303,0 -74.05947695499998,4.621004522848326,0 -74.05947965699994,4.621001089848308,0 -74.05948488199994,4.620994310848329,0 -74.05948493999995,4.620994262848326,0 -74.06106739199998,4.621424360848289,0 -74.06120308799996,4.620820926848337,0 -74.05971962299998,4.620653064848324,0 -74.05973869899998,4.620636920848301,0 -74.05977951099999,4.620615050848346,0 -74.05986816399997,4.620548259848293,0 -74.05994933899996,4.620488970848318,0 -74.06002042599994,4.620418380848314,0 -74.06008249799999,4.620395156848351,0 -74.06021258799996,4.620355218848316,0 -74.06034303399997,4.620340770848314,0 -74.06045051499996,4.620279044848361,0 -74.06059258999994,4.620200689848337,0 -74.06065078999995,4.620168154848338,0 -74.06070844899995,4.62013733684836,0 -74.06087196799996,4.620031232848317,0 -74.06096891299995,4.619934702848363,0 -74.06100333399996,4.619867543848343,0 -74.06100738899994,4.61985823384835,0 -74.06115263199996,4.619653687848339,0 -74.06120335999998,4.619578304848372,0 -74.06125246499994,4.619507892848364,0 -74.06140385299994,4.619146241848374,0 -74.06141657699999,4.618970334848362,0 -74.06140965099996,4.618879306848375,0 -74.06140803399995,4.61854407184836,0 -74.06138933399995,4.618432874848395,0 -74.06138637299995,4.618420097848409,0 -74.06139304499999,4.618373093848396,0 -74.06139827299995,4.618347783848384,0 -74.06146080399998,4.618253508848405,0 -74.06158316199998,4.618081683848422,0 -74.06164082699996,4.617996809848377,0 -74.06173308599995,4.617900730848381,0 -74.06183165099998,4.617814867848407,0 -74.06194156699996,4.617720598848425,0 -74.06203103099995,4.617643140848396,0 -74.06212031399997,4.617581411848422,0 -74.06202233799996,4.617552979848397,0 -74.06206140999996,4.61747636684843,0 -74.06202528599994,4.617472836848417,0 -74.06186493399997,4.617466399848452,0 -74.06166377799997,4.617412319848405,0 -74.06152874299994,4.617380303848432,0 -74.06149221699997,4.617384525848402,0 -74.06152653599997,4.617325910848407,0 -74.06179466399993,4.616741233848478,0 -74.06182491199996,4.616675596848443,0 -74.06185798599995,4.616610329848482,0 -74.06188820999995,4.616548671848431,0 -74.06191119199997,4.61649562884845,0 -74.06193074699996,4.61645092484845,0 -74.06195429199994,4.616402112848461,0 -74.06198932899997,4.616324750848454,0 -74.06204651199994,4.616241842848487,0 -74.06241024299999,4.615681390848496,0 -74.06256096099997,4.615736957848501,0 -74.06293308999994,4.615865452848456,0 -74.06305857499996,4.615906235848487,0 -74.06307758299994,4.615911299848476,0 -74.06313399499999,4.615751940848475,0 -74.06324618299993,4.615483752848484,0 -74.06331512699995,4.615241502848502,0 -74.06347903999995,4.614834744848517,0 -74.06354806799999,4.614644381848519,0 -74.06376367199994,4.614393560848518,0 -74.06397935299998,4.614246513848546,0 -74.06415179199996,4.614116726848553,0 -74.06428116599994,4.614021555848558,0 -74.06444495699998,4.613883089848553,0 -74.06477275199995,4.613329278848536,0 -74.06491017199994,4.612984980848592,0 -74.06497973799998,4.612810164848571,0 -74.06508985199997,4.612549840848572,0 -74.06503251699996,4.612531293848603,0 -74.06503228899999,4.612531935848576,0 -74.06447431999999,4.612362200848596,0 -74.06317497899994,4.611931407848592,0 -74.06304783399997,4.61189688984858,0 -74.06308419699997,4.611816157848634,0 -74.06318228699996,4.611594539848622,0 -74.06325572899993,4.611336484848618,0 -74.06325789299996,4.611169305848605,0 -74.06320857499998,4.610992074848658,0 -74.06318214399994,4.61077251484866,0 -74.06323633799997,4.610610698848663,0 -74.06342738799998,4.610378275848671,0 -74.06352251299995,4.610180255848651,0 -74.06351399499994,4.610067012848665,0 -74.06338978499997,4.609699466848668,0 -74.06331911899997,4.609321390848676,0 -74.06392697599995,4.609534535848704,0 -74.06414935099997,4.60942695384871,0 -74.06456166099997,4.6091440448487,0 -74.06475219399994,4.609004418848685,0 -74.06482674999995,4.608982483848681,0 -74.06479942999994,4.608142701848742,0 -74.06481023599997,4.607988675848725,0 -74.06478834799998,4.608020792848715,0 -74.06474666899999,4.608081778848712,0 -74.06472717199995,4.608081434848718,0 -74.06472593299998,4.60801007284874,0 -74.06470870799996,4.608009919848713,0 -74.06471686599997,4.60809267484871,0 -74.06462958699996,4.608096934848725,0 -74.06458919699998,4.608093470848756,0 -74.06436032999994,4.608154938848718,0 -74.06433918199997,4.60801272684876,0 -74.06398655699996,4.60798153184874,0 -74.06401488699998,4.607820405848721,0 -74.06401459499995,4.607745340848747,0 -74.06398976899999,4.607737196848758,0 -74.06402248199998,4.607462322848749,0 -74.06428992299993,4.607449333848725,0 -74.06440382499994,4.607441517848735,0 -74.06439884899999,4.607430411848741,0 -74.06439369999998,4.607402129848731,0 -74.06433814299999,4.607418055848736,0 -74.06432387999996,4.607356419848736,0 -74.06430932799998,4.607239816848763,0 -74.06424451099997,4.607242201848779,0 -74.06424173899995,4.607210686848796,0 -74.06417693299994,4.607214244848736,0 -74.06417621699995,4.607208139848773,0 -74.06411930299998,4.60721459884874,0 -74.06411277099994,4.607133508848766,0 -74.06404651499997,4.607139049848768,0 -74.06404093899994,4.607139354848785,0 -74.06403473399996,4.607067307848781,0 -74.06410699399999,4.607060243848737,0 -74.06410156799996,4.607009481848738,0 -74.06412527499998,4.606939423848793,0 -74.06419177399994,4.606934050848775,0 -74.06419660299997,4.606890075848793,0 -74.06433246299997,4.606882916848787,0 -74.06432748299994,4.606658334848748,0 -74.06434250599995,4.606597348848756,0 -74.06439970999998,4.606595202848766,0 -74.06439829599998,4.606459592848806,0 -74.06441618699995,4.606330442848794,0 -74.06441405199996,4.606240036848765,0 -74.06432538499996,4.60624720084877,0 -74.06414089999998,4.606270139848789,0 -74.06404279499998,4.606279312848811,0 -74.06403078199997,4.60627773284881,0 -74.06401305899993,4.606271780848778,0 -74.06397396999995,4.60626316584882,0 -74.06382619199996,4.606280368848789,0 -74.06377566499998,4.606259315848773,0 -74.06373659299999,4.606110068848819,0 -74.06369656799995,4.605953168848787,0 -74.06371182699996,4.605912989848789,0 -74.06388010899997,4.605844606848805,0 -74.06395161599994,4.605826916848811,0 -74.06407413099998,4.605803013848815,0 -74.06420820399995,4.605780128848799,0 -74.06427166499998,4.60577355884881,0 -74.06439650099998,4.605771779848816,0 -74.06460391799999,4.605769024848785,0 -74.06473961699999,4.605729398848805,0 -74.06489421499998,4.605655302848814,0 -74.06494390099994,4.605619412848817,0 -74.06474673099996,4.60533222384883,0 -74.06442766599997,4.604427605848855,0 -74.06433562399997,4.604215980848847,0 -74.06402248499995,4.603485373848887,0 -74.06402176499995,4.603483565848853,0 -74.06385393999994,4.603462031848878,0 -74.06369971699996,4.603454691848909,0 -74.06351054199996,4.603438036848878,0 -74.06323038199997,4.603419744848888,0 -74.06307363799993,4.603403906848867,0 -74.06296013299993,4.603388074848888,0 -74.06291761399996,4.603381832848908,0 -74.06272690999998,4.603350171848875,0 -74.06258593099994,4.603327285848859,0 -74.06253863799998,4.603315437848878,0 -74.06249134499996,4.603303409848866,0 -74.06244567499994,4.603286138848873,0 -74.06241027299995,4.603268688848899,0 -74.06238694499996,4.603261696848885,0 -74.06231883599997,4.603264663848887,0 -74.06231439899994,4.603264547848867,0 -74.06231026599994,4.603262738848899,0 -74.06230623199997,4.603260366848917,0 -74.06230210499996,4.603258526848879,0 -74.06225657499994,4.603238913848872,0 -74.06221107199997,4.603219231848915,0 -74.06216145599996,4.603197703848867,0 -74.06202918999998,4.603140187848898,0 -74.06197957799998,4.603118648848909,0 -74.06193408199994,4.603098951848887,0 -74.06190511999995,4.603086449848881,0 -74.06188028299994,4.603075756848898,0 -74.06185957699995,4.603066864848921,0 -74.06183472299995,4.60305622184886,0 -74.06180570899994,4.603043843848922,0 -74.06177252499998,4.603029755848921,0 -74.06175592399995,4.603022734848878,0 -74.06173931599994,4.603015734848893,0 -74.06171854499996,4.603007010848899,0 -74.06170191899997,4.603000051848873,0 -74.06168112599994,4.602991385848894,0 -74.06166864299996,4.602986202848908,0 -74.06165615699996,4.602981030848921,0 -74.06164782199994,4.602977603848893,0 -74.06163947399995,4.602974214848924,0 -74.06163111199999,4.602970860848925,0 -74.06162273599995,4.602967540848905,0 -74.06161434699999,4.602964253848882,0 -74.06160594599999,4.602960994848898,0 -74.06159753399999,4.602957764848891,0 -74.06158489799998,4.602952968848901,0 -74.06157646199995,4.602949800848877,0 -74.06156379099997,4.602945087848921,0 -74.06155533399993,4.602941970848911,0 -74.06153840299999,4.602935779848906,0 -74.06152145399994,4.602929638848875,0 -74.06150448999995,4.602923531848878,0 -74.06146206299996,4.602908306848909,0 -74.06144086399996,4.602900657848918,0 -74.06141968999998,4.60289294484892,0 -74.06140700499998,4.602888273848917,0 -74.06139432799995,4.602883571848902,0 -74.06138586499998,4.602880466848894,0 -74.06137738799998,4.602877390848907,0 -74.06136464899998,4.60287283084892,0 -74.06135614299995,4.602869820848923,0 -74.06134336099996,4.602865350848905,0 -74.06132628599994,4.602859458848911,0 -74.06131346199999,4.602855085848883,0 -74.06130490499999,4.602852185848917,0 -74.06128777499998,4.602846416848873,0 -74.06124062599997,4.602830649848897,0 -74.06121920399994,4.602823461848919,0 -74.06120208699997,4.602817669848882,0 -74.06119353599996,4.602814753848917,0 -74.06117645799998,4.602808877848926,0 -74.06116367199996,4.602804417848915,0 -74.06115090699996,4.602799908848913,0 -74.06113816899995,4.602795343848924,0 -74.06112969299994,4.602792261848889,0 -74.06112123299994,4.602789152848916,0 -74.06110856799995,4.60278442684893,0 -74.06110014599994,4.602781229848917,0 -74.06109594199995,4.602779617848914,0 -74.06109174099998,4.602777997848879,0 -74.06108335399995,4.602774723848887,0 -74.06107498599994,4.602771408848923,0 -74.06107080899994,4.602769736848928,0 -74.06106663699995,4.602768050848908,0 -74.06105830899997,4.602764645848879,0 -74.06105415499997,4.602762925848877,0 -74.06104586199996,4.602759448848934,0 -74.06103758999996,4.602755921848888,0 -74.06103346599997,4.602754135848902,0 -74.06102934399996,4.602752340848897,0 -74.06102112399998,4.602748703848877,0 -74.06101292799997,4.602745009848891,0 -74.06100884099999,4.602743140848929,0 -74.06100475999995,4.602741259848931,0 -74.06099661999997,4.602737444848913,0 -74.06098850999996,4.602733569848918,0 -74.06098446499993,4.602731606848925,0 -74.06097639699993,4.602727635848905,0 -74.06096029299994,4.60271961984893,0 -74.06094422299998,4.602711532848898,0 -74.06092818499997,4.602703380848885,0 -74.06092017599997,4.602699282848908,0 -74.06090817799998,4.602693102848899,0 -74.06089220399997,4.602684807848902,0 -74.06088422599998,4.602680639848935,0 -74.06087227299997,4.602674360848879,0 -74.06085635999995,4.602665936848899,0 -74.06084046899997,4.602657462848933,0 -74.06082063999997,4.602646797848883,0 -74.06080875899994,4.602640362848891,0 -74.06080084599995,4.602636057848895,0 -74.06078108299994,4.602625247848894,0 -74.06076529599994,4.602616550848905,0 -74.06074952499995,4.602607815848901,0 -74.06073377399997,4.602599043848908,0 -74.06071803899994,4.602590236848934,0 -74.06070231599995,4.602581396848909,0 -74.06068660799997,4.602572526848924,0 -74.06067091099999,4.602563629848873,0 -74.06065130699994,4.602552473848911,0 -74.06063563599997,4.60254352284893,0 -74.06061997399996,4.60253455184893,0 -74.06060040599993,4.602523315848894,0 -74.06058084799997,4.602512057848926,0 -74.06053393699995,4.602484971848932,0 -74.06046359199996,4.60244429384893,0 -74.06043230899996,4.602426246848903,0 -74.06041274799998,4.602414987848887,0 -74.06038533999998,4.602399266848931,0 -74.06035790599998,4.602383601848901,0 -74.06033436499996,4.602370233848906,0 -74.06031472599994,4.602359133848906,0 -74.06030293099997,4.60235249884893,0 -74.06028719199998,4.602343676848894,0 -74.06027537499995,4.602337081848953,0 -74.06026355299997,4.602330508848944,0 -74.06025171899995,4.602323956848933,0 -74.06023592299994,4.602315252848904,0 -74.06021614999997,4.602304433848951,0 -74.06020030899998,4.602295828848943,0 -74.06018841299993,4.602289405848942,0 -74.06017650399997,4.602283008848948,0 -74.06016458099998,4.602276639848946,0 -74.06015264499996,4.602270302848939,0 -74.06014069499997,4.602263994848911,0 -74.06012872999997,4.602257717848905,0 -74.06012074399996,4.602253550848922,0 -74.06011674499996,4.60225147984894,0 -74.06011273399997,4.60224943184894,0 -74.06010871499996,4.602247400848928,0 -74.06010468699998,4.602245391848919,0 -74.06009659499995,4.602241435848921,0 -74.06009253599996,4.602239487848931,0 -74.06008438899994,4.602235643848945,0 -74.06008030299995,4.602233748848922,0 -74.06007210499996,4.602230007848926,0 -74.06006387499997,4.60222633084893,0 -74.06005561799998,4.602222709848906,0 -74.06005148099996,4.602220919848908,0 -74.06004318399994,4.602217377848906,0 -74.06003486299994,4.602213885848943,0 -74.06002652199999,4.602210431848927,0 -74.06002234399995,4.602208720848944,0 -74.06001397799997,4.602205322848899,0 -74.06000139799994,4.602200280848893,0 -74.05999299699994,4.602196952848905,0 -74.05998038099995,4.602191991848903,0 -74.05994247899997,4.602177217848949,0 -74.05992565199995,4.60217062284894,0 -74.05991725099994,4.602167300848946,0 -74.05990886199999,4.602163958848924,0 -74.05989630299996,4.602158893848942,0 -74.05988795299999,4.60215547684893,0 -74.05987962099994,4.602152020848932,0 -74.05987131199998,4.60214852384891,0 -74.05986716599995,4.602146756848949,0 -74.05985889499993,4.602143186848902,0 -74.05985065099998,4.602139562848919,0 -74.05984243499995,4.602135879848927,0 -74.05983833899995,4.602134016848901,0 -74.05983017399996,4.602130238848953,0 -74.05982204499998,4.602126388848912,0 -74.05981799299997,4.602124437848913,0 -74.05981395399994,4.602122467848938,0 -74.05980992299999,4.602120476848906,0 -74.05980590299998,4.602118466848904,0 -74.05980189299999,4.602116433848916,0 -74.05979789399998,4.602114379848925,0 -74.05979390499994,4.602112306848902,0 -74.05978992999997,4.602110207848933,0 -74.05977800699998,4.602103863848948,0 -74.05976603899995,4.60209752284893,0 -74.05971381999996,4.602069949848919,0 -74.05969365899995,4.602059252848923,0 -74.05968156199998,4.602052795848947,0 -74.05967350299994,4.602048469848938,0 -74.05966142299997,4.602041951848916,0 -74.05965337999999,4.602037581848915,0 -74.05964133899994,4.602030987848903,0 -74.05963332799996,4.60202656484896,0 -74.05962533299999,4.602022114848951,0 -74.05961735399995,4.602017640848919,0 -74.05960939699997,4.60201314084892,0 -74.05960146199999,4.6020086118489,0 -74.05959354799995,4.602004053848958,0 -74.05958566399994,4.601999463848956,0 -74.05957780399996,4.601994844848919,0 -74.05957388499996,4.601992519848948,0 -74.05956607199994,4.601987846848912,0 -74.05955829099997,4.601983139848957,0 -74.05955054699996,4.601978392848904,0 -74.05954283699998,4.601973606848932,0 -74.05953899799994,4.601971200848904,0 -74.05953134899994,4.601966355848924,0 -74.05952374099996,4.601961467848951,0 -74.05951617799997,4.60195653784891,0 -74.05950865799997,4.601951560848902,0 -74.05950491899995,4.601949054848912,0 -74.05949747199998,4.601944008848909,0 -74.05949007699996,4.601938914848945,0 -74.05948273499996,4.601933771848933,0 -74.05947908499996,4.601931179848949,0 -74.05947544799994,4.601928575848917,0 -74.05946821699996,4.601923326848951,0 -74.05946104499998,4.60191802584891,0 -74.05945748199997,4.601915352848916,0 -74.05945393599995,4.601912667848955,0 -74.05944688699998,4.601907254848955,0 -74.05943990499998,4.601901780848924,0 -74.05943643899997,4.601899023848918,0 -74.05943298899996,4.601896248848932,0 -74.05942955599994,4.601893458848934,0 -74.05942614399999,4.601890656848952,0 -74.05942274499995,4.601887835848948,0 -74.05941936699998,4.601885000848912,0 -74.05941600299997,4.601882148848945,0 -74.05941266199994,4.601879281848916,0 -74.05940933799997,4.601876397848943,0 -74.05940603399995,4.60187349784892,0 -74.05940274699998,4.601870581848945,0 -74.05939948599996,4.601867625848945,0 -74.05939624699994,4.601864618848908,0 -74.05939303499997,4.601861559848919,0 -74.05938985099993,4.601858449848955,0 -74.05938669099999,4.601855289848937,0 -74.05938355899997,4.601852081848938,0 -74.05938045499994,4.601848827848959,0 -74.05937737599999,4.601845527848961,0 -74.05937432799993,4.601842181848929,0 -74.05937130799998,4.601838792848954,0 -74.05936831699995,4.601835360848928,0 -74.05936535599994,4.601831887848937,0 -74.05936242599995,4.601828370848953,0 -74.05935952199997,4.601824817848952,0 -74.05935665299995,4.601821224848929,0 -74.05935381499995,4.6018175928489,0 -74.05935100499994,4.601813927848961,0 -74.05934822899997,4.601810225848938,0 -74.05934548799996,4.601806488848956,0 -74.05934277699998,4.601802718848924,0 -74.05934009999999,4.601798918848925,0 -74.05933745699997,4.601795086848912,0 -74.05933484599996,4.601791224848942,0 -74.05933227099996,4.60178733384893,0 -74.05932973299997,4.601783415848937,0 -74.05932722699998,4.601779472848912,0 -74.05932475899994,4.601775503848931,0 -74.05932232799995,4.601771508848945,0 -74.05931992899997,4.601767491848914,0 -74.05931756999996,4.601763450848953,0 -74.05931524899995,4.601759388848937,0 -74.05931296599994,4.601755308848943,0 -74.05931072099997,4.601751207848943,0 -74.05930851399995,4.601747090848941,0 -74.05930634699996,4.601742957848933,0 -74.05930421899996,4.601738805848953,0 -74.05930212999994,4.601734642848937,0 -74.05930008299998,4.601730462848913,0 -74.05929807599995,4.601726273848929,0 -74.05929611099998,4.601722071848922,0 -74.05929418799997,4.601717858848963,0 -74.05929230599997,4.601713637848924,0 -74.05929046599994,4.601709409848961,0 -74.05928866999994,4.601705171848925,0 -74.05928691599996,4.60170093184892,0 -74.05928520799995,4.601696683848935,0 -74.05928354199995,4.601692435848947,0 -74.05928192099998,4.601688181848918,0 -74.05928034699997,4.601683925848913,0 -74.05927881599996,4.601679671848939,0 -74.05927732999999,4.601675418848958,0 -74.05927589199996,4.601671165848964,0 -74.05927449899997,4.601666915848945,0 -74.05927315599996,4.601662669848946,0 -74.05927185799999,4.601658431848916,0 -74.05927060999994,4.601654194848924,0 -74.05926941099995,4.601649967848956,0 -74.05926825699999,4.60164574884894,0 -74.05926715099997,4.601641527848964,0 -74.05926608699997,4.601637281848965,0 -74.05926505799994,4.601633010848944,0 -74.05926407199996,4.60162871884897,0 -74.05926312399998,4.601624402848964,0 -74.05926221599998,4.601620065848961,0 -74.05926134499998,4.601615705848966,0 -74.05926051499995,4.601611327848943,0 -74.05925971999994,4.601606930848937,0 -74.05925896499997,4.601602512848943,0 -74.05925824499997,4.601598079848928,0 -74.05925756499994,4.601593626848953,0 -74.05925691899995,4.601589157848918,0 -74.05925631299993,4.601584672848944,0 -74.05925573899998,4.601580174848933,0 -74.05925520499994,4.601575658848941,0 -74.05925470299997,4.601571132848938,0 -74.05925423699995,4.601566592848922,0 -74.05925380899998,4.601562038848941,0 -74.05925341299996,4.601557474848942,0 -74.05925305399995,4.601552899848953,0 -74.05925272699994,4.601548315848948,0 -74.05925243399997,4.601543722848914,0 -74.05925217499998,4.601539120848924,0 -74.05925194899999,4.601534509848916,0 -74.05925175799996,4.601529890848933,0 -74.05925159799995,4.601525266848951,0 -74.05925147099998,4.601520638848955,0 -74.05925137499997,4.601516005848946,0 -74.05925131099997,4.601511366848952,0 -74.05925127899997,4.601506726848966,0 -74.05925127999996,4.601502081848921,0 -74.05925131099997,4.601497436848927,0 -74.05925137399998,4.601492788848973,0 -74.05925146399994,4.601488141848947,0 -74.05925158599996,4.601483495848967,0 -74.05925173699995,4.601478851848971,0 -74.05925191999995,4.601474206848921,0 -74.05925212999995,4.601469563848971,0 -74.05925236899998,4.601464927848942,0 -74.05925263999995,4.601460292848952,0 -74.05925293599995,4.60145566484896,0 -74.05925326099998,4.60145103784895,0 -74.05925361199996,4.601446421848939,0 -74.05925399299997,4.601441812848961,0 -74.05925439999999,4.601437207848944,0 -74.05925483399994,4.601432612848946,0 -74.05925529599995,4.601428028848933,0 -74.05925578299997,4.601423452848953,0 -74.05925629499995,4.601418888848954,0 -74.05925683599997,4.60141433484897,0 -74.05925739899999,4.601409791848928,0 -74.05925798899995,4.60140526484894,0 -74.05925860399998,4.601400750848926,0 -74.05925924299999,4.601396250848937,0 -74.05925990899993,4.601391762848935,0 -74.05926059599994,4.601387294848957,0 -74.05926130599994,4.601382840848932,0 -74.05926203999996,4.601378403848961,0 -74.05926279999994,4.601373986848948,0 -74.05926357999994,4.60136958784897,0 -74.05926438299997,4.601365209848937,0 -74.05926520899999,4.601360849848946,0 -74.05926605699995,4.601356510848971,0 -74.05926693799995,4.601352185848946,0 -74.05926787199996,4.601347868848952,0 -74.05926886299994,4.601343549848925,0 -74.05926990599994,4.601339235848955,0 -74.05927099899998,4.601334927848931,0 -74.05927214299999,4.601330624848959,0 -74.05927333999995,4.60132632284893,0 -74.05927458399998,4.601322026848945,0 -74.05927587599996,4.601317736848952,0 -74.05927721599994,4.60131345184896,0 -74.05927860299994,4.601309173848952,0 -74.05928003299994,4.601304898848972,0 -74.05928150999995,4.601300631848962,0 -74.05928303099995,4.601296373848975,0 -74.05928458999995,4.601292120848932,0 -74.05928619399998,4.601287874848926,0 -74.05928783799999,4.60128363884894,0 -74.05928951999994,4.601279408848935,0 -74.05929124099998,4.601275185848967,0 -74.05929300099996,4.601270971848973,0 -74.05929479599996,4.601266769848953,0 -74.05929662699998,4.601262574848922,0 -74.05929849399996,4.601258388848971,0 -74.05930039399993,4.601254211848978,0 -74.05930232799994,4.60125004584898,0 -74.05930428999994,4.601245890848983,0 -74.05930628499993,4.601241745848927,0 -74.05930831299997,4.601237613848978,0 -74.05931036599998,4.601233492848959,0 -74.05931244899995,4.601229380848958,0 -74.05931455799998,4.601225281848941,0 -74.05931669299997,4.601221195848948,0 -74.05931885599995,4.601217120848955,0 -74.05932103899994,4.601213059848923,0 -74.05932324699995,4.601209013848968,0 -74.05932547799995,4.601204979848944,0 -74.05932772799997,4.601200957848949,0 -74.05933000099998,4.601196952848961,0 -74.05933229099998,4.601192960848945,0 -74.05933459999994,4.601188982848952,0 -74.05933927099994,4.601181073848973,0 -74.05934400499996,4.601173227848953,0 -74.05934639199995,4.601169328848982,0 -74.05934879199998,4.601165446848928,0 -74.05935362599996,4.601157734848975,0 -74.05935849699995,4.601150088848953,0 -74.05936094699996,4.601146294848943,0 -74.05936586499996,4.601138760848976,0 -74.05936833099997,4.60113502084897,0 -74.05937080099994,4.601131301848964,0 -74.05937328999994,4.601127595848934,0 -74.05937580599993,4.601123895848952,0 -74.05937834799994,4.601120202848964,0 -74.05938091799999,4.601116519848969,0 -74.05938350999998,4.601112846848936,0 -74.05938613099994,4.601109181848988,0 -74.05938877599993,4.601105528848965,0 -74.05939144499996,4.601101886848936,0 -74.05939413899995,4.60109825584897,0 -74.05939685999994,4.601094633848957,0 -74.05939960299997,4.601091027848947,0 -74.05940237099998,4.601087431848955,0 -74.05940516399994,4.601083846848948,0 -74.05940798099994,4.601080278848937,0 -74.05941081999998,4.601076725848939,0 -74.05941368199996,4.601073182848955,0 -74.05941656999994,4.601069656848948,0 -74.05941947799994,4.601066145848961,0 -74.05942240999997,4.601062651848962,0 -74.05942536199996,4.60105917484896,0 -74.05942833999995,4.601055712848967,0 -74.05943133699998,4.601052267848957,0 -74.05943435799998,4.601048840848934,0 -74.05943739699995,4.601045432848934,0 -74.05944046099995,4.601042042848976,0 -74.05944354499997,4.601038671848982,0 -74.05944664799995,4.601035318848973,0 -74.05944977399997,4.601031987848957,0 -74.05945291999996,4.601028675848967,0 -74.05945608499997,4.601025385848974,0 -74.05945926999993,4.601022118848961,0 -74.05946247499998,4.601018872848957,0 -74.05946569899999,4.601015647848956,0 -74.05946894199997,4.601012444848947,0 -74.05947220699994,4.601009266848964,0 -74.05947548899996,4.601006111848965,0 -74.05947878899997,4.601002981848985,0 -74.05948210799994,4.60099987684896,0 -74.05948544299997,4.600996793848942,0 -74.05948879899995,4.600993739848952,0 -74.05949217099999,4.600990711848962,0 -74.05949556099995,4.600987707848964,0 -74.05949896699997,4.600984732848987,0 -74.05950238999998,4.600981784848958,0 -74.05950583099997,4.600978864848973,0 -74.05950928899995,4.600975971848985,0 -74.05951276099995,4.600973110848941,0 -74.05951624899996,4.600970275848972,0 -74.05951975499994,4.600967474848972,0 -74.05952327699998,4.600964700848982,0 -74.05952681299993,4.600961958848994,0 -74.05953036399995,4.600959246848965,0 -74.05953392999999,4.600956555848941,0 -74.05954110099998,4.600951221848967,0 -74.05954470499995,4.600948578848947,0 -74.05955195399997,4.600943335848969,0 -74.05955925199999,4.600938148848971,0 -74.05956659799995,4.600933015848971,0 -74.05957028799997,4.600930470848938,0 -74.05957770199996,4.600925420848974,0 -74.05958516099997,4.600920420848985,0 -74.05959266099995,4.600915471848968,0 -74.05959642499994,4.60091301584897,0 -74.05960398299999,4.600908137848937,0 -74.05960777699994,4.600905715848977,0 -74.05961539299994,4.600900903848991,0 -74.05961921399995,4.600898513848969,0 -74.05962687999994,4.60089376584899,0 -74.05963457899998,4.60088905984896,0 -74.05964230699993,4.60088439084894,0 -74.05964618499996,4.600882070848974,0 -74.05965006599996,4.600879759848973,0 -74.05965785199999,4.600875158848976,0 -74.05966957799995,4.600868328848956,0 -74.05968135299997,4.600861560848961,0 -74.05968923199998,4.600857086848984,0 -74.05970108099996,4.600850422848976,0 -74.05971296899997,4.600843813848946,0 -74.05972090799997,4.60083943384894,0 -74.05973284399994,4.600832902848948,0 -74.05974878699999,4.600824247848954,0 -74.05976475199998,4.600815647848957,0 -74.05977673299998,4.600809224848948,0 -74.05981663699998,4.600787906848955,0 -74.05983651799994,4.600777248848957,0 -74.05984444999996,4.600772971848995,0 -74.05985237499993,4.600768648848947,0 -74.05985633699999,4.600766468848983,0 -74.05986425799995,4.600762078848968,0 -74.05987613599996,4.600755417848978,0 -74.05988404999994,4.600750931848961,0 -74.05989196399997,4.60074642084897,0 -74.05990779599995,4.600737327848954,0 -74.05993949099997,4.600719003848961,0 -74.05995537299998,4.600709852848995,0 -74.05996332199999,4.600705291848973,0 -74.05997128199994,4.600700752848991,0 -74.05998323699998,4.600693989848948,0 -74.05999122199995,4.600689518848991,0 -74.05999921799997,4.60068508084898,0 -74.06000321899995,4.600682877848969,0 -74.06001123399994,4.600678502848963,0 -74.06001524599998,4.600676331848957,0 -74.06002328199997,4.600672029848981,0 -74.06003133299998,4.600667782848986,0 -74.06003940099998,4.600663591848969,0 -74.06004748399994,4.600659466848995,0 -74.06005153299998,4.600657431848973,0 -74.06005964199994,4.600653409848988,0 -74.06006777299996,4.600649465848974,0 -74.06007184599997,4.600647522848947,0 -74.06007592199995,4.600645600848975,0 -74.06008000499997,4.60064370084895,0 -74.06008818799995,4.600639965848994,0 -74.06009228599999,4.600638132848998,0 -74.06009639099995,4.600636320848949,0 -74.06010049999998,4.600634537848993,0 -74.06010461799997,4.600632776848966,0 -74.06010874099996,4.600631041848959,0 -74.06011286999995,4.600629332848954,0 -74.06011700599998,4.600627650848952,0 -74.06012114499998,4.600625993848963,0 -74.06012529399999,4.600624368848986,0 -74.06012944699995,4.600622768848967,0 -74.06013360699995,4.60062119884897,0 -74.06013777499999,4.600619658849003,0 -74.06014194899996,4.600618147848953,0 -74.06014612999996,4.600616670848997,0 -74.06015032099998,4.600615221848977,0 -74.06015451599995,4.600613802848969,0 -74.06015872099994,4.600612420848974,0 -74.06016292999993,4.600611069848993,0 -74.06016714699996,4.600609752848994,0 -74.06017137499998,4.600608470848967,0 -74.06017560799995,4.600607224848958,0 -74.06017984999994,4.600606013848979,0 -74.06018410099995,4.600604834848997,0 -74.06018835799995,4.600603697848967,0 -74.06019262399997,4.60060259384899,0 -74.06019689999994,4.600601532848955,0 -74.06020118499998,4.600600512849003,0 -74.06020548299995,4.600599532848956,0 -74.06020979199997,4.600598590848977,0 -74.06021410799997,4.600597691848986,0 -74.06021843699995,4.600596828848964,0 -74.06022277499994,4.600596002848949,0 -74.06022712299995,4.600595213848989,0 -74.06023147999997,4.600594463848966,0 -74.06023584599996,4.600593747848976,0 -74.06024022199995,4.600593065848972,0 -74.06024460499998,4.600592420848967,0 -74.06024899899995,4.600591808848963,0 -74.06025340099995,4.600591227848971,0 -74.06025781099999,4.600590679848963,0 -74.06026222999998,4.600590163848961,0 -74.06026665499996,4.60058967784899,0 -74.06027108799998,4.600589222848969,0 -74.06027552899997,4.600588794848953,0 -74.06027997799998,4.600588396848958,0 -74.06028443299994,4.600588027848988,0 -74.06028889699996,4.600587685848966,0 -74.06029336499995,4.600587369848953,0 -74.06029784199995,4.600587077848973,0 -74.06030232199998,4.600586814848968,0 -74.06030681099998,4.60058657184898,0 -74.06031130499997,4.600586355848992,0 -74.06031580399997,4.60058616184899,0 -74.06032031099994,4.600585990848986,0 -74.06032482099994,4.600585840848978,0 -74.06032933699998,4.600585712848967,0 -74.06033385699999,4.60058560084896,0 -74.06033838099995,4.600585512848981,0 -74.06034744699997,4.600585389848972,0 -74.06035198499995,4.600585354848954,0 -74.06035652599996,4.600585335848979,0 -74.06036562099996,4.600585345848981,0 -74.06037017399996,4.600585371848997,0 -74.06037929099995,4.60058546884899,0 -74.06038841499998,4.600585613848994,0 -74.06039298199994,4.600585704849001,0 -74.06039755099994,4.600585803848975,0 -74.06040669399994,4.600586032849001,0 -74.06042041699999,4.600586434848956,0 -74.06043415099998,4.600586891848952,0 -74.06047992199996,4.60058857384896,0 -74.06049819699996,4.600589200848974,0 -74.06051187599996,4.600589611848949,0 -74.06051643099994,4.600589735849001,0 -74.06052552899996,4.600589951848987,0 -74.06053007099996,4.600590047848998,0 -74.06053914899996,4.600590203848994,0 -74.06054820799994,4.600590309848951,0 -74.06055273199996,4.600590343848998,0 -74.06056176199996,4.600590366848982,0 -74.06057527699994,4.600590330848961,0 -74.06057977999996,4.600590358848952,0 -74.06058428799997,4.600590417848955,0 -74.06058879799997,4.600590501848969,0 -74.06059330699998,4.600590613848984,0 -74.06059781899995,4.600590749848968,0 -74.06060684499994,4.600591091848989,0 -74.06061136099999,4.600591293848959,0 -74.06062039099999,4.600591750848949,0 -74.06062942599993,4.600592272849005,0 -74.06063846499995,4.600592847849004,0 -74.06064750299998,4.600593462848981,0 -74.06066105799994,4.600594431848967,0 -74.06068364099997,4.600596083849005,0 -74.06069266999998,4.600596723848988,0 -74.06070169399999,4.600597331848994,0 -74.06071071099996,4.600597899848956,0 -74.06071521699994,4.600598163849,0 -74.06071972099994,4.600598411848995,0 -74.06072872399994,4.600598859848975,0 -74.06073771999996,4.600599231848962,0 -74.06074221199998,4.600599383848944,0 -74.06074670399994,4.600599511848957,0 -74.06075119299999,4.600599617848973,0 -74.06075567999994,4.600599694848952,0 -74.06076016299994,4.600599742848954,0 -74.06076464099993,4.600599761848982,0 -74.06076911999997,4.600599752848963,0 -74.06077359399995,4.600599708848971,0 -74.06077806599995,4.600599632848983,0 -74.06078253199996,4.600599516848964,0 -74.06078699499994,4.600599369848978,0 -74.06079145499996,4.600599179849,0 -74.06079591299994,4.600598950848974,0 -74.06080036399999,4.600598683848961,0 -74.06080481699996,4.600598367848947,0 -74.06080928599994,4.600597991848997,0 -74.06081376999998,4.600597551848993,0 -74.06081826699995,4.600597050848949,0 -74.06082277299998,4.600596488848982,0 -74.06082728699994,4.60059586184896,0 -74.06083180399997,4.600595174848949,0 -74.06083632199994,4.600594427848953,0 -74.06084083999997,4.600593618848977,0 -74.06084535099995,4.60059274684899,0 -74.06084985599995,4.600591817848982,0 -74.06085435199998,4.600590825848959,0 -74.06085883199995,4.600589772848955,0 -74.06086329699997,4.600588662848976,0 -74.06086774399995,4.600587490848982,0 -74.06087216999998,4.600586259848988,0 -74.06087657099994,4.600584969848986,0 -74.06088094199998,4.600583620848981,0 -74.06088528699996,4.600582211848992,0 -74.06088959499994,4.600580745848972,0 -74.06089387199995,4.600579220848964,0 -74.06089810499998,4.600577638848974,0 -74.06090229899996,4.600575997848999,0 -74.06090644899996,4.600574298849003,0 -74.06091054999996,4.600572542848983,0 -74.06091460299996,4.600570730848995,0 -74.06091860099997,4.600568858848948,0 -74.06092254299995,4.600566933848948,0 -74.06092642299996,4.600564934848948,0 -74.06093018699994,4.600562740848958,0 -74.06093382999995,4.600560328849005,0 -74.06093736299994,4.600557718848983,0 -74.06094079499996,4.600554930848966,0 -74.06094413499994,4.600551978848977,0 -74.06094739599996,4.600548884848955,0 -74.06095058199998,4.600545664848954,0 -74.06095370599996,4.600542337848954,0 -74.06095677699994,4.600538916848979,0 -74.06095980199996,4.600535427848986,0 -74.06096279299999,4.600531882848958,0 -74.06096576299996,4.60052830084898,0 -74.06097461099995,4.600517516848998,0 -74.06097757199996,4.600513969848992,0 -74.06098055599995,4.600510472848967,0 -74.06098357299999,4.600507050848949,0 -74.06098663099993,4.600503713848997,0 -74.06099586399995,4.600493805848961,0 -74.06100200699996,4.600487178848962,0 -74.06100811599998,4.600480517848973,0 -74.06101115299998,4.600477169848967,0 -74.06101417499997,4.600473808848976,0 -74.06101717799999,4.60047043484897,0 -74.06102016399996,4.600467042848964,0 -74.06102312399997,4.600463631849004,0 -74.06102606299999,4.600460202849,0 -74.06102897199997,4.600456750848956,0 -74.06103185199999,4.600453277848968,0 -74.06103470099998,4.600449778848959,0 -74.06103751499995,4.600446254848998,0 -74.06104029399995,4.600442702848985,0 -74.06104303199999,4.600439123848981,0 -74.06104573499994,4.600435513848955,0 -74.06104841099994,4.600431885848949,0 -74.06105106099994,4.600428236848999,0 -74.06105369099998,4.600424569848963,0 -74.06105629699994,4.600420885848982,0 -74.06105888299999,4.600417185849007,0 -74.06106145199993,4.600413470848959,0 -74.06106400399995,4.600409744848971,0 -74.06106906499997,4.600402258848952,0 -74.06107157799994,4.600398500848964,0 -74.06107657899997,4.600390961848995,0 -74.06109147699993,4.600368276848964,0 -74.06109895399999,4.600356955848979,0 -74.06110398099997,4.600349441848971,0 -74.06110905799994,4.60034196684895,0 -74.06111161799998,4.600338246848961,0 -74.06111419699994,4.600334541848976,0 -74.06111679099996,4.600330851849004,0 -74.06111940999995,4.600327175849002,0 -74.06112204899995,4.600323518848962,0 -74.06112471299997,4.600319880849007,0 -74.06112740199995,4.600316261848971,0 -74.06113011899998,4.600312666848962,0 -74.06113286399994,4.600309094848992,0 -74.06113563899999,4.600305547848985,0 -74.06113844799995,4.600302022848978,0 -74.06114974699994,4.600287942849005,0 -74.06115827199994,4.600277384848965,0 -74.06116685199999,4.600266847848979,0 -74.06117260199994,4.600259839848975,0 -74.06118128599996,4.600249364848959,0 -74.06118711499994,4.600242412848991,0 -74.06119297999999,4.600235490848974,0 -74.06119888099994,4.60022860184901,0 -74.06120184399998,4.600225172849009,0 -74.06120780699996,4.60021834484897,0 -74.06121380799993,4.600211559848987,0 -74.06121985799996,4.600204826848969,0 -74.06122595199997,4.600198147849005,0 -74.06123209799995,4.600191524849008,0 -74.06123518899994,4.600188236848994,0 -74.06123829399996,4.600184965848971,0 -74.06124141399994,4.600181710849003,0 -74.06124454599995,4.600178472848972,0 -74.06124769299998,4.600175251848984,0 -74.06125085099995,4.600172049848965,0 -74.06125402699996,4.600168865848992,0 -74.06126042399995,4.600162557848963,0 -74.06126364599999,4.600159434848964,0 -74.06126688499995,4.600156332848966,0 -74.06127013599996,4.600153252848965,0 -74.06127340599994,4.600150193848975,0 -74.06127669299997,4.600147156848982,0 -74.06128000899997,4.600144145848986,0 -74.06128337699994,4.600141160849009,0 -74.06128678799996,4.600138203849018,0 -74.06129024299997,4.600135279849015,0 -74.06129374099999,4.600132388849014,0 -74.06129728299999,4.600129534849011,0 -74.06130086399997,4.600126715848981,0 -74.06130448499994,4.600123936848981,0 -74.06130814499994,4.600121202849013,0 -74.06131184199995,4.600118508848969,0 -74.06131557399993,4.600115862848981,0 -74.06131933999995,4.60011326184898,0 -74.06132314099995,4.600110711849005,0 -74.06132697399994,4.60010821584897,0 -74.06133083699996,4.600105772848995,0 -74.06133472799996,4.600103384849002,0 -74.06133864799995,4.600101055848976,0 -74.06134259699996,4.600098787848968,0 -74.06134657099994,4.600096580849002,0 -74.06135056999995,4.600094438848977,0 -74.06135459199999,4.600092362848987,0 -74.06135863499998,4.600090355849009,0 -74.06136269899997,4.600088418848972,0 -74.06136678299998,4.600086554849023,0 -74.06137088599996,4.600084763848971,0 -74.06137500599993,4.60008304984897,0 -74.06137914199996,4.600081416849013,0 -74.06138329799995,4.600079828848984,0 -74.06138747699998,4.600078264848976,0 -74.06139168199996,4.600076724849014,0 -74.06139590999999,4.600075206848975,0 -74.06140015699998,4.600073715848996,0 -74.06140442799995,4.600072248848996,0 -74.06140871499997,4.600070807849003,0 -74.06141302399999,4.600069396848969,0 -74.06141734999994,4.600068010849022,0 -74.06142169099996,4.60006665784901,0 -74.06142604899998,4.600065332848975,0 -74.06143042199994,4.600064038849016,0 -74.06143480799994,4.600062778848981,0 -74.06143920799997,4.600061552848989,0 -74.06144362099997,4.600060359848984,0 -74.06144804399997,4.600059200848965,0 -74.06145247599994,4.600058078849007,0 -74.06145691799998,4.600056990848974,0 -74.06146136699994,4.600055943849024,0 -74.06146582399998,4.600054934849004,0 -74.06147028599997,4.600053966849011,0 -74.06147475599994,4.600053036849006,0 -74.06147922799994,4.600052148848961,0 -74.06148370399995,4.600051304848966,0 -74.06148818299994,4.600050502848977,0 -74.06149266199998,4.600049745848969,0 -74.06149714199995,4.600049033848999,0 -74.06150162199998,4.600048368848975,0 -74.06150609799994,4.600047748848997,0 -74.06151057299996,4.600047176848963,0 -74.06151504499996,4.600046657848999,0 -74.06151951299995,4.600046183849007,0 -74.06152397299996,4.600045762848969,0 -74.06152842799997,4.600045392849014,0 -74.06153287599994,4.600045076849007,0 -74.06153731599994,4.600044813849002,0 -74.06154174599999,4.600044606848972,0 -74.06154617699997,4.600044448848992,0 -74.06155062499994,4.600044340849002,0 -74.06155509399997,4.600044281849005,0 -74.06155957899995,4.600044268848968,0 -74.06156408199996,4.600044300848965,0 -74.06156859699996,4.600044385848976,0 -74.06157312299996,4.600044514848975,0 -74.06157766199993,4.600044691848985,0 -74.06158220899994,4.600044916848994,0 -74.06158676199993,4.600045190848999,0 -74.06159132099998,4.600045509848979,0 -74.06159588499997,4.600045879848983,0 -74.06160044899997,4.600046296849005,0 -74.06160501199997,4.600046758849008,0 -74.06160957599997,4.600047270848995,0 -74.06161413499996,4.600047831848975,0 -74.06161869299996,4.600048439848967,0 -74.06162323899997,4.600049094848975,0 -74.06162777799995,4.600049795849006,0 -74.06163230899995,4.600050545848974,0 -74.06163682699997,4.600051344848993,0 -74.06164133099998,4.60005219284901,0 -74.06164582099996,4.600053085849002,0 -74.06165029199997,4.600054028848979,0 -74.06165474799997,4.600055017848978,0 -74.06165917999994,4.600056056849021,0 -74.06166359199995,4.600057143849006,0 -74.06166798099997,4.600058275848974,0 -74.06167234299994,4.600059458848965,0 -74.06167667599993,4.600060687848985,0 -74.06168098399996,4.600061965848998,0 -74.06168525899994,4.60006328984898,0 -74.06168950199998,4.600064664848985,0 -74.06169370999999,4.600066086849012,0 -74.06169788599993,4.600067556848989,0 -74.06170202199996,4.600069071848997,0 -74.06170610499998,4.600070690848986,0 -74.06171012699997,4.600072459848982,0 -74.06171409099994,4.600074366848987,0 -74.06171799899994,4.600076405848978,0 -74.06172185699995,4.600078570848985,0 -74.06172566699996,4.600080842848998,0 -74.06172943599995,4.600083221848971,0 -74.06173316499996,4.600085696848994,0 -74.06173685799996,4.600088256848979,0 -74.06174052499995,4.600090893849001,0 -74.06174416099998,4.600093595848963,0 -74.06174777699994,4.600096356848979,0 -74.06175137399998,4.600099166848997,0 -74.06175495699995,4.600102016848983,0 -74.06175852899997,4.600104897848984,0 -74.06177279599996,4.600116546848967,0 -74.06177637699994,4.600119444849009,0 -74.06177997199995,4.600122316849002,0 -74.06178358499994,4.600125156848979,0 -74.06178721899994,4.600127953849013,0 -74.06179088099998,4.600130699848965,0 -74.06179457099995,4.600133383848998,0 -74.06179829699994,4.600135998848975,0 -74.06180205999993,4.600138533848996,0 -74.06180586499994,4.600140980848981,0 -74.06180971699996,4.600143332849004,0 -74.06181361699998,4.600145575848984,0 -74.06181757299998,4.600147706849019,0 -74.06182951799997,4.600153995849022,0 -74.06183751499998,4.600158185848978,0 -74.06184553699995,4.600162362848986,0 -74.06185358599998,4.600166522848984,0 -74.06186165799994,4.60017066384902,0 -74.06187381499996,4.600176815848984,0 -74.06187788199998,4.600178848848972,0 -74.06188602999998,4.600182885848968,0 -74.06189011099997,4.600184885848959,0 -74.06189829899995,4.600188847849012,0 -74.06190239799997,4.600190808848958,0 -74.06191061899995,4.600194688848971,0 -74.06191886599998,4.600198499848974,0 -74.06192713299998,4.600202242849012,0 -74.06193127699999,4.600204086849006,0 -74.06193542499994,4.600205909848987,0 -74.06193957799996,4.600207710848998,0 -74.06194373799997,4.600209492848961,0 -74.06194790399996,4.600211250849014,0 -74.06195207599995,4.60021298684896,0 -74.06195625299995,4.600214699848976,0 -74.06196043599994,4.600216386848988,0 -74.06196462599996,4.60021804884897,0 -74.06196881999995,4.600219687848978,0 -74.06197301999998,4.600221296849009,0 -74.06197722399997,4.600222879848987,0 -74.06198143499995,4.600224434848971,0 -74.06198565199998,4.600225960848974,0 -74.06198987199997,4.60022745684901,0 -74.06199409899995,4.600228921848981,0 -74.06199833399995,4.600230356848986,0 -74.06200256899996,4.600231760848965,0 -74.06200681599995,4.600233128849004,0 -74.06201106299994,4.600234466848998,0 -74.06201531499994,4.600235767849003,0 -74.06201957499997,4.600237036848995,0 -74.06202384999995,4.600238264848966,0 -74.06202816899997,4.600239453849011,0 -74.06203253699994,4.600240591848966,0 -74.06203694799996,4.600241685849003,0 -74.06204139899995,4.600242724848985,0 -74.06204588399999,4.600243712848995,0 -74.06205040499998,4.600244647848996,0 -74.06205494999995,4.600245521848964,0 -74.06205951899994,4.60024633884896,0 -74.06206411199997,4.600247095848972,0 -74.06206871899997,4.600247787848983,0 -74.06207334099997,4.600248414849004,0 -74.06207797199994,4.600248975848987,0 -74.06208260699998,4.600249464848981,0 -74.06208724599998,4.600249883848985,0 -74.06209188199995,4.600250225849003,0 -74.06209651299997,4.600250494849005,0 -74.06210113399999,4.600250683849002,0 -74.06210574399995,4.600250795849001,0 -74.06211033499994,4.600250821848957,0 -74.06211490599998,4.60025076584898,0 -74.06211945099994,4.600250621848965,0 -74.06212396799998,4.600250390848966,0 -74.06212845699997,4.600250066848989,0 -74.06213290899996,4.600249650849008,0 -74.06213731999998,4.600249140849003,0 -74.06214168699995,4.600248532849009,0 -74.06214600899995,4.60024782684897,0 -74.06215028099996,4.600247016849002,0 -74.06215449799998,4.600246105848981,0 -74.06215866599996,4.600245081849005,0 -74.06216282399998,4.600243904849009,0 -74.06216697499997,4.60024258184896,0 -74.06217111499996,4.600241114849019,0 -74.06217524099998,4.600239511848966,0 -74.06217935099994,4.600237776849011,0 -74.06218344199993,4.600235915848968,0 -74.06218751199998,4.600233935848992,0 -74.06219155999997,4.600231842849011,0 -74.06219557899993,4.600229639849009,0 -74.06219956999996,4.600227335848984,0 -74.06220352899999,4.600224934848967,0 -74.06220745499996,4.600222441849019,0 -74.06221134399993,4.600219864848975,0 -74.06221519299999,4.600217206849011,0 -74.06221899899998,4.600214476849006,0 -74.06222275999994,4.600211676849005,0 -74.06222647299995,4.60020881384898,0 -74.06223013699997,4.600205894848983,0 -74.06223374899997,4.600202925849004,0 -74.06223730599999,4.600199911848989,0 -74.06224080299995,4.600196856849011,0 -74.06224424199996,4.600193768848983,0 -74.06224761599998,4.600190653849018,0 -74.06225092299997,4.600187514849013,0 -74.06225416399997,4.600184360848994,0 -74.06225733299993,4.600181194848999,0 -74.06226043299995,4.600178010848965,0 -74.06226347699999,4.600174778848986,0 -74.06226647099999,4.600171492849002,0 -74.06226941699998,4.600168158848968,0 -74.06227231799994,4.600164778849012,0 -74.06227517399998,4.600161350848997,0 -74.06227798699996,4.600157882849006,0 -74.06228076399998,4.60015437284901,0 -74.06228350199996,4.600150827848979,0 -74.06228620799999,4.600147245849002,0 -74.06228888399994,4.600143631848968,0 -74.06229152699996,4.600139987848972,0 -74.06229414799998,4.600136315848975,0 -74.06229673899998,4.600132615848995,0 -74.06229931099995,4.600128894849012,0 -74.06230186499994,4.600125153849005,0 -74.06230692099996,4.600117614848979,0 -74.06230942999997,4.600113821848971,0 -74.06231442199999,4.600106206849006,0 -74.06232436299996,4.600090916848987,0 -74.06232935499997,4.60008328084897,0 -74.06233438199996,4.600075672848988,0 -74.06233691799997,4.600071884848979,0 -74.06233946899994,4.600068113849007,0 -74.06234203999998,4.600064359848974,0 -74.06234463299995,4.600060622848989,0 -74.06234725099995,4.600056908848987,0 -74.06234989499995,4.600053221848987,0 -74.06235256799994,4.600049557848964,0 -74.06235527399997,4.600045922848983,0 -74.06235801099996,4.600042319849005,0 -74.06236078599994,4.600038751848993,0 -74.06236359999997,4.60003521784902,0 -74.06236645599995,4.600031722848974,0 -74.06236935199996,4.600028270848991,0 -74.06238690699996,4.600007668848982,0 -74.06242204999995,4.599966323848989,0 -74.06243380699993,4.599952544849017,0 -74.06244264499998,4.599942225848998,0 -74.06245446799994,4.599928489848974,0 -74.06246336699996,4.599918213849024,0 -74.06247229499996,4.599907968849021,0 -74.06247826699996,4.599901154849008,0 -74.06248425599995,4.599894358849021,0 -74.06249026199998,4.599887578848987,0 -74.06249930599995,4.599877446848991,0 -74.06250536099998,4.599870717848987,0 -74.06251143799994,4.599864012849008,0 -74.06251753699996,4.599857332848996,0 -74.06252365799998,4.599850677849005,0 -74.06252980399995,4.599844048849016,0 -74.06253597599994,4.599837450849,0 -74.06254217699995,4.599830881848997,0 -74.06254840099996,4.599824343849023,0 -74.06255465699996,4.599817840849017,0 -74.06256094199995,4.599811370848998,0 -74.06256725599997,4.599804938848974,0 -74.06257360399997,4.599798542848976,0 -74.06257998299998,4.599792186849,0 -74.06258639799995,4.599785870849007,0 -74.06259284599997,4.599779597849005,0 -74.06259608399995,4.59977647684899,0 -74.06260258899994,4.599770267848994,0 -74.06260912899995,4.59976410684901,0 -74.06261570999999,4.599757991848993,0 -74.06262232899996,4.599751924848976,0 -74.06262565499998,4.599748912848995,0 -74.06262899099994,4.599745908848995,0 -74.06263233899995,4.599742922849022,0 -74.06263570199997,4.59973995684901,0 -74.06263908499994,4.599737009849026,0 -74.06264248499997,4.599734083848988,0 -74.06264590299998,4.599731174848995,0 -74.06264933699998,4.599728287849012,0 -74.06265278699993,4.599725418848999,0 -74.06265625099996,4.599722567849017,0 -74.06265973499995,4.599719733849028,0 -74.06266323099999,4.599716917849026,0 -74.06266674099999,4.599714119848997,0 -74.06267026699999,4.599711336848985,0 -74.06267380499997,4.599708570849023,0 -74.06267735899996,4.59970581784903,0 -74.06268092499994,4.599703083849008,0 -74.06268809599999,4.599697655849004,0 -74.06269531399994,4.599692283849032,0 -74.06269894199994,4.599689615848991,0 -74.06270622599999,4.599684320848999,0 -74.06271355299998,4.599679069848987,0 -74.06271722899999,4.599676462848988,0 -74.06272461099996,4.599671275848998,0 -74.06272831599995,4.599668695848999,0 -74.06273946999994,4.599661012849017,0 -74.06274694099994,4.599655929848993,0 -74.06275819199993,4.599648351848985,0 -74.06276571799998,4.599643328849023,0 -74.06277703399996,4.59963582984903,0 -74.06278837999997,4.599628356848987,0 -74.06281868099995,4.599608489848992,0 -74.06283381199995,4.599598530848984,0 -74.06284513199995,4.599591028849023,0 -74.06285641999995,4.599583485848988,0 -74.06286765799996,4.59957588684903,0 -74.06287512099993,4.599570788848997,0 -74.06287884299996,4.599568224849003,0 -74.06288255699997,4.599565654849005,0 -74.06288995999995,4.599560484848996,0 -74.06289733099999,4.599555276848991,0 -74.06290100299998,4.599552655849031,0 -74.06290466499996,4.59955002584899,0 -74.06291197399997,4.599544738849026,0 -74.06291926399996,4.599539421848977,0 -74.06292653799994,4.599534078848982,0 -74.06293741999997,4.599526020848989,0 -74.06294465799994,4.599520619848986,0 -74.06295188399997,4.599515199849006,0 -74.06296270199994,4.59950703884902,0 -74.06298069199994,4.599493374849033,0 -74.06302737399994,4.599457702849007,0 -74.06304535199996,4.599444028849004,0 -74.06305616199995,4.599435859848989,0 -74.06306337999996,4.599430431849044,0 -74.06307422799995,4.599422323849011,0 -74.06308147799996,4.599416946849033,0 -74.06309237599999,4.599408928849015,0 -74.06309966499998,4.599403612849017,0 -74.06310331599997,4.599400968849012,0 -74.06311063199996,4.599395700849015,0 -74.06311796899996,4.599390463849028,0 -74.06312164399998,4.599387859849004,0 -74.06313270799996,4.599380101849023,0 -74.06314011099994,4.599374978849029,0 -74.06314382499994,4.599372433849,0 -74.06315126899995,4.599367373849013,0 -74.06315874199998,4.599362362849041,0 -74.06316624499993,4.599357395849039,0 -74.06317000799999,4.599354931849006,0 -74.06317755699996,4.599350041848999,0 -74.06318134499998,4.599347617848992,0 -74.06318894299994,4.599342807849043,0 -74.06320040299994,4.599335672849013,0 -74.06320806699995,4.599330858849042,0 -74.06321190499995,4.599328426849006,0 -74.06321959199994,4.599323514849005,0 -74.06322729399994,4.599318548849002,0 -74.06323887099995,4.599311015849027,0 -74.06324661099995,4.599305949848993,0 -74.06327381899996,4.599288051848998,0 -74.06328945499996,4.599277803849023,0 -74.06330122699995,4.599270154849028,0 -74.06330909399998,4.599265086849019,0 -74.06331303499996,4.599262568849041,0 -74.06331697899998,4.599260055849013,0 -74.06332487999998,4.599255066849026,0 -74.06333279899997,4.599250126849029,0 -74.06333676699995,4.599247680849038,0 -74.06334471199995,4.599242832849033,0 -74.06334869299997,4.599240433848998,0 -74.06335666399997,4.599235693849038,0 -74.06336065799997,4.59923335484899,0 -74.06336465399994,4.599231033849044,0 -74.06336865699996,4.599228738849029,0 -74.06337266499997,4.599226464849049,0 -74.06337667599996,4.59922421484902,0 -74.06338068999997,4.599221991848998,0 -74.06338471299995,4.599219793848994,0 -74.06338873799996,4.59921762384903,0 -74.06339276599994,4.599215481849003,0 -74.06339680299999,4.599213366849031,0 -74.06340083999999,4.599211284848999,0 -74.06340488499995,4.599209233849029,0 -74.06340893299995,4.599207213849021,0 -74.06341298799998,4.599205226849004,0 -74.06341704699997,4.599203271849043,0 -74.06342110999998,4.599201353849032,0 -74.06342517899998,4.599199472849027,0 -74.06342925199993,4.599197625849006,0 -74.06343332899996,4.599195816849034,0 -74.06343741099994,4.599194048849032,0 -74.06344149999995,4.599192319849013,0 -74.06344559399997,4.599190630849031,0 -74.06344969299994,4.599188985849029,0 -74.06345379499999,4.599187380849005,0 -74.06345790199998,4.599185819849031,0 -74.06346201399998,4.599184303849039,0 -74.06346613399995,4.599182834848988,0 -74.06347025599996,4.599181409848995,0 -74.06347438599994,4.599180032849014,0 -74.06347852099998,4.599178704849011,0 -74.06348265699995,4.599177427849048,0 -74.06348680099995,4.599176199849015,0 -74.06349094999996,4.599175022849014,0 -74.06349510699994,4.599173898849024,0 -74.06349926699994,4.599172827849038,0 -74.06350343099996,4.59917181284903,0 -74.06350760199996,4.599170850849022,0 -74.06351177899995,4.599169946849039,0 -74.06351595899997,4.599169097849032,0 -74.06352014499998,4.599168308849018,0 -74.06352433999996,4.599167577849026,0 -74.06352855999995,4.599166899849024,0 -74.06353281499997,4.599166274849048,0 -74.06353709999996,4.599165700849033,0 -74.06354141199995,4.599165178849037,0 -74.06354575699999,4.599164708849008,0 -74.06355012699998,4.599164288849011,0 -74.06355452299994,4.599163918849013,0 -74.06355894399996,4.599163599849028,0 -74.06356338999996,4.599163329849038,0 -74.06356785899999,4.599163110849028,0 -74.06357234899997,4.599162938849027,0 -74.06357685799998,4.599162817848997,0 -74.06358138899998,4.599162742848997,0 -74.06358593699997,4.599162719849011,0 -74.06359050199995,4.599162740849015,0 -74.06359508199995,4.599162812848996,0 -74.06359967699996,4.599162928849018,0 -74.06360428699998,4.599163093849033,0 -74.06360890899998,4.599163304849021,0 -74.06361353999995,4.599163562849025,0 -74.06361818499994,4.59916386684904,0 -74.06362283599998,4.599164216849042,0 -74.06362749399995,4.59916460984903,0 -74.06363215899995,4.599165050849027,0 -74.06363683099994,4.599165534849029,0 -74.06364150499996,4.599166062849016,0 -74.06364618499998,4.599166634849044,0 -74.06365086599999,4.599167252849054,0 -74.06365554699994,4.599167911849012,0 -74.06366022899994,4.599168616849004,0 -74.06366490999994,4.599169361849023,0 -74.06366958699994,4.599170148849007,0 -74.06367425899998,4.599170979849025,0 -74.06367892899993,4.599171853849046,0 -74.06368359099997,4.599172765849014,0 -74.06368824499998,4.599173721849016,0 -74.06369289199995,4.599174717848999,0 -74.06369752899997,4.599175752849025,0 -74.06370215599998,4.599176827849029,0 -74.06370677199999,4.599177943849051,0 -74.06371137299993,4.599179102849009,0 -74.06371595899998,4.599180297848997,0 -74.06372053299998,4.599181531849018,0 -74.06372508899995,4.599182803849042,0 -74.06372962799998,4.599184115849031,0 -74.06373414499996,4.599185464849032,0 -74.06373864399995,4.59918685084904,0 -74.06374312199995,4.599188273849003,0 -74.06374757999998,4.599189735849001,0 -74.06375201099996,4.599191233849013,0 -74.06375642199998,4.59919276684901,0 -74.06376080299998,4.599194335849011,0 -74.06376515899996,4.599195942849017,0 -74.06376948399998,4.599197583848998,0 -74.06377378299999,4.599199259849004,0 -74.06377805299996,4.599200969848996,0 -74.06378228799997,4.599202715849011,0 -74.06378649199996,4.599204494849002,0 -74.06379066399995,4.59920630784899,0 -74.06379479799995,4.599208155849002,0 -74.06379889899995,4.59921003384904,0 -74.06380295999998,4.59921194784903,0 -74.06380698299995,4.599213891849002,0 -74.06381096799998,4.599215867849017,0 -74.06381491099995,4.599217876849025,0 -74.06381881199997,4.599219918849027,0 -74.06382267099997,4.599221989849012,0 -74.06382648499994,4.59922409184901,0 -74.06383025299994,4.599226225849016,0 -74.06383397399998,4.599228389849037,0 -74.06383765799995,4.599230593849036,0 -74.06384130899994,4.599232851849031,0 -74.06384492999996,4.599235166849052,0 -74.06384852299993,4.599237532849036,0 -74.06385208599994,4.599239948849006,0 -74.06385561799993,4.599242416848997,0 -74.06385912599995,4.599244931849007,0 -74.06386260499994,4.599247495849007,0 -74.06386605699998,4.59925010984904,0 -74.06386948299996,4.599252769848991,0 -74.06387288599996,4.599255471849009,0 -74.06387626099996,4.599258219848991,0 -74.06387961099995,4.599261010849035,0 -74.06388294199996,4.599263843849035,0 -74.06388624499994,4.59926671784899,0 -74.06388952899994,4.599269631849046,0 -74.06389278999995,4.599272584849021,0 -74.06389602899998,4.599275575848995,0 -74.06389924899997,4.599278602849045,0 -74.06390244599999,4.599281666849038,0 -74.06390562699994,4.599284764849018,0 -74.06390878699995,4.599287897849026,0 -74.06391193099995,4.599291063849023,0 -74.06391505499994,4.599294259848995,0 -74.06391816299998,4.599297487849016,0 -74.06392125599996,4.599300744849024,0 -74.06392433099995,4.599304030849003,0 -74.06392739099994,4.59930734484902,0 -74.06393043699995,4.599310684849001,0 -74.06393346899995,4.599314049848997,0 -74.06393648699998,4.59931743984902,0 -74.06393949499994,4.599320853849009,0 -74.06394248699996,4.599324289848996,0 -74.06394844099998,4.599331223848991,0 -74.06395140099994,4.599334720849018,0 -74.06395729499997,4.599341768848997,0 -74.06396315199999,4.59934888284903,0 -74.06396607099998,4.599352460848988,0 -74.06397188599993,4.599359653849035,0 -74.06397478699995,4.599363268849001,0 -74.06398056899997,4.59937052484901,0 -74.06398634099997,4.599377814848988,0 -74.06399210099994,4.599385125849043,0 -74.06400648599998,4.599403454849037,0 -74.06401513399999,4.599414440848985,0 -74.06402091399997,4.599421747849019,0 -74.06402671499995,4.59942902384904,0 -74.06403253699995,4.599436267848993,0 -74.06403838899996,4.599443467849019,0 -74.06404427299998,4.599450618849004,0 -74.06405019699997,4.599457708849005,0 -74.06405317399998,4.599461227849014,0 -74.06405616499995,4.599464728848996,0 -74.06405916399996,4.599468212848989,0 -74.06406217799997,4.599471674849035,0 -74.06406520299998,4.599475116849018,0 -74.06406824499999,4.599478537848995,0 -74.06407129799999,4.599481931849024,0 -74.06407436599994,4.599485303849005,0 -74.06407745199994,4.59948865384898,0 -74.06408055299994,4.599491971849027,0 -74.06408366999995,4.599495264848993,0 -74.06408680599998,4.599498530849018,0 -74.06409312799997,4.599504994849032,0 -74.06409629699994,4.599508316849038,0 -74.06409947099996,4.599511731849016,0 -74.06410264599998,4.599515240849023,0 -74.06410582099994,4.599518836849024,0 -74.06410899699995,4.599522517849038,0 -74.06411217799996,4.599526273848983,0 -74.06411535999996,4.599530098849013,0 -74.06411854299995,4.599533993849031,0 -74.06412172799998,4.599537949849033,0 -74.06412491799995,4.599541962848993,0 -74.06412810599994,4.599546025849003,0 -74.06413129899994,4.599550136849014,0 -74.06413449299998,4.599554287848995,0 -74.06413769099998,4.599558476849027,0 -74.06414409399997,4.599566938849013,0 -74.06416015699995,4.599588371848983,0 -74.06416660699995,4.59959694784902,0 -74.06417307299995,4.599605464848985,0 -74.06417955099994,4.599613879849008,0 -74.06418279899998,4.599618035848994,0 -74.06418604899994,4.599622152848999,0 -74.06418930299998,4.599626223849032,0 -74.06419256299995,4.599630244849027,0 -74.06419582599995,4.599634208849003,0 -74.06419909599998,4.599638112848986,0 -74.06420236799994,4.599641950848981,0 -74.06420564699994,4.599645714849021,0 -74.06420892999995,4.599649406849026,0 -74.06421221799997,4.599653014849017,0 -74.06421551099999,4.59965653784899,0 -74.06421880799996,4.599659967848987,0 -74.06422211299997,4.599663302849009,0 -74.06422542399997,4.599666533849006,0 -74.06422873799994,4.599669659849027,0 -74.06423206099998,4.599672673848993,0 -74.06423538499996,4.599675569849,0 -74.06423871699997,4.599678343848993,0 -74.06424205499997,4.599680989848981,0 -74.06424540199998,4.599683505849033,0 -74.06424875299996,4.599685879848995,0 -74.06425210999998,4.599688115848999,0 -74.06425547399994,4.599690201848992,0 -74.06425884299995,4.599692133849019,0 -74.06426222199997,4.599693909848997,0 -74.06426560499995,4.599695522848987,0 -74.06426899799999,4.599696967849004,0 -74.06427239399994,4.599698237848986,0 -74.06427579999996,4.599699330849028,0 -74.06427920999994,4.599700237848983,0 -74.06428262999998,4.599700958849031,0 -74.06428605699995,4.599701486849016,0 -74.06428948999996,4.599701812848978,0 -74.06429293099995,4.599701937849027,0 -74.06429638199995,4.599701850848972,0 -74.06429983799995,4.599701552848999,0 -74.06430330499995,4.599701055849029,0 -74.06430677599997,4.599700461848992,0 -74.06431025299997,4.59969978384901,0 -74.06431373799995,4.599699025849008,0 -74.06431722899998,4.599698185849023,0 -74.06432072499996,4.599697269848989,0 -74.06432422899996,4.599696274849,0 -74.06432773699999,4.599695203849013,0 -74.06433124899996,4.599694057849025,0 -74.06433476799998,4.599692838849016,0 -74.06433829199995,4.599691541849031,0 -74.06434182299995,4.59969017684903,0 -74.06434535899996,4.599688742849017,0 -74.06434889899998,4.599687237849015,0 -74.06435244399995,4.599685663849003,0 -74.06435599199995,4.599684022849022,0 -74.06435954699998,4.59968231884902,0 -74.06436310599997,4.599680547848997,0 -74.06436666899998,4.599678714848991,0 -74.06437023399997,4.599676819849027,0 -74.06437380699998,4.599674861848986,0 -74.06437738099999,4.599672844848999,0 -74.06438096099998,4.599670769848999,0 -74.06438454199997,4.599668636848994,0 -74.06438812799996,4.599666446849021,0 -74.06439171899996,4.599664202848985,0 -74.06439531299998,4.59966190584901,0 -74.06439890899998,4.599659554849027,0 -74.06440250799994,4.599657153849013,0 -74.06440611099998,4.599654700848978,0 -74.06440971499995,4.599652198849006,0 -74.06441332399999,4.599649647848978,0 -74.06441693399995,4.599647051848974,0 -74.06442054699994,4.599644409849009,0 -74.06442416299996,4.599641723848993,0 -74.06442777999996,4.599638995849019,0 -74.06443139799995,4.599636224848994,0 -74.06443501899997,4.599633410849025,0 -74.06443864199997,4.599630559848992,0 -74.06444226699995,4.599627667848996,0 -74.06444589299997,4.599624740849027,0 -74.06444952099997,4.599621776848994,0 -74.06445315199994,4.599618777848994,0 -74.06445678199998,4.599615746848993,0 -74.06446041199996,4.599612681848998,0 -74.06446404399998,4.599609584849007,0 -74.06446767699998,4.599606458848989,0 -74.06447131199997,4.599603303848986,0 -74.06447494599996,4.599600121848986,0 -74.06448221699998,4.59959367884902,0 -74.06448948699995,4.599587136849031,0 -74.06449312199999,4.599583832849014,0 -74.06450038899999,4.599577165849033,0 -74.06450765699998,4.599570424848986,0 -74.06451128799995,4.599567027848984,0 -74.06451492199994,4.599563618849,0 -74.06452218099997,4.599556762849024,0 -74.06453306099996,4.599546393849032,0 -74.06454392899997,4.59953595584902,0 -74.06458358999998,4.599497627849016,0 -74.06459076299996,4.59949073084902,0 -74.06459791999998,4.599483879849003,0 -74.06460505999996,4.59947708384902,0 -74.06461218499999,4.599470352849036,0 -74.06461574199994,4.599467013848994,0 -74.06461929299996,4.599463695849004,0 -74.06462638099998,4.599457124849027,0 -74.06463345099996,4.599450644849012,0 -74.06464049899995,4.599444266848987,0 -74.06464752299996,4.599438003848996,0 -74.06465452899994,4.59943186084899,0 -74.06465801999997,4.599428838849002,0 -74.06466150699998,4.599425849849007,0 -74.06466498799995,4.599422896849036,0 -74.06466846299998,4.599419979849013,0 -74.06468233399994,4.599408452848988,0 -74.06469620399997,4.599396892849028,0 -74.06470659799999,4.599388195849029,0 -74.06471698099995,4.599379472849019,0 -74.06472734699997,4.599370719848987,0 -74.06473424799998,4.599364868849019,0 -74.06474113999997,4.599359000849008,0 -74.06475145499996,4.599350168849012,0 -74.06475831199998,4.599344261849007,0 -74.06476515799994,4.59933833584904,0 -74.06477539699995,4.599329412848983,0 -74.06478559499999,4.599320445849003,0 -74.06479574999997,4.599311431849006,0 -74.06480249399993,4.599305394849014,0 -74.06480921499997,4.59929933784901,0 -74.06481591099998,4.599293254848988,0 -74.06482258199998,4.599287147848998,0 -74.06482922699996,4.599281016849035,0 -74.06483584499995,4.599274859849002,0 -74.06484243299997,4.599268674849039,0 -74.06484899299994,4.599262464849008,0 -74.06485551799994,4.599256226849038,0 -74.06486201299998,4.599249957848998,0 -74.06486847299993,4.599243660849027,0 -74.06487169099995,4.599240499849032,0 -74.06487809599997,4.599234156849037,0 -74.06488128499996,4.599230973848995,0 -74.06488763799996,4.599224583849042,0 -74.06489394799996,4.599218157849016,0 -74.06489708899994,4.599214934848987,0 -74.06490333899995,4.599208460849018,0 -74.06490954699996,4.59920195084903,0 -74.06491571199996,4.599195405849008,0 -74.06492183299997,4.599188825849014,0 -74.06492487499997,4.599185520849016,0 -74.06493395999996,4.59917555184905,0 -74.06493703899997,4.599172211849007,0 -74.06494015699997,4.599168861849027,0 -74.06494650299999,4.599162134848997,0 -74.06495297599997,4.599155371849009,0 -74.06495955299994,4.599148568848996,0 -74.06496621499997,4.599141728849027,0 -74.06498309199998,4.599124456849048,0 -74.06499326299996,4.599113972849018,0 -74.06500001899997,4.59910692984904,0 -74.06500337799997,4.599103392849044,0 -74.06501005599995,4.599096283849017,0 -74.06501336499997,4.599092715849008,0 -74.06501665499997,4.599089133849027,0 -74.06501991499994,4.599085542849036,0 -74.06502315199998,4.59908193784902,0 -74.06502635499999,4.599078322849051,0 -74.06502952699998,4.599074696849021,0 -74.06503266399994,4.599071060849051,0 -74.06503575899995,4.599067411849044,0 -74.06503881399993,4.599063750849051,0 -74.06504182499998,4.599060076849019,0 -74.06504478899996,4.599056392849048,0 -74.06504770399994,4.599052694849045,0 -74.06505056699996,4.599048988849019,0 -74.06505337399994,4.599045267849031,0 -74.06505612599994,4.599041532849023,0 -74.06505881499999,4.59903778984904,0 -74.06506144199994,4.599034031848997,0 -74.06506400299997,4.59903026184902,0 -74.06506649599999,4.599026478849011,0 -74.06506891599997,4.599022684849004,0 -74.06507126299994,4.599018875849039,0 -74.06507353599994,4.599015051849006,0 -74.06507572699996,4.599011221849039,0 -74.06507783499995,4.599007372849039,0 -74.06507986099996,4.599003512849047,0 -74.06508179799994,4.598999639849024,0 -74.06508364599995,4.598995751849049,0 -74.06508539899994,4.598991852849009,0 -74.06508705899995,4.598987937849028,0 -74.06508861899994,4.598984010849007,0 -74.06509007999995,4.598980069849017,0 -74.06509143599999,4.598976114849003,0 -74.06509268599996,4.598972146849023,0 -74.06509382599995,4.598968163849017,0 -74.06509485499998,4.598964168849035,0 -74.06509576799994,4.598960155849013,0 -74.06509656699996,4.598956130849,0 -74.06509724399996,4.598952090849034,0 -74.06509779999999,4.598948035848999,0 -74.06509823599998,4.598943970849021,0 -74.06509858499999,4.598939889849039,0 -74.06509885799994,4.598935797849047,0 -74.06509905099995,4.598931692849029,0 -74.06509916999994,4.598927577849017,0 -74.06509921199995,4.598923452849033,0 -74.06509918199998,4.598919314849024,0 -74.06509908099997,4.598915164849035,0 -74.06509890899997,4.598911004849031,0 -74.06509866899995,4.598906834849017,0 -74.06509836399994,4.598902652849021,0 -74.06509798899998,4.598898461849004,0 -74.06509755499997,4.598894260849039,0 -74.06509705699995,4.598890049849008,0 -74.06509649699996,4.598885830849058,0 -74.06509587999994,4.598881600849052,0 -74.06509520499998,4.598877361849038,0 -74.06509447299999,4.598873112849002,0 -74.06509368299999,4.598868854849019,0 -74.06509284499998,4.598864590849027,0 -74.06509195299998,4.598860315849054,0 -74.06509101299997,4.598856032849041,0 -74.06509002099995,4.598851741849006,0 -74.06508898699997,4.598847441849003,0 -74.06508790299995,4.598843134849016,0 -74.06508677599999,4.598838818849022,0 -74.06508560899994,4.598834498849006,0 -74.06508439999999,4.598830168849036,0 -74.06508314999996,4.598825831849031,0 -74.06508186399998,4.59882149084901,0 -74.06508053999994,4.598817139849034,0 -74.06507918199998,4.59881278484905,0 -74.06507779199995,4.598808422849024,0 -74.06507637099998,4.59880405284902,0 -74.06507491799994,4.598799679849052,0 -74.06507343699997,4.598795297849008,0 -74.06507192999999,4.59879091284906,0 -74.06506883799995,4.59878212284902,0 -74.06506725899999,4.598777723849043,0 -74.06506403699996,4.598768907849058,0 -74.06506074499998,4.598760071849052,0 -74.06505739299996,4.598751221849019,0 -74.06505399499997,4.598742355849047,0 -74.06505056199995,4.598733476849041,0 -74.06504017799995,4.598706778849039,0 -74.06503672899998,4.598697861849039,0 -74.06503330799995,4.598688936849006,0 -74.06502992399999,4.598680011849035,0 -74.06502659199998,4.598671083849029,0 -74.06502332499997,4.598662152849009,0 -74.06502171999995,4.598657686849062,0 -74.06501856799997,4.598648758849063,0 -74.06501702899999,4.598644293849042,0 -74.06501551299993,4.598639829849015,0 -74.06501402399994,4.598635367849019,0 -74.06501256499996,4.598630908849055,0 -74.06501113399997,4.598626448849046,0 -74.06500973399994,4.598621989849017,0 -74.06500836699996,4.598617534849072,0 -74.06500703499995,4.598613079849056,0 -74.06500573699998,4.598608627849014,0 -74.06500447799993,4.598604177849062,0 -74.06500325699994,4.598599731849012,0 -74.06500207699997,4.59859528684902,0 -74.06500093699998,4.598590844849035,0 -74.06499984299995,4.59858640784906,0 -74.06499879399996,4.598581970849036,0 -74.06499779199999,4.598577538849066,0 -74.06499683499999,4.598573111849041,0 -74.06499592899996,4.598568687849048,0 -74.06499505799997,4.598564258849049,0 -74.06499421299998,4.598559823849062,0 -74.06499338999998,4.598555380849034,0 -74.06499258699995,4.598550932849061,0 -74.06499180799995,4.598546475849018,0 -74.06499105299997,4.598542014849011,0 -74.06498959999993,4.598533069849022,0 -74.06498890399996,4.598528587849011,0 -74.06498822999998,4.598524100849062,0 -74.06498757099996,4.598519606849071,0 -74.06498630999994,4.598510604849054,0 -74.06498511499996,4.598501580849046,0 -74.06498398499997,4.598492538849056,0 -74.06498344199997,4.598488010849022,0 -74.06498291199995,4.598483477849046,0 -74.06498189599995,4.598474404849044,0 -74.06498092599998,4.598465313849057,0 -74.06498000199997,4.598456211849028,0 -74.06497955699996,4.598451656849049,0 -74.06497869199995,4.598442537849023,0 -74.06497745599995,4.598428845849042,0 -74.06497627799996,4.598415138849052,0 -74.06497551899997,4.598405996849046,0 -74.06497440699997,4.598392275849025,0 -74.06497148499994,4.598355706849055,0 -74.06496997899995,4.59833744984903,0 -74.06496919799997,4.598328333849038,0 -74.06496839399995,4.598319229849074,0 -74.06496713299998,4.59830559984906,0 -74.06496624599998,4.598296530849074,0 -74.06496532199998,4.598287476849044,0 -74.06496434999997,4.598278442849029,0 -74.06496384599996,4.598273931849047,0 -74.06496279999999,4.598264924849025,0 -74.06496169599995,4.598255940849049,0 -74.06496052999995,4.598246980849049,0 -74.06495992199996,4.598242509849042,0 -74.06495929999994,4.598238045849065,0 -74.06495865699998,4.598233586849043,0 -74.06495799799995,4.598229136849033,0 -74.06495731899997,4.598224690849038,0 -74.06495662299994,4.598220254849062,0 -74.06495590299994,4.598215824849077,0 -74.06495516599995,4.598211402849052,0 -74.06495440499998,4.598206989849058,0 -74.06495362399994,4.598202584849036,0 -74.06495282299994,4.598198183849072,0 -74.06495199499994,4.598193796849028,0 -74.06495114599994,4.598189413849048,0 -74.06495027399995,4.598185042849058,0 -74.06494937499997,4.59818068084903,0 -74.06494845299994,4.598176324849056,0 -74.06494750299998,4.598171981849058,0 -74.06494652799995,4.598167646849039,0 -74.06494552799995,4.598163319849027,0 -74.06494449699994,4.598159005849067,0 -74.06494344199996,4.598154698849086,0 -74.06494235599996,4.59815040384903,0 -74.06494124099999,4.598146120849081,0 -74.06494009699998,4.598141846849032,0 -74.06493892099996,4.598137583849038,0 -74.06493771599997,4.598133332849031,0 -74.06493647799994,4.598129092849073,0 -74.06493520999999,4.598124865849042,0 -74.06493390899993,4.598120646849037,0 -74.06493257199998,4.598116441849057,0 -74.06493120299996,4.598112247849073,0 -74.06492977899995,4.59810807784906,0 -74.06492826399995,4.598103939849056,0 -74.06492666199995,4.598099836849068,0 -74.06492497699998,4.598095765849033,0 -74.06492320899997,4.598091727849052,0 -74.06492135899998,4.598087719849033,0 -74.06491943599997,4.59808374184904,0 -74.06491743799995,4.598079790849047,0 -74.06491536699997,4.598075868849079,0 -74.06491322699998,4.598071973849057,0 -74.06491102199993,4.598068103849062,0 -74.06490874999997,4.598064259849065,0 -74.06490641899995,4.598060438849061,0 -74.06490402999998,4.59805663884906,0 -74.06490158399998,4.598052861849043,0 -74.06489908499998,4.598049105849082,0 -74.06489653399996,4.598045370849079,0 -74.06489393599998,4.598041651849075,0 -74.06489129099998,4.598037950849046,0 -74.06488860599995,4.598034266849067,0 -74.06488587799998,4.598030598849037,0 -74.06488311299995,4.598026943849037,0 -74.06488031099997,4.598023303849053,0 -74.06487747699998,4.598019676849034,0 -74.06487461299997,4.598016059849029,0 -74.06487172499999,4.598012453849081,0 -74.06486880799997,4.598008857849076,0 -74.06486587099994,4.598005270849044,0 -74.06485993799998,4.597998115849056,0 -74.06485694899999,4.597994548849035,0 -74.06485093799995,4.597987424849048,0 -74.06483282899995,4.597966074849058,0 -74.06482683299998,4.597958938849031,0 -74.06482089799994,4.597951781849066,0 -74.06481795699995,4.597948191849063,0 -74.06481503899994,4.59794459384908,0 -74.06481214299998,4.597940984849055,0 -74.06480927699994,4.597937364849077,0 -74.06480643899994,4.597933734849038,0 -74.06480363499998,4.597930091849085,0 -74.06480086599998,4.597926432849068,0 -74.06479813099998,4.597922759849089,0 -74.06479543999995,4.597919072849089,0 -74.06479279099995,4.597915366849054,0 -74.06479018499994,4.597911643849034,0 -74.06478762799998,4.597907900849054,0 -74.06478512299998,4.597904140849086,0 -74.06478267099999,4.597900356849089,0 -74.06478027299994,4.597896551849077,0 -74.06477793199997,4.597892724849082,0 -74.06477565599994,4.597888873849048,0 -74.06477344199999,4.597884997849049,0 -74.06477129299998,4.597881094849066,0 -74.06476921299998,4.597877165849056,0 -74.06476720499995,4.597873208849072,0 -74.06476526999995,4.597869222849051,0 -74.06476341199993,4.597865206849051,0 -74.06476163499997,4.597861157849074,0 -74.06475993799995,4.59785708084905,0 -74.06475832499996,4.597852967849057,0 -74.06475679099998,4.597848820849084,0 -74.06475221999995,4.59783621584909,0 -74.06474915999996,4.597827677849057,0 -74.06474609699995,4.597819046849049,0 -74.06474303499994,4.597810321849057,0 -74.06473998299998,4.597801509849089,0 -74.06473694699997,4.597792617849044,0 -74.06473543799996,4.597788142849072,0 -74.06473393199997,4.59778365184905,0 -74.06473094699999,4.597774615849049,0 -74.06472946399998,4.597770075849089,0 -74.06472652999997,4.59776094784905,0 -74.06472363899996,4.597751765849065,0 -74.06472221199994,4.597747157849078,0 -74.06471939799997,4.597737906849084,0 -74.06471801199996,4.597733265849054,0 -74.06471664199995,4.597728615849061,0 -74.06471395199998,4.597719290849053,0 -74.06471263099996,4.597714618849062,0 -74.06471133099996,4.597709938849052,0 -74.06471004999997,4.597705252849084,0 -74.06470754699995,4.597695871849055,0 -74.06470513099998,4.59768647684905,0 -74.06470395699995,4.597681772849056,0 -74.06470280999997,4.59767707184909,0 -74.06470168599998,4.597672367849098,0 -74.06470058599996,4.597667666849075,0 -74.06469951099996,4.597662962849087,0 -74.06469846599998,4.597658264849084,0 -74.06469744699996,4.597653567849073,0 -74.06469645699997,4.597648875849078,0 -74.06469549699995,4.597644183849062,0 -74.06469456599996,4.597639500849085,0 -74.06469366599998,4.597634820849066,0 -74.06469279799995,4.597630146849094,0 -74.06469196399996,4.597625480849049,0 -74.06469116199997,4.597620822849077,0 -74.06469039099994,4.597616170849053,0 -74.06468965899995,4.597611528849088,0 -74.06468896099994,4.597606898849055,0 -74.06468829999994,4.597602276849044,0 -74.06468767499996,4.597597667849073,0 -74.06468708799997,4.597593071849075,0 -74.06468653999997,4.597588485849089,0 -74.06468603099995,4.597583914849053,0 -74.06468556099998,4.597579357849098,0 -74.06468513399994,4.597574814849056,0 -74.06468474799993,4.597570288849056,0 -74.06468440499998,4.597565778849061,0 -74.06468410299993,4.597561284849062,0 -74.06468384499993,4.597556811849078,0 -74.06468363299996,4.597552354849089,0 -74.06468346799994,4.597547915849082,0 -74.06468334899995,4.597543500849103,0 -74.06468327499994,4.597539103849043,0 -74.06468325099996,4.597534727849056,0 -74.06468327399995,4.597530374849105,0 -74.06468334599998,4.597526045849063,0 -74.06468347099997,4.597521740849066,0 -74.06468364399996,4.597517456849066,0 -74.06468387199999,4.597513201849098,0 -74.06468414799997,4.597508972849085,0 -74.06468448099997,4.597504767849045,0 -74.06468486699998,4.597500592849088,0 -74.06468530799998,4.597496443849087,0 -74.06468580399996,4.5974923248491,0 -74.06468635699997,4.597488233849058,0 -74.06468696499996,4.597484173849068,0 -74.06468763499998,4.597480145849086,0 -74.06468835899994,4.59747614784908,0 -74.06468914599998,4.597472183849055,0 -74.06468998999998,4.59746825184908,0 -74.06469089699993,4.597464354849087,0 -74.06469186699996,4.597460491849067,0 -74.06469290399997,4.597456661849097,0 -74.06469405599995,4.597452830849078,0 -74.06469532599993,4.597449001849107,0 -74.06469671299999,4.597445170849085,0 -74.06469821599995,4.59744134184905,0 -74.06469982799996,4.597437516849087,0 -74.06470154999994,4.597433693849103,0 -74.06470337999997,4.597429876849061,0 -74.06470531499997,4.597426064849064,0 -74.06470735399995,4.597422262849087,0 -74.06470949299995,4.597418468849075,0 -74.06471172799996,4.597414684849078,0 -74.06471405999997,4.597410912849058,0 -74.06471648599995,4.597407152849093,0 -74.06471900299994,4.597403408849069,0 -74.06472160699997,4.597399679849051,0 -74.06472429899998,4.597395965849056,0 -74.06472707399996,4.597392269849088,0 -74.06472992899995,4.597388593849086,0 -74.06473286399995,4.597384937849087,0 -74.06473587699998,4.597381304849084,0 -74.06473896299997,4.597377692849085,0 -74.06474212299997,4.597374106849099,0 -74.06474535199999,4.597370545849065,0 -74.06474864799998,4.597367012849084,0 -74.06475200799997,4.5973635068491,0 -74.06475543399995,4.597360028849102,0 -74.06475891599996,4.5973565838491,0 -74.06476245799996,4.597353170849096,0 -74.06476605899996,4.59734979084909,0 -74.06476970999995,4.597346445849104,0 -74.06477341199997,4.597343133849066,0 -74.06477716399996,4.597339858849073,0 -74.06478096099994,4.597336625849103,0 -74.06478480299995,4.597333429849077,0 -74.06478868699998,4.597330275849072,0 -74.06479260999998,4.597327163849071,0 -74.06479657099999,4.597324093849078,0 -74.06480056199996,4.597321069849052,0 -74.06480458999994,4.5973180928491,0 -74.06480864699995,4.597315163849097,0 -74.06481272999997,4.597312279849076,0 -74.06481683799996,4.597309447849063,0 -74.06482097099996,4.59730666684909,0 -74.06482512499997,4.597303936849085,0 -74.06482929499998,4.597301261849061,0 -74.06483348099994,4.597298643849072,0 -74.06483767999998,4.5972960768491,0 -74.06484189199995,4.597293572849089,0 -74.06484611199994,4.597291124849057,0 -74.06485033999996,4.597288736849084,0 -74.06485456999997,4.59728640884908,0 -74.06485880099996,4.597284146849072,0 -74.06486303299994,4.597281946849091,0 -74.06486726099996,4.597279810849054,0 -74.06487148499997,4.597277742849104,0 -74.06487570099995,4.59727574384909,0 -74.06487990499994,4.597273811849057,0 -74.06488410099996,4.597271949849087,0 -74.06488827799996,4.597270158849092,0 -74.06489243999994,4.597268442849114,0 -74.06489658199996,4.597266800849082,0 -74.06490070399997,4.597265231849075,0 -74.06490479899998,4.59726374184909,0 -74.06490886999995,4.597262327849085,0 -74.06491291299994,4.597260993849099,0 -74.06491692099996,4.597259739849062,0 -74.06492093199995,4.597258557849062,0 -74.06492496799996,4.597257437849084,0 -74.06492902799994,4.597256381849105,0 -74.06493311499997,4.5972553818491,0 -74.06493722799996,4.597254445849051,0 -74.06494136299995,4.597253564849109,0 -74.06494552299995,4.597252741849056,0 -74.06494970399996,4.597251975849092,0 -74.06495391099998,4.597251263849054,0 -74.06495813699996,4.59725060584908,0 -74.06496238499994,4.597250000849057,0 -74.06496665699996,4.597249450849072,0 -74.06497094599996,4.597248948849094,0 -74.06497525599997,4.597248498849078,0 -74.06497958399996,4.597248096849071,0 -74.06498393399994,4.597247743849106,0 -74.06498829999998,4.597247435849066,0 -74.06499268399995,4.597247174849099,0 -74.06499708599995,4.597246957849063,0 -74.06500150499994,4.597246784849074,0 -74.06500593999993,4.597246655849074,0 -74.06501038799996,4.597246567849097,0 -74.06501485399997,4.597246520849083,0 -74.06501933299995,4.597246512849105,0 -74.06502382899998,4.597246543849067,0 -74.06502833399998,4.597246611849082,0 -74.06503285499997,4.597246718849089,0 -74.06503738799995,4.597246859849078,0 -74.06504193299997,4.597247034849108,0 -74.06504648799995,4.597247243849106,0 -74.06505105299993,4.597247486849094,0 -74.06505563099995,4.597247760849093,0 -74.06506021799999,4.597248063849075,0 -74.06506481399998,4.597248395849088,0 -74.06506941999999,4.59724875784907,0 -74.06507403199998,4.597249146849107,0 -74.06507865299994,4.597249560849108,0 -74.06508327899996,4.597250001849106,0 -74.06508791399995,4.597250467849066,0 -74.06509255399999,4.597250956849062,0 -74.06509719899998,4.597251465849075,0 -74.06510184999996,4.597251996849096,0 -74.06511116299998,4.597253119849101,0 -74.06512049099996,4.597254312849097,0 -74.06512515899993,4.597254935849106,0 -74.06513449499994,4.597256221849086,0 -74.06513916499995,4.597256885849057,0 -74.06514844999998,4.59725823984907,0 -74.06525392999998,4.597193218849116,0 -74.06518619199994,4.597143854849106,0 -74.06515718799994,4.597118360849108,0 -74.06514629299994,4.597081929849103,0 -74.06515719799995,4.597038089849105,0 -74.06518260499996,4.59700184384907,0 -74.06520801099998,4.596979971849085,0 -74.06526971999995,4.596969130849081,0 -74.06532412899998,4.596979984849122,0 -74.06537493299999,4.597001865849073,0 -74.06548381799996,4.597092640849117,0 -74.06552724999995,4.597125724849111,0 -74.06556355099997,4.597151129849074,0 -74.06561075199994,4.597176626849103,0 -74.06570866799996,4.597216682849092,0 -74.06574496999997,4.597231330849085,0 -74.06579577699995,4.597231335849087,0 -74.06584658399998,4.597234957849089,0 -74.06588649099996,4.597234962849097,0 -74.06594450699998,4.597213093849074,0 -74.06600261399996,4.597187608849104,0 -74.06605342599994,4.597136631849095,0 -74.06610424099995,4.597071100849076,0 -74.06641996799993,4.596397604849113,0 -74.06641997199995,4.59636479084911,0 -74.06641267999998,4.596324744849119,0 -74.06639817999996,4.596292020849139,0 -74.06636557399997,4.596255677849103,0 -74.06593744399999,4.595935116849149,0 -74.06591564499996,4.595927837849101,0 -74.06589024499993,4.595895066849149,0 -74.06585394999996,4.595814908849153,0 -74.06557828199993,4.595134023849166,0 -74.06556017899999,4.595104923849155,0 -74.06555657999996,4.595061207849164,0 -74.06555289099998,4.595024769849174,0 -74.06555298699993,4.594973849849136,0 -74.06556749499998,4.594930136849172,0 -74.06560019999995,4.594893702849132,0 -74.06567641599997,4.594835451849161,0 -74.06575623199996,4.594817308849175,0 -74.06583595699993,4.594810113849159,0 -74.06588324999996,4.594810118849156,0 -74.06593036599998,4.594791900849183,0 -74.06597396799998,4.594770011849141,0 -74.06599937499993,4.594744595849169,0 -74.06603929499994,4.594624402849187,0 -74.06604110199999,4.59457892484919,0 -74.06603021199999,4.594487895849154,0 -74.06601211699996,4.5943859108492,0 -74.06600852999998,4.594240292849168,0 -74.06607385799998,4.59407645984919,0 -74.06616819199996,4.593923503849177,0 -74.06620450299994,4.59385797184917,0 -74.06622621999998,4.593796107849199,0 -74.06622622799995,4.593723303849186,0 -74.06621535399995,4.593493925849224,0 -74.06612466599995,4.593264538849236,0 -74.06576007899997,4.592654611849234,0 -74.06583272199998,4.592330535849217,0 -74.06576381499997,4.592279608849255,0 -74.06564770099999,4.592254104849244,0 -74.06551709499996,4.592126623849255,0 -74.06514326699994,4.591988231849268,0 -74.06508896899999,4.591798893849239,0 -74.06520694599999,4.591276451849272,0 -74.06509083699996,4.59121449984927,0 -74.06493482399998,4.591119847849297,0 -74.06477502699994,4.591036005849265,0 -74.06462990999995,4.590981327849293,0 -74.06452118499993,4.590941269849271,0 -74.06444506899999,4.590904895849283,0 -74.06409663499994,4.590861140849302,0 -74.06397334899998,4.59054072184932,0 -74.06395516299995,4.590442414849292,0 -74.06388618799997,4.590202082849331,0 -74.06384459299994,4.590000027849291,0 -74.06382649599993,4.589912595849307,0 -74.06390279999994,4.589093400849373,0 -74.06394635499998,4.588707464849343,0 -74.06396627799995,4.588578228849378,0 -74.06481900299997,4.588527407849378,0 -74.06522533199995,4.588807822849331,0 -74.06525451899995,4.58801411384937,0 -74.06546134199994,4.588065056849386,0 -74.06564637299994,4.588050533849384,0 -74.06570798199994,4.588112469849382,0 -74.06611361099993,4.588219434849373,0 -74.06602577899997,4.5881345758494,0 -74.06598716099995,4.588097333849385,0 -74.06480676399997,4.586957503849427,0 -74.06464548299994,4.586799080849415,0 -74.06460588999994,4.586759322849401,0 -74.06457922799996,4.586734171849415,0 -74.06454130799995,4.586695260849423,0 -74.06444646199998,4.586602097849451,0 -74.06446736399994,4.586573282849447,0 -74.06448781799998,4.586532119849451,0 -74.06451794299994,4.586491854849458,0 -74.06456345999999,4.586401432849436,0 -74.06459602299998,4.586299995849423,0 -74.06476921599995,4.586060776849461,0 -74.06480514299994,4.586006038849436,0 -74.06498869199999,4.585579359849468,0 -74.06497998499998,4.585312974849448,0 -74.06498602399995,4.585278579849451,0 -74.06505119599996,4.584903664849506,0 -74.06512683999995,4.584327686849488,0 -74.06528888399998,4.584119731849501,0 -74.06529968699994,4.584095426849489,0 -74.06531485999994,4.584060992849504,0 -74.06540284099998,4.584040213849494,0 -74.06539687799994,4.584022656849507,0 -74.06563403499996,4.583964565849491,0 -74.06560375699996,4.583780198849516,0 -74.06559185699996,4.583725143849504,0 -74.06558067799995,4.583679706849519,0 -74.06553087399993,4.583593683849528,0 -74.06556762099996,4.583535018849549,0 -74.06557222699996,4.583522199849545,0 -74.06559718599993,4.583502143849503,0 -74.06562793599994,4.583470935849509,0 -74.06563112199996,4.583468351849551,0 -74.06560444199994,4.583427175849533,0 -74.06552845999994,4.58327812384955,0 -74.06543679899994,4.583084413849536,0 -74.06543780799996,4.582982403849563,0 -74.06534973699996,4.582746957849539,0 -74.06534867499994,4.582692317849568,0 -74.06534289699994,4.582553544849563,0 -74.06528327499996,4.582486088849559,0 -74.06517173199995,4.582464896849545,0 -74.06494723499998,4.582228817849562,0 -74.06491162099996,4.582211147849579,0 -74.06486839399997,4.582249905849597,0 -74.06481826999999,4.582291612849581,0 -74.06478082899997,4.582301518849572,0 -74.06463486599995,4.582215681849549,0 -74.06440473299995,4.582192240849559,0 -74.06400785099999,4.58219542584958,0 -74.06383997799998,4.582211375849557,0 -74.06379425899996,4.58222407584957,0 -74.06374973999993,4.582233477849557,0 -74.06369701799997,4.582241698849588,0 -74.06364136799994,4.58223875384958,0 -74.06359619199998,4.582223391849583,0 -74.06355079999997,4.582192931849578,0 -74.06350088999994,4.582157821849582,0 -74.06346224499998,4.582136638849582,0 -74.06342143099994,4.58210623884957,0 -74.06339441099993,4.582071427849599,0 -74.06336982599998,4.582025156849564,0 -74.06334301499999,4.581974266849554,0 -74.06328017599998,4.581876955849568,0 -74.06324860599995,4.581839786849569,0 -74.06320095499996,4.581806999849566,0 -74.06319818299994,4.581803942849604,0 -74.06315190899994,4.581766845849592,0 -74.06305935999995,4.581664830849608,0 -74.06299239499998,4.581600449849598,0 -74.06274426899995,4.581388454849576,0 -74.06245454199995,4.581392217849627,0 -74.06227616299998,4.581005577849599,0 -74.06224658299993,4.580784589849632,0 -74.06203976199998,4.580494962849619,0 -74.06190611899996,4.580379223849651,0 -74.06182300299997,4.580358345849611,0 -74.06163253299997,4.580220108849622,0 -74.06140454599995,4.580101944849622,0 -74.06134889199996,4.579916149849626,0 -74.06132744599995,4.579838955849665,0 -74.06129236899994,4.579763216849654,0 -74.06126457099998,4.579714052849639,0 -74.06121342799997,4.579646804849644,0 -74.06117264499994,4.579614111849665,0 -74.06112957199997,4.579581384849652,0 -74.06108875899997,4.579550985849681,0 -74.06105023299995,4.579520616849683,0 -74.06101399699998,4.579490276849666,0 -74.06095962799998,4.579445917849648,0 -74.06091652499998,4.579415488849659,0 -74.06087571099994,4.579385089849694,0 -74.06083486699998,4.579356986849654,0 -74.06076899199996,4.579317072849645,0 -74.06070992699995,4.579281838849647,0 -74.06064857099994,4.579246575849683,0 -74.06059625299997,4.579220620849671,0 -74.06053260899995,4.579185329849652,0 -74.06043709799997,4.579135835849656,0 -74.06038477799996,4.579109881849701,0 -74.06034158599994,4.579086343849698,0 -74.06028014199995,4.579057971849674,0 -74.06023008299996,4.579034343849659,0 -74.06016863699995,4.579005972849677,0 -74.06012083699994,4.578984672849667,0 -74.06006854899994,4.578956419849684,0 -74.06001622999997,4.57893046484967,0 -74.05997529699994,4.578909253849684,0 -74.05992068799998,4.578883267849656,0 -74.05987285799995,4.57886426484968,0 -74.05981819199997,4.578842873849667,0 -74.05977722899996,4.578823959849657,0 -74.05972711199996,4.578804926849656,0 -74.05967925099998,4.578788218849684,0 -74.05963593799999,4.578773868849661,0 -74.05957892199996,4.578757042849684,0 -74.05953332099995,4.578742661849659,0 -74.05947410699997,4.578718912849686,0 -74.05942398699995,4.578699879849681,0 -74.05937612699995,4.578683172849699,0 -74.05930995699998,4.578666225849691,0 -74.05924607299994,4.578649308849706,0 -74.05920047299998,4.578634927849685,0 -74.05914351599995,4.57861350884968,0 -74.05909794599995,4.578596830849663,0 -74.05903866999995,4.578577677849687,0 -74.05898849199997,4.578563236849664,0 -74.05892000199998,4.578548556849684,0 -74.05885608799997,4.578533936849672,0 -74.05880807799997,4.578528713849717,0 -74.05875094499999,4.578521077849696,0 -74.05870525499995,4.578513587849668,0 -74.05863670499997,4.578503500849699,0 -74.05857505099993,4.578491208849696,0 -74.05851336699999,4.578481212849677,0 -74.05846315899998,4.578469069849686,0 -74.05841289199998,4.578461520849717,0 -74.05834894899994,4.578449196849703,0 -74.05830557799999,4.578439440849703,0 -74.05826223599996,4.578427385849692,0 -74.05821428799999,4.578417569849706,0 -74.05815269199996,4.578400683849683,0 -74.05810483099998,4.578383975849705,0 -74.05804549999993,4.578369416849684,0 -74.05799986799997,4.578357332849692,0 -74.05788577699997,4.578328273849711,0 -74.05784011799994,4.578318485849707,0 -74.05777617499996,4.578306164849727,0 -74.05772138899994,4.578293961849683,0 -74.05767795599996,4.578288796849686,0 -74.05762546099999,4.578276625849698,0 -74.05758202899995,4.578271461849684,0 -74.05752031499998,4.578263762849707,0 -74.05747685599994,4.578260896849718,0 -74.05736927299995,4.578259488849712,0 -74.05732584099997,4.578254327849725,0 -74.05722741599999,4.578253039849701,0 -74.05717479799995,4.578250054849716,0 -74.05713139699998,4.578242594849715,0 -74.05707655299994,4.578234984849704,0 -74.05702167699997,4.578229673849704,0 -74.05695770499995,4.578219648849713,0 -74.05689376199996,4.578207326849688,0 -74.05684129399998,4.578192855849704,0 -74.05678656799995,4.578176057849712,0 -74.05673412999994,4.578159290849679,0 -74.05668171999997,4.57814022484968,0 -74.05662717399997,4.578109648849714,0 -74.05656801899994,4.578081306849705,0 -74.05652012799999,4.57806689484972,0 -74.05647455799993,4.578050217849704,0 -74.05643356499996,4.57803359984969,0 -74.05638805299998,4.578012328849706,0 -74.05634260099998,4.57798646384971,0 -74.05629034399993,4.577955913849696,0 -74.05624952999995,4.577925514849726,0 -74.05620642799994,4.577895085849734,0 -74.05615886499999,4.577855408849716,0 -74.05612265999997,4.57782277184971,0 -74.05608877199995,4.577787868849749,0 -74.05605274499999,4.577741451849723,0 -74.05602810399995,4.577699776849691,0 -74.05599891299994,4.577655746849724,0 -74.05597201399996,4.577611744849745,0 -74.05594746099996,4.577563177849726,0 -74.05592052999998,4.577521474849706,0 -74.05588453399997,4.577472758849733,0 -74.05585757299997,4.577433350849705,0 -74.05581687799997,4.577393764849749,0 -74.05577844299995,4.577356504849754,0 -74.05574910499996,4.577323957849705,0 -74.05571307699995,4.577277538849708,0 -74.05567921999994,4.577240339849752,0 -74.05564301499999,4.577207703849735,0 -74.05560686799998,4.577170472849707,0 -74.05557069199995,4.577135540849765,0 -74.05553445599998,4.57710520084974,0 -74.05544831099996,4.577039746849769,0 -74.05537571799994,4.576988255849742,0 -74.05533719499994,4.576957886849744,0 -74.05529858099999,4.576934407849748,0 -74.05524635099994,4.576901562849736,0 -74.05519192399998,4.57686179484977,0 -74.05515339799996,4.576831425849772,0 -74.05510583699999,4.576791748849751,0 -74.05506502299994,4.576761350849767,0 -74.05502195099996,4.576728621849778,0 -74.05498119799995,4.576693629849733,0 -74.05494276099995,4.576656368849744,0 -74.05490438699997,4.57661451584977,0 -74.05487275899998,4.576581938849754,0 -74.05483892999996,4.576542440849781,0 -74.05480513399993,4.576500646849756,0 -74.05476212099995,4.576463327849752,0 -74.05472359599997,4.576432956849778,0 -74.05468052299994,4.576400231849745,0 -74.05463296199997,4.576360555849771,0 -74.05460130299997,4.57633027584974,0 -74.05456970599994,4.57629540184974,0 -74.05453584799994,4.576258200849749,0 -74.05450202099996,4.576218702849776,0 -74.05446355699996,4.576183740849743,0 -74.05442746999995,4.576141915849758,0 -74.05438674499999,4.576104623849761,0 -74.05434831199995,4.576067364849756,0 -74.05430529699998,4.576030045849753,0 -74.05426903399996,4.57600200384976,0 -74.05422144199997,4.575964620849752,0 -74.05417836799995,4.575931895849767,0 -74.05412845799998,4.575896782849804,0 -74.05404918099998,4.575831421849757,0 -74.05396791699997,4.57578213084978,0 -74.05390659499994,4.575744873849799,0 -74.05385495599995,4.57571733584976,0 -74.05379847399996,4.575691417849814,0 -74.05374844599999,4.575676834849758,0 -74.05369841799995,4.575660632849776,0 -74.05363547999997,4.575649286849768,0 -74.05353380899999,4.575628219849795,0 -74.05349991699995,4.575626594849819,0 -74.05344181799995,4.57562820684976,0 -74.05338049199997,4.575626578849812,0 -74.05333530299998,4.575629811849788,0 -74.05328527399996,4.575626564849782,0 -74.05321426599994,4.575624934849801,0 -74.05316710199997,4.57562638484976,0 -74.05313544099994,4.575613670849786,0 -74.05310996599997,4.575596422849776,0 -74.05307735699995,4.575563688849778,0 -74.05303387899994,4.575512253849785,0 -74.05299816299998,4.575476404849818,0 -74.05297487099995,4.575442112849813,0 -74.05294890599998,4.575419178849796,0 -74.05280057599998,4.575420866849796,0 -74.05189005199998,4.575338749849819,0 -74.05102233899999,4.575085040849776,0 -74.05018094399998,4.574723980849802,0 -74.04930558299998,4.574409740849844,0 -74.04843400399994,4.574116750849867,0 -74.04753170399994,4.57384919384985,0 -74.04662922699998,4.573570814849846,0 -74.04610623999997,4.573307921849842,0 -74.04606925599995,4.573305581849864,0 -74.04602365599999,4.573291199849842,0 -74.04597356899995,4.573269867849883,0 -74.04593806599996,4.573256952849869,0 -74.04593132799994,4.573255888849866,0 -74.04588881199999,4.57323915084987,0 -74.04584638699998,4.573222476849873,0 -74.04580585299993,4.573202908849851,0 -74.04576540999994,4.573182844849891,0 -74.04572109199995,4.573174503849881,0 -74.04567596199996,4.573170122849887,0 -74.04563326599998,4.573154008849886,0 -74.04559354399998,4.573132045849894,0 -74.04555589399996,4.573106684849844,0 -74.04552770399994,4.57306960984988,0 -74.04550185599999,4.573032028849868,0 -74.04548928099996,4.572999622849869,0 -74.04545074999999,4.572982745849861,0 -74.04540752799994,4.572961504849848,0 -74.04535753099998,4.572933280849903,0 -74.04531897699997,4.572905206849906,0 -74.04528283099995,4.572867977849861,0 -74.04525822099998,4.572824005849904,0 -74.04524056599996,4.572773233849894,0 -74.04519993199995,4.572729050849906,0 -74.04519228599997,4.572719959849857,0 -74.04516184999994,4.572697447849881,0 -74.04512582099994,4.572669971849867,0 -74.04508402699997,4.572651398849892,0 -74.04504160099998,4.572634650849874,0 -74.04499971699994,4.572616710849856,0 -74.04486388699996,4.572537948849877,0 -74.04482182199996,4.572518588849868,0 -74.04478372099999,4.572494429849903,0 -74.04474940499995,4.572464061849894,0 -74.04471580999996,4.572431921849862,0 -74.04467969099994,4.572404445849908,0 -74.04464186099995,4.572379653849878,0 -74.04460970699995,4.572347377849919,0 -74.04457728299997,4.572315662849892,0 -74.04453584799995,4.572296447849881,0 -74.04449585599997,4.572275118849884,0 -74.04446973799998,4.572238242849918,0 -74.04443605199998,4.572208018849918,0 -74.04440074499996,4.572178770849894,0 -74.04436300499998,4.572153346849896,0 -74.04432057899999,4.572136599849876,0 -74.04427779399998,4.572119083849919,0 -74.04423608899998,4.572100501849922,0 -74.04419366399998,4.572083898849919,0 -74.04415141799996,4.572066518849886,0 -74.04410926299994,4.57204928384991,0 -74.04406620699996,4.572032256849902,0 -74.04403218299996,4.572015365849929,0 -74.04397755199994,4.572014650849926,0 -74.04392273699995,4.57200474384988,0 -74.04385415499996,4.5719969538499,0 -74.04380392099995,4.571987106849898,0 -74.04374461599997,4.571970248849917,0 -74.04368769099995,4.571946529849901,0 -74.04364178099996,4.571928563849927,0 -74.04363356699997,4.571929297849905,0 -74.04361777799994,4.571927019849889,0 -74.04353212999996,4.571937600849918,0 -74.04347234999994,4.571957493849919,0 -74.04342627099999,4.571979863849932,0 -74.04337787499998,4.572004501849877,0 -74.04332745699998,4.5720084348499,0 -74.04327240199996,4.57201690284993,0 -74.04322650299997,4.57202549084989,0 -74.04317382799996,4.572027098849879,0 -74.04310515799995,4.572026199849891,0 -74.04305914099996,4.572043974849905,0 -74.04301547099993,4.572057188849871,0 -74.04296041799995,4.572065656849914,0 -74.04291460899998,4.572067352849881,0 -74.04286181199996,4.572078149849896,0 -74.04281597399995,4.572082142849897,0 -74.04277025399995,4.572076950849893,0 -74.04272251499998,4.572051052849902,0 -74.04267938199996,4.572022919849907,0 -74.04263865999997,4.571985628849902,0 -74.04260034499998,4.571939181849909,0 -74.04255037599995,4.571908660849927,0 -74.04249092299995,4.571903286849911,0 -74.04244273699999,4.571911845849893,0 -74.04238545099997,4.571915690849928,0 -74.04231892199994,4.571926303849907,0 -74.04227067499994,4.571939455849913,0 -74.04221324099996,4.571954784849923,0 -74.04216930299998,4.571988671849894,0 -74.04213003199999,4.572015723849891,0 -74.04208142799996,4.57205643984989,0 -74.04203980799997,4.572088057849878,0 -74.04197502999995,4.572140047849905,0 -74.04189636799998,4.572203342849915,0 -74.04185932599995,4.572235021849879,0 -74.04181779699996,4.572259748849917,0 -74.04177165799996,4.57228671084991,0 -74.04171865299998,4.57231358584991,0 -74.04166365899994,4.572317460849916,0 -74.04161782099999,4.572321455849906,0 -74.04160700399996,4.572273066849877,0 -74.04158007299998,4.572231363849904,0 -74.04153480199994,4.572191716849916,0 -74.04149398899995,4.572161315849922,0 -74.04145067699994,4.572146963849925,0 -74.04134538599999,4.572145584849899,0 -74.04130198499996,4.572138124849894,0 -74.04124731899998,4.572116730849904,0 -74.04119033499995,4.572097607849887,0 -74.04115169099998,4.572076424849887,0 -74.04110401199995,4.572045932849877,0 -74.04107012499998,4.572011029849914,0 -74.04103864799998,4.57196696884993,0 -74.04101855699997,4.571927649849886,0 -74.04100999699995,4.57188158984989,0 -74.04099237299994,4.571828519849916,0 -74.04096788199996,4.571775361849904,0 -74.04094802799995,4.571717667849944,0 -74.04092799699998,4.571673754849931,0 -74.04088938099994,4.57165027684993,0 -74.04088241299996,4.571647950849916,0 -74.04073159799998,4.571646851849938,0 -74.04069244099998,4.571654589849905,0 -74.04064871299994,4.571672392849898,0 -74.04059576699996,4.571694674849931,0 -74.04055423599993,4.571719401849909,0 -74.04050818799993,4.571739473849887,0 -74.04047575699997,4.571768913849934,0 -74.04044097399998,4.57180291784992,0 -74.04039715499994,4.571827616849918,0 -74.04034182999999,4.571856756849898,0 -74.04030021099999,4.571888373849885,0 -74.04024955399996,4.571910683849909,0 -74.04019453099994,4.571916855849893,0 -74.04014875099995,4.571916255849924,0 -74.04008457099997,4.571922306849881,0 -74.04003400399995,4.571937723849926,0 -74.03999232599995,4.571973935849917,0 -74.03994823599999,4.572019305849935,0 -74.03990884499996,4.572055547849894,0 -74.03988987799994,4.572105839849915,0 -74.03987539599996,4.572163082849876,0 -74.03987244899997,4.572213588849903,0 -74.03986031799997,4.572266266849882,0 -74.03982764599994,4.57231408284988,0 -74.03978608399996,4.572341107849895,0 -74.03972868199997,4.572354140849903,0 -74.03967811499996,4.572369558849879,0 -74.03962300099994,4.572382619849884,0 -74.03956806699995,4.572381899849882,0 -74.03951526999998,4.57239269584991,0 -74.03945545999994,4.572414885849887,0 -74.03934329999998,4.57241341484987,0 -74.03929083199995,4.572398942849894,0 -74.03923842599994,4.572379878849884,0 -74.03919303399994,4.572349417849892,0 -74.03914490699998,4.572353382849913,0 -74.03908756299995,4.572361820849919,0 -74.03905052199997,4.572393496849909,0 -74.03900664299994,4.572422788849869,0 -74.03896312399996,4.57242451484987,0 -74.03891987199995,4.572405569849907,0 -74.03885803899993,4.572407056849864,0 -74.03880328499997,4.572392554849863,0 -74.03878090399996,4.572353207849887,0 -74.03876556699998,4.572300168849923,0 -74.03874553599996,4.57225625584991,0 -74.03872104299995,4.572203095849915,0 -74.03868724899996,4.572161302849881,0 -74.03865582999998,4.572112644849915,0 -74.03862209199997,4.572066255849879,0 -74.03858603799995,4.57202213484991,0 -74.03855901899993,4.571987318849932,0 -74.03852537299997,4.571934040849877,0 -74.03849633199997,4.57187852284993,0 -74.03847623799999,4.571839205849913,0 -74.03844262299998,4.571783628849895,0 -74.03842256099995,4.571742014849905,0 -74.03838653399998,4.571695593849929,0 -74.03833665599996,4.571658183849926,0 -74.03827277299996,4.571641263849918,0 -74.03822253799996,4.571631415849927,0 -74.03806917699995,4.571629408849896,0 -74.03801186399994,4.571635547849943,0 -74.03798159799999,4.57167420684992,0 -74.03795594099995,4.571710628849921,0 -74.03793935199997,4.571754059849911,0 -74.03790673799995,4.571797281849897,0 -74.03787656299994,4.57182904984994,0 -74.03783958099996,4.571856131849914,0 -74.03780702699999,4.571894760849926,0 -74.03777652299993,4.571951796849921,0 -74.03774848799998,4.571995076849907,0 -74.03772283199999,4.57203149884991,0 -74.03767922099996,4.57204011684988,0 -74.03761985799997,4.572027851849935,0 -74.03757187999997,4.572020330849889,0 -74.03752871699999,4.571994495849918,0 -74.03747417299996,4.571963914849878,0 -74.03741950699998,4.571942521849889,0 -74.03737363699997,4.571948813849915,0 -74.03732526999994,4.571971152849907,0 -74.03728605899994,4.57199361184989,0 -74.03724886699996,4.572036775849919,0 -74.03720938699996,4.572079905849912,0 -74.03716307099995,4.572120652849926,0 -74.03712605899995,4.57215003284992,0 -74.03709136399993,4.572177145849908,0 -74.03704971499997,4.572211059849883,0 -74.03700580599997,4.572242646849901,0 -74.03695081099994,4.572246520849913,0 -74.03691219799998,4.572223042849918,0 -74.03688529799996,4.572179040849879,0 -74.03687225099998,4.572126028849913,0 -74.03684309499994,4.572079700849919,0 -74.03680929799998,4.572037904849915,0 -74.03677788099998,4.571989249849914,0 -74.03675091999997,4.571949841849894,0 -74.03671257799994,4.57190568884992,0 -74.03668787699996,4.571868607849901,0 -74.03666094599998,4.571826903849895,0 -74.03664323199996,4.571780722849938,0 -74.03663009799999,4.571734604849945,0 -74.03661931099998,4.571683922849886,0 -74.03659942799999,4.571628523849931,0 -74.03657716599997,4.571579988849916,0 -74.03655026699994,4.571535986849932,0 -74.03651878999995,4.571491923849913,0 -74.03648722099996,4.571454753849936,0 -74.03645119599997,4.571408333849948,0 -74.03641956999996,4.571375757849916,0 -74.03638354299994,4.571329338849924,0 -74.03635441399996,4.57128071184991,0 -74.03632507699996,4.571248162849946,0 -74.03627965799996,4.571220000849912,0 -74.03623414699996,4.571198727849953,0 -74.03618866599999,4.571175159849941,0 -74.03614077899994,4.571160745849917,0 -74.03608813099999,4.571160056849922,0 -74.03602614999994,4.571173029849952,0 -74.03594817699997,4.571183493849906,0 -74.03590471699994,4.571180627849922,0 -74.03585429999998,4.571184559849947,0 -74.03579915599994,4.571199919849909,0 -74.03575536699998,4.571222318849953,0 -74.03571151699998,4.571249312849943,0 -74.03567218699999,4.571280958849911,0 -74.03562827799993,4.571312544849952,0 -74.03558205199994,4.571346400849906,0 -74.03554030999999,4.571387205849925,0 -74.03551004599996,4.571425863849921,0 -74.03547065499998,4.571462104849894,0 -74.03542442699995,4.571495960849909,0 -74.03539193499995,4.571529992849939,0 -74.03535709299996,4.571568590849949,0 -74.03532459699994,4.571602626849933,0 -74.03528972599997,4.571643522849906,0 -74.03524566599998,4.571686594849941,0 -74.03519931899996,4.571729635849906,0 -74.03515534999997,4.5717658158499,0 -74.03510433799994,4.571815687849934,0 -74.03505561199995,4.571865592849909,0 -74.03501396099995,4.571899505849879,0 -74.03498369799996,4.571938165849911,0 -74.03495776999995,4.571995258849915,0 -74.03494340899994,4.572043314849891,0 -74.03493368499994,4.572086835849889,0 -74.03491926399994,4.57213948584988,0 -74.03491173999998,4.572189930849877,0 -74.03489505799996,4.572240252849933,0 -74.03486244399994,4.572283474849908,0 -74.03482525199996,4.572326635849921,0 -74.03478815099999,4.572362907849907,0 -74.03475327899997,4.572403803849882,0 -74.03471855599997,4.572433212849907,0 -74.03467925499996,4.572462563849873,0 -74.03464681999998,4.572492004849908,0 -74.03461209699998,4.572521413849892,0 -74.03456827799994,4.572546111849896,0 -74.03452680699996,4.572566243849866,0 -74.03447389099995,4.572586223849918,0 -74.03442796299998,4.572597109849893,0 -74.03438206399994,4.572605697849906,0 -74.03433399699998,4.572605068849916,0 -74.03427665299995,4.572613504849889,0 -74.03422831599994,4.572633548849881,0 -74.03418470599996,4.572642165849873,0 -74.03413672699998,4.572634643849892,0 -74.03408892899995,4.572613341849907,0 -74.03404796599995,4.572594425849861,0 -74.03395183099997,4.572593164849891,0 -74.03389276499996,4.572557930849895,0 -74.03385421199994,4.572529857849893,0 -74.03379033099998,4.572512938849871,0 -74.03374024299995,4.572491605849868,0 -74.03369925099997,4.57247498584987,0 -74.03366069899994,4.57244691384991,0 -74.03362000499999,4.572407323849885,0 -74.03357705299999,4.572365409849882,0 -74.03353629999998,4.572330415849904,0 -74.03349777699998,4.572300044849865,0 -74.03345946099995,4.572253594849913,0 -74.03342548599994,4.572225581849892,0 -74.03337801699996,4.572179011849896,0 -74.03334404199995,4.572150998849883,0 -74.03330325799999,4.572118302849878,0 -74.03325789899998,4.572085543849909,0 -74.03321711499996,4.572052845849939,0 -74.03317184499997,4.572013197849896,0 -74.03314021799997,4.57198062084988,0 -74.03310868099999,4.571941152849925,0 -74.03307262499999,4.571897027849886,0 -74.03303891899998,4.5718483438499,0 -74.03300063599994,4.571799597849911,0 -74.03297132699998,4.57176475384994,0 -74.03293976099997,4.571727581849919,0 -74.03289906899994,4.571687992849939,0 -74.03286283399996,4.571657652849912,0 -74.03282885599998,4.571629639849892,0 -74.03279036599997,4.571596971849937,0 -74.03274732099999,4.571561946849889,0 -74.03270876899995,4.571533871849899,0 -74.03267259499995,4.571498937849922,0 -74.03263876799997,4.571459439849945,0 -74.03260262399994,4.571422208849919,0 -74.03255958099999,4.571387184849923,0 -74.03252105999997,4.571356811849911,0 -74.03248491399995,4.571319581849934,0 -74.03243943299998,4.571296011849946,0 -74.03238015899996,4.571276857849913,0 -74.03232317599998,4.571257731849927,0 -74.03227549699994,4.571227238849939,0 -74.03223703299994,4.571192275849918,0 -74.03222604799998,4.571183780849947,0 -74.03219413199997,4.571183006849943,0 -74.03219357799998,4.571268601849913,0 -74.03217231299993,4.571308706849948,0 -74.03221248499995,4.571329412849935,0 -74.03222292699996,4.571374250849946,0 -74.03224498999998,4.571414515849938,0 -74.03224615399995,4.571459921849907,0 -74.03228984099997,4.571471507849933,0 -74.03227506099995,4.571514795849899,0 -74.03228117999998,4.571559994849891,0 -74.03229189199999,4.571604207849924,0 -74.03231602799997,4.57164255784993,0 -74.03230268899995,4.571685709849922,0 -74.03229826799998,4.571731041849937,0 -74.03231969999996,4.571771090849944,0 -74.03232581899994,4.571816288849883,0 -74.03234040499996,4.571859228849909,0 -74.03236102699998,4.571899629849932,0 -74.03238714399998,4.571936568849913,0 -74.03241740599998,4.571970254849914,0 -74.03243037099998,4.572013971849893,0 -74.03244270499994,4.572057480849915,0 -74.03246584899995,4.572096670849915,0 -74.03250791899995,4.572080370849882,0 -74.03254737099996,4.572102830849905,0 -74.03258240699995,4.572131437849897,0 -74.03260104699996,4.572173112849929,0 -74.03261175999995,4.572217389849901,0 -74.03261994999997,4.572262660849876,0 -74.03263210399996,4.572306801849911,0 -74.03263236699996,4.572352559849911,0 -74.03262731499996,4.572397548849917,0 -74.03261902099996,4.5724420398499,0 -74.03262306699997,4.572487237849901,0 -74.03264431999997,4.5725278468499,0 -74.03265584299999,4.572571635849859,0 -74.03264998099996,4.572617112849874,0 -74.03266546799995,4.572659699849868,0 -74.03267077499999,4.572705250849899,0 -74.03268878499995,4.572746780849874,0 -74.03270832599998,4.572788166849887,0 -74.03273246099997,4.5728265168499,0 -74.03274632699998,4.572869808849882,0 -74.03275848099997,4.572913877849891,0 -74.03277359999998,4.573004130849887,0 -74.03279755499995,4.573042976849887,0 -74.03282646499997,4.573078289849895,0 -74.03286933099997,4.573158386849861,0 -74.03289211499998,4.57319821784989,0 -74.03290345799996,4.573242712849891,0 -74.03291417099996,4.573286925849851,0 -74.03291731599995,4.57333240484984,0 -74.03291496699995,4.573377736849856,0 -74.03290216799996,4.573426746849853,0 -74.03289081299994,4.573456828849873,0 -74.03288567399994,4.573488402849861,0 -74.03288611899995,4.573520040849855,0 -74.03288665399998,4.573551679849842,0 -74.03289547699995,4.573582251849864,0 -74.03289718399998,4.573614387849875,0 -74.03290600699995,4.573644969849838,0 -74.03290708299994,4.573676888849864,0 -74.03291122199994,4.573708391849878,0 -74.03291824299998,4.573739813849818,0 -74.03292301199997,4.573771597849861,0 -74.03293471799998,4.573801962849852,0 -74.03294173899997,4.573833249849858,0 -74.03294407599998,4.573865593849836,0 -74.03294965599997,4.573897160849843,0 -74.03296163199997,4.573926829849862,0 -74.03297594999998,4.573955993849867,0 -74.03298387299998,4.573986927849854,0 -74.03299755999996,4.574015883849857,0 -74.03301034699996,4.57404512884986,0 -74.03301295399996,4.574076974849809,0 -74.03303141699996,4.574102758849813,0 -74.03304023999993,4.574133267849812,0 -74.03303924399995,4.574165113849824,0 -74.03304338299995,4.574196680849828,0 -74.03305878199996,4.574224858849813,0 -74.03307066799994,4.57425452884981,0 -74.03308525699998,4.574283059849813,0 -74.03309894399996,4.574312014849812,0 -74.03310362299999,4.57434393384985,0 -74.03310686099996,4.574375861849846,0 -74.03310496499995,4.574407987849852,0 -74.03311351699995,4.574439202849835,0 -74.03312143899996,4.574470209849855,0 -74.03313259999999,4.574533135849846,0 -74.03313367599998,4.574565053849831,0 -74.03313925599997,4.574596484849802,0 -74.03314258299997,4.574628476849801,0 -74.03314068699996,4.57466067484985,0 -74.03313707899997,4.5746920318498,0 -74.03313634799997,4.574756157849842,0 -74.03313327999996,4.57478779584983,0 -74.03312850099996,4.574820210849794,0 -74.03312128899995,4.574851702849802,0 -74.03311614999996,4.574883195849796,0 -74.03311794599995,4.574915403849786,0 -74.03312028299996,4.574947747849813,0 -74.03311721599994,4.57497938484982,0 -74.03310937399993,4.575010596849831,0 -74.03310900799994,4.575042659849823,0 -74.03310954399996,4.575074298849809,0 -74.03310647599994,4.575105935849812,0 -74.03310421899994,4.575137853849803,0 -74.03310313299994,4.575169708849779,0 -74.03310276799994,4.575201699849788,0 -74.03310509999994,4.575265401849824,0 -74.03310473399995,4.575297527849769,0 -74.03310797199998,4.575329383849791,0 -74.03311823699994,4.575359893849781,0 -74.03313165399999,4.575389409849821,0 -74.03314272899996,4.575419566849785,0 -74.03315533599994,4.575449444849807,0 -74.03316325799995,4.575480378849802,0 -74.03316964899994,4.575511448849776,0 -74.03317621999997,4.575542599849805,0 -74.03318252099996,4.575573669849784,0 -74.03318810099995,4.575605100849804,0 -74.03319070799995,4.575636883849797,0 -74.03319429399994,4.575746840849805,0 -74.03320068499994,4.575777982849752,0 -74.03321013799996,4.575808772849793,0 -74.03321481799998,4.575840691849772,0 -74.03321598399998,4.575872546849807,0 -74.03321561799999,4.575904537849761,0 -74.03321462199995,4.575936311849799,0 -74.03321100899996,4.576000725849805,0 -74.03320712999994,4.576032716849756,0 -74.03320099499996,4.576096054849765,0 -74.03320134999996,4.576128334849748,0 -74.03320098499995,4.576160325849759,0 -74.03319980899994,4.576192668849741,0 -74.03319881299996,4.576224514849756,0 -74.03320268099998,4.576256722849741,0 -74.03320177499995,4.576288496849785,0 -74.03320050899998,4.576320848849787,0 -74.03319690099994,4.576352341849783,0 -74.03319446399996,4.57638425984977,0 -74.03320058399999,4.576415971849775,0 -74.03320850699998,4.576446905849772,0 -74.03321732999996,4.576477559849773,0 -74.03323552199998,4.576503903849754,0 -74.03325371399995,4.576530310849765,0 -74.03326568999995,4.576560043849787,0 -74.03327442299997,4.576590625849744,0 -74.03328000299996,4.57662205684977,0 -74.03329287999998,4.576651364849737,0 -74.03330161299994,4.57668194684976,0 -74.03330809399995,4.576713016849736,0 -74.03330862999996,4.576744654849731,0 -74.03330222899996,4.576775731849747,0 -74.03329312599993,4.576806518849753,0 -74.03329131899994,4.57683865384973,0 -74.03329770999994,4.576869795849741,0 -74.03330887499999,4.576899880849728,0 -74.03331995099995,4.576929902849764,0 -74.03333814299998,4.576956382849731,0 -74.03335921799999,4.576980964849771,0 -74.03337767999994,4.577006810849742,0 -74.03339803499995,4.577031256849737,0 -74.03342064199995,4.577053642849743,0 -74.03344757299999,4.577070523849715,0 -74.03347017999994,4.577092989849736,0 -74.03348864199995,4.577118836849749,0 -74.03350854599995,4.577144403849712,0 -74.03353115299996,4.57716687084972,0 -74.03354943499994,4.577193349849764,0 -74.03355960999994,4.577223723849708,0 -74.03356987399997,4.57725416184972,0 -74.03358103899996,4.577284246849706,0 -74.03359058299998,4.577314476849757,0 -74.03360796499999,4.577341244849758,0 -74.03362534599995,4.577368076849757,0 -74.03363903399998,4.577397032849746,0 -74.03365272099995,4.577425924849742,0 -74.03366893199996,4.577453678849709,0 -74.03368261899993,4.577482634849702,0 -74.03369198299998,4.577513424849738,0 -74.03370224699995,4.577543934849729,0 -74.03370548499998,4.577575934849707,0 -74.03370737199998,4.577607988849731,0 -74.03370988899997,4.577639699849696,0 -74.03371844199995,4.577670986849708,0 -74.03372014899998,4.577703122849718,0 -74.03371167599994,4.577734126849712,0 -74.03370194299998,4.577764560849706,0 -74.03370013599994,4.577796759849739,0 -74.03370283299995,4.5778284708497,0 -74.03370985499998,4.577859829849691,0 -74.03371831799996,4.577891043849738,0 -74.03372245599996,4.577922538849705,0 -74.03371731699997,4.577954175849711,0 -74.03371253699999,4.577986590849728,0 -74.03370280399997,4.57801709684971,0 -74.03369063799994,4.578046618849735,0 -74.03366469199995,4.578065750849714,0 -74.03363280299999,4.578068990849722,0 -74.03360091399998,4.578068705849723,0 -74.03357839399996,4.57806891884969,0 -74.03358566099996,4.57883366984968,0 -74.03358196199997,4.578865099849661,0 -74.03357952499994,4.578897017849655,0 -74.03358492499996,4.578929081849685,0 -74.03359050499995,4.578960575849675,0 -74.03359518399998,4.578992359849655,0 -74.03360076399997,4.579023853849705,0 -74.03360949699999,4.579054507849694,0 -74.03362039199999,4.579085153849666,0 -74.03363002599997,4.579115310849699,0 -74.03363560599996,4.57914674184966,0 -74.03383360699996,4.579705241849648,0 -74.03373829899994,4.580294419849618,0 -74.03359547299993,4.580597003849604,0 -74.03364307599998,4.58091544484964,0 -74.03362719899997,4.581058735849605,0 -74.03361128999995,4.581409076849599,0 -74.03373824199997,4.581807123849557,0 -74.03373819999996,4.582077810849562,0 -74.03380152499994,4.582666941849571,0 -74.03388082199996,4.583654237849546,0 -74.03384526199994,4.584664394849504,0 -74.03383322699995,4.58500767584947,0 -74.03293527399995,4.585117281849485,0 -74.03340499999996,4.589442396849319,0 -74.03360322399999,4.590888744849265,0 -74.03360308399994,4.592353140849244,0 -74.03362102099999,4.592859354849207,0 -74.03358508299993,4.593401717849214,0 -74.03347691199997,4.593853674849197,0 -74.03327878399995,4.594078988849162,0 -74.03305003899999,4.594236582849188,0 -74.03283705999996,4.594375810849154,0 -74.03281219599995,4.594385343849174,0 -74.03278604999997,4.594523118849156,0 -74.03273817599995,4.594775656849192,0 -74.03262998999998,4.595318007849143,0 -74.03241368099998,4.596004973849119,0 -74.03225165399994,4.596366544849086,0 -74.03192728499994,4.596800478849072,0 -74.03174706099998,4.597162028849097,0 -74.03149476899995,4.597523566849082,0 -74.03193424599993,4.598339450849078,0 -74.03318245999998,4.598227470849034,0 -74.03331544699995,4.599787705848979,0 -74.03312720699995,4.600140757849009,0 -74.03329998899994,4.600129938848998,0 -74.03330016799998,4.600139429849006,0 -74.03330642499998,4.600446772848982,0 -74.03331260399995,4.600679540848961,0 -74.03331257499997,4.60086096284898,0 -74.03332550099998,4.601151855848965,0 -74.03330633799999,4.601566041848955,0 -74.03331927299996,4.601798809848939,0 -74.03333833999994,4.601993161848924,0 -74.03337100899995,4.602193662848909,0 -74.03346725899996,4.60251069284892,0 -74.03356406299997,4.602737236848899,0 -74.03365411599998,4.602937837848907,0 -74.03374479899998,4.603138347848912,0 -74.03383602399998,4.60332710684888,0 -74.03388726499998,4.603433780848867,0 -74.03395074599996,4.603617472848874,0 -74.03406673799998,4.603850257848843,0 -74.03413769499997,4.604037837848883,0 -74.03418325199993,4.60419928984886,0 -74.03427330699998,4.604386873848859,0 -74.03431832999996,4.604503941848869,0 -74.03438929799995,4.60462643784882,0 -74.03442810699994,4.604736725848851,0 -74.03446871599994,4.604858764848864,0 -74.03455031299995,4.604982528848822,0 -74.03471810799994,4.605183050848812,0 -74.03485374999997,4.605344516848822,0 -74.03498271399997,4.605584083848808,0 -74.03509862499999,4.605758744848818,0 -74.03533064199996,4.606017580848808,0 -74.03547249599995,4.60620517184879,0 -74.03558227999997,4.606393210848802,0 -74.03571116199998,4.606580799848807,0 -74.03581419599993,4.606729334848789,0 -74.03591720999998,4.607001167848787,0 -74.03601401899994,4.60720845784877,0 -74.03616208299997,4.607434467848764,0 -74.03629780899996,4.607641763848748,0 -74.03640084399996,4.607784151848717,0 -74.03653650399997,4.607835697848722,0 -74.03668685199995,4.607853167848761,0 -74.03671306399997,4.607870979848724,0 -74.03673855499994,4.607890689848718,0 -74.03676305499994,4.607910760848712,0 -74.03678656399995,4.607932006848738,0 -74.03680493699994,4.60795885684871,0 -74.03682276999996,4.607985526848728,0 -74.03683762899993,4.608014002848736,0 -74.03684735399997,4.608044376848738,0 -74.03686041199995,4.608073757848729,0 -74.03687013599995,4.608104041848716,0 -74.03688589699993,4.608132156848738,0 -74.03690183699996,4.608159638848744,0 -74.03691426499995,4.608188657848753,0 -74.03692380899997,4.608219664848717,0 -74.03693569499995,4.608250038848722,0 -74.03694947399998,4.608279690848745,0 -74.03695739699998,4.60831078784872,0 -74.03694072699994,4.608338174848696,0 -74.03692819999998,4.608368725848718,0 -74.03691792599994,4.608399187848698,0 -74.03690062499999,4.608426303848711,0 -74.03687521899997,4.608445282848702,0 -74.03684864099995,4.608463085848701,0 -74.03682575599998,4.608485319848723,0 -74.03680223999999,4.608507191848708,0 -74.03677656299999,4.608526712848727,0 -74.03674899499998,4.608543521848715,0 -74.03672115599994,4.608560873848698,0 -74.03670457599998,4.608588260848682,0 -74.03668366699998,4.608649725848731,0 -74.03667330299999,4.608680277848722,0 -74.03666428899999,4.608711281848719,0 -74.03666077099996,4.608743461848723,0 -74.03665373999996,4.608775098848727,0 -74.03664733899996,4.608806916848696,0 -74.03664571099995,4.608846509848694,0 -74.03664705899996,4.608870825848694,0 -74.03663678399994,4.608901377848698,0 -74.03662551899998,4.608932200848729,0 -74.03661362199995,4.608967000848703,0 -74.03660379899998,4.608994117848709,0 -74.03659343399994,4.609024669848707,0 -74.03658658299997,4.6090556738487,0 -74.03657910199996,4.609086406848718,0 -74.03656963799995,4.609118675848691,0 -74.03656467699994,4.609156821848695,0 -74.03656728699997,4.609172008848722,0 -74.03656899699996,4.609181681848687,0 -74.03657665299994,4.609190721848698,0 -74.03658971299996,4.609206271848695,0 -74.03660970799996,4.609230771848694,0 -74.03662979299997,4.609255271848684,0 -74.03664573399993,4.609282754848676,0 -74.03666356699995,4.609309242848689,0 -74.03668788699997,4.609330127848713,0 -74.03671103499994,4.609352006848686,0 -74.03673427399997,4.609373795848699,0 -74.03675832299996,4.609395403848695,0 -74.03678489499998,4.60941628884866,0 -74.03680759299993,4.609439343848701,0 -74.03681227199996,4.609471614848708,0 -74.03681460899998,4.609503795848704,0 -74.03683532499997,4.609528476848665,0 -74.03686099599997,4.609547553848708,0 -74.03688396499996,4.609570065848694,0 -74.03690531099994,4.609595017848683,0 -74.03692827899994,4.609619789848701,0 -74.03695007599998,4.609643386848698,0 -74.03697412499997,4.609664903848685,0 -74.03699601199997,4.609688500848683,0 -74.03701492599998,4.609713994848677,0 -74.03702464999998,4.609744368848687,0 -74.03702446899996,4.609755758848677,0 -74.03702419499996,4.609776097848678,0 -74.03701869499997,4.609807643848685,0 -74.03701662099996,4.609821293848654,0 -74.03700895599997,4.609871009848689,0 -74.03700129399994,4.609902555848687,0 -74.03699516299997,4.609936904848659,0 -74.03699047399994,4.609966915848696,0 -74.03698335299998,4.609998733848662,0 -74.03697659099998,4.610029737848657,0 -74.03696865899997,4.610061826848654,0 -74.03696009599997,4.610091384848648,0 -74.03695108299996,4.610122207848683,0 -74.03694414199998,4.610153211848679,0 -74.03693305699994,4.610184215848665,0 -74.03692548499998,4.610214858848665,0 -74.03691647199997,4.610245862848659,0 -74.03690898999997,4.61027668584863,0 -74.03690150799997,4.610307418848643,0 -74.03690087299998,4.610339779848664,0 -74.03690060099996,4.610349452848637,0 -74.03690023699994,4.610372412848653,0 -74.03689680899998,4.610403959848648,0 -74.03688085999994,4.610431617848669,0 -74.03686418999996,4.610458914848643,0 -74.03685067199996,4.61048829084863,0 -74.03683841599997,4.610521554848657,0 -74.03683390699996,4.610550570848635,0 -74.03683264099999,4.610582840848652,0 -74.03683587899997,4.610614479848639,0 -74.03685353199995,4.61064187184863,0 -74.03686767099998,4.610670077848654,0 -74.03687649399996,4.610700903848654,0 -74.03687739199995,4.610720338848663,0 -74.03687793099994,4.610733355848622,0 -74.03687639399999,4.610766258848653,0 -74.03686801099997,4.610797533848626,0 -74.03685773699993,4.610827904848657,0 -74.03684737299994,4.610858456848654,0 -74.03683835899994,4.61088928084862,0 -74.03683258899997,4.61092155084864,0 -74.03683195299999,4.610954001848621,0 -74.03683257899996,4.61098699584865,0 -74.03683275399999,4.611018995848627,0 -74.03683220899995,4.611051537848614,0 -74.03683076199997,4.611083808848621,0 -74.03683093799998,4.611115898848607,0 -74.03683831999996,4.61114681484862,0 -74.03684615199995,4.611178002848602,0 -74.03685344499996,4.611209008848622,0 -74.03686118699994,4.611240828848631,0 -74.03687289299995,4.61127183684864,0 -74.03688532099994,4.611301035848625,0 -74.03689414399997,4.611331771848599,0 -74.03689873399998,4.611363861848648,0 -74.03690098099997,4.611396765848613,0 -74.03690403899998,4.611429037848618,0 -74.03690421399995,4.611461217848614,0 -74.03690006499994,4.611493217848595,0 -74.03690465399995,4.611525398848642,0 -74.03691563999996,4.611556224848639,0 -74.03692806699996,4.611585333848605,0 -74.03695950299993,4.611611010848602,0 -74.03697355499997,4.611619238848617,0 -74.03717509699999,4.612068531848578,0 -74.03685352499997,4.6124490448486,0 -74.03677540299998,4.61256202584857,0 -74.03679177399994,4.612724919848595,0 -74.03682805199998,4.612894596848568,0 -74.03685730499996,4.61305758284858,0 -74.03687178199993,4.613230057848573,0 -74.03688851999993,4.61334576584858,0 -74.03685967099995,4.61348894684857,0 -74.03683838099994,4.613681484848534,0 -74.03673637699995,4.613859274848536,0 -74.03674024299994,4.613912156848565,0 -74.03671688599997,4.614070162848554,0 -74.03668542399998,4.614213976848501,0 -74.03667712299995,4.61430030184854,0 -74.03667017599997,4.614371983848534,0 -74.03661257699997,4.614590730848493,0 -74.03653471199993,4.614792931848521,0 -74.03648171899994,4.614942978848499,0 -74.03639746899995,4.615071777848526,0 -74.03591035199997,4.616389838848435,0 -74.03541751199998,4.616269174848485,0 -74.03531303099999,4.616723663848467,0 -74.03528553199999,4.616782285848446,0 -74.03529492399997,4.616790591848433,0 -74.03533253799998,4.617023858848423,0 -74.03547502799995,4.617201281848439,0 -74.03568831899997,4.617375963848457,0 -74.03585269999996,4.617530154848429,0 -74.03586698499998,4.617544561848408,0 -74.03638170799996,4.616720734848452,0 -74.03645698099996,4.616467120848438,0 -74.03647112699997,4.616445427848432,0 -74.03649275399994,4.61640556784847,0 -74.03651356999995,4.616365344848495,0 -74.03653348499995,4.616323856848469,0 -74.03655421099995,4.61628372484849,0 -74.03657917099997,4.616245762848473,0 -74.03660890399993,4.616211507848465,0 -74.03664106999997,4.61617960384844,0 -74.03667026299996,4.616144986848463,0 -74.03669576299995,4.616107476848492,0 -74.03671883099997,4.616068068848472,0 -74.03680227499996,4.615907359848483,0 -74.03683218899994,4.615872923848463,0 -74.03687363099993,4.615854398848482,0 -74.03691822499997,4.615846631848489,0 -74.03696281899994,4.615838684848456,0 -74.03700813199998,4.615837696848502,0 -74.03705236599995,4.615826494848454,0 -74.03709533899996,4.615812399848465,0 -74.03713777099995,4.615795773848474,0 -74.03717831299997,4.6157751698485,0 -74.03721894499995,4.615754475848496,0 -74.03725912699997,4.615733058848471,0 -74.03730110899994,4.615715437848488,0 -74.03734174099998,4.615694743848485,0 -74.03738237299996,4.615674139848505,0 -74.03742192399994,4.615652451848502,0 -74.03745814199993,4.615624615848485,0 -74.03749363999998,4.61559632784848,0 -74.03752985899996,4.615568581848474,0 -74.03753918999996,4.615565133848504,0 -74.03786711799995,4.615246327848521,0 -74.03807957599997,4.615057713848503,0 -74.03808252299996,4.615054229848511,0 -74.03810613099995,4.615015182848483,0 -74.03813235199993,4.61497785384853,0 -74.03815929299998,4.614940705848482,0 -74.03818163999995,4.614901025848499,0 -74.03820452799994,4.614861616848496,0 -74.03823254999998,4.61482582484849,0 -74.03825552799998,4.614786416848526,0 -74.03827994699998,4.61474764084853,0 -74.03830364499998,4.614708503848489,0 -74.03833418899995,4.614674429848506,0 -74.03836221099994,4.614638637848504,0 -74.03839788899995,4.614610529848523,0 -74.03843599899994,4.614585677848496,0 -74.03847464999996,4.614562089848517,0 -74.03851176899997,4.61453597184853,0 -74.03854267299994,4.614502982848496,0 -74.03857600899994,4.614472343848509,0 -74.03860700399997,4.614439263848539,0 -74.03864088099994,4.614408805848509,0 -74.03867430699995,4.614378257848519,0 -74.03870403999997,4.614343911848518,0 -74.03873845699997,4.614314538848497,0 -74.03877179399996,4.614283899848509,0 -74.03880170699995,4.614249644848507,0 -74.03881504699996,4.614205715848554,0 -74.03882839299996,4.614116135848551,0 -74.03882722799995,4.614070757848515,0 -74.03884470899999,4.61404499784854,0 -74.03885272799994,4.61403306684852,0 -74.03888327199996,4.613999082848557,0 -74.03891660899995,4.613968444848556,0 -74.03895363799995,4.613942506848537,0 -74.03899868099995,4.613937993848516,0 -74.03904408399995,4.613936192848524,0 -74.03908804799994,4.613925713848549,0 -74.03911904199998,4.613892633848513,0 -74.03913670499998,4.613850331848528,0 -74.03915761099995,4.613810199848543,0 -74.03918500199995,4.613774136848569,0 -74.03921302399993,4.613738253848551,0 -74.03923528199994,4.613698664848569,0 -74.03925834899997,4.613659255848565,0 -74.03928384899996,4.613621655848526,0 -74.03930466499997,4.613581432848542,0 -74.03932493999997,4.61354102984853,0 -74.03934116199997,4.613498184848529,0 -74.03935603299993,4.613454887848541,0 -74.03936883099993,4.613410867848584,0 -74.03937712599998,4.613365761848567,0 -74.03938163699996,4.613320293848574,0 -74.03938695899996,4.613274916848575,0 -74.03939416999998,4.613248431848548,0 -74.03939876699997,4.613231167848546,0 -74.03942570799995,4.613194199848583,0 -74.03946183599999,4.613166273848554,0 -74.03949850499998,4.61313934084854,0 -74.03953670499999,4.613114668848545,0 -74.03957499499995,4.613089816848583,0 -74.03961652699996,4.613071291848547,0 -74.03965661799998,4.613049783848569,0 -74.03969535799996,4.613025925848557,0 -74.03973490899995,4.613004236848562,0 -74.03977301899994,4.612979473848563,0 -74.03980968799993,4.612952541848597,0 -74.03984752699995,4.612926785848592,0 -74.03988851899999,4.612907265848567,0 -74.03993293299999,4.612897781848587,0 -74.03997815599996,4.612894895848584,0 -74.04002058799995,4.612879986848573,0 -74.04006248099995,4.612860648848557,0 -74.04010095099994,4.612836789848605,0 -74.04013878999996,4.612811213848558,0 -74.04017744099997,4.612787355848596,0 -74.04019861299997,4.612769279848592,0 -74.04021176699996,4.612758072848599,0 -74.04024104999996,4.612723455848556,0 -74.04027195399993,4.612690375848582,0 -74.04030366899997,4.612657567848562,0 -74.04033358299995,4.612623131848611,0 -74.04036340599998,4.612588876848601,0 -74.04039394999995,4.612554802848556,0 -74.04043458199999,4.612534288848591,0 -74.04047737399998,4.612518566848585,0 -74.04052196799995,4.612509081848568,0 -74.04056538699996,4.612520929848612,0 -74.04060898699998,4.612534314848594,0 -74.04065303699997,4.612544897848603,0 -74.04069771799993,4.612551502848555,0 -74.04074177099994,4.612541113848601,0 -74.04077456699997,4.612509480848613,0 -74.04090663699998,4.612475783848569,0 -74.04094924499998,4.612492150848563,0 -74.04099185299998,4.612508428848594,0 -74.04103364999997,4.612526875848597,0 -74.04107544699997,4.612545231848598,0 -74.04111733399998,4.612563678848592,0 -74.04112717799995,4.612567652848572,0 -74.04132512299998,4.612596628848586,0 -74.04157164999998,4.612664464848551,0 -74.04161754199998,4.612677629848593,0 -74.04164125399996,4.612672048848562,0 -74.04168449699995,4.612659038848586,0 -74.04172602899996,4.612640332848588,0 -74.04176693099998,4.612619095848598,0 -74.04180801199993,4.612599395848604,0 -74.04184945399999,4.612580780848611,0 -74.04189188699996,4.61256415484857,0 -74.04193422999998,4.612547437848576,0 -74.04197810299996,4.61253524084858,0 -74.04202314699995,4.612528467848585,0 -74.04206764999998,4.612520700848588,0 -74.04211197299998,4.612509407848591,0 -74.04215602699998,4.612499109848581,0 -74.04219854899998,4.612484019848607,0 -74.04224080199998,4.612467392848571,0 -74.04228152299999,4.612446788848582,0 -74.04232440599998,4.612432603848589,0 -74.04236674799995,4.612416067848613,0 -74.04240701899994,4.612394468848577,0 -74.04244846099994,4.612375763848579,0 -74.04248810199994,4.612354074848585,0 -74.04253188499996,4.612341877848601,0 -74.04257431799994,4.612325160848605,0 -74.04261566999998,4.612306635848568,0 -74.04265972299999,4.612296065848604,0 -74.04270269599994,4.612282151848579,0 -74.04274521799994,4.612267061848601,0 -74.04278665999993,4.612248355848614,0 -74.04283053299997,4.612236339848582,0 -74.04287548699995,4.612227758848615,0 -74.04292053099994,4.612220895848604,0 -74.04296584299993,4.612225421848605,0 -74.04300962199994,4.6122389878486,0 -74.04305213999999,4.61225526484859,0 -74.04309474799999,4.612271632848579,0 -74.04313681599996,4.612289355848625,0 -74.04317951399997,4.612305633848596,0 -74.04322203099997,4.6123220008486,0 -74.04326409899994,4.612339724848568,0 -74.04330310199998,4.612363594848579,0 -74.04334183499998,4.612387916848575,0 -74.04337903699997,4.612414316848604,0 -74.04341659899995,4.61243981384857,0 -74.04345776499997,4.612459615848564,0 -74.04350037299997,4.612475983848615,0 -74.04354298099997,4.612492260848597,0 -74.04358558899997,4.612508628848584,0 -74.04362828699993,4.612524905848569,0 -74.04367080499998,4.612541273848557,0 -74.04371296199997,4.612558996848607,0 -74.04375322699997,4.612579341848595,0 -74.04378880699994,4.6126080928486,0 -74.04382168399997,4.612639192848601,0 -74.04385221799998,4.61267264384858,0 -74.04388518399998,4.612703653848556,0 -74.04391941299997,4.612733669848597,0 -74.04395517199998,4.612761787848587,0 -74.04399255399994,4.612787374848571,0 -74.04402831399995,4.612815492848554,0 -74.04405974899998,4.612848581848553,0 -74.04409001299996,4.612882574848602,0 -74.04411586199996,4.612919730848557,0 -74.04414252299995,4.61294902284858,0 -74.04414639599997,4.612953180848545,0 -74.04418098499997,4.612982383848541,0 -74.04421863699997,4.613007247848551,0 -74.04425863199998,4.613028224848571,0 -74.04430042899997,4.613046671848575,0 -74.04434231599998,4.613065117848585,0 -74.04438384199995,4.613084287848557,0 -74.04442302599995,4.613107343848586,0 -74.04446085799998,4.613132207848546,0 -74.04449625799998,4.613161139848557,0 -74.04455417299994,4.613223535848535,0</coordinates></LinearRing></outerBoundaryIs>
        </Polygon>
        <Polygon>
          <extrude>0</extrude><altitudeMode>clampToGround</altitudeMode>
          <outerBoundaryIs><LinearRing><coordinates> -74.06979300099994,4.57742601084974,0 -74.06970291799996,4.577598879849714,0 -74.06954300099994,4.5778028858497,0 -74.06922075099999,4.578405667849721,0 -74.06936238499998,4.578699112849665,0 -74.06940796499998,4.578887042849694,0 -74.06940966499997,4.57920173084969,0 -74.06945799299996,4.579102698849655,0 -74.06966558899995,4.578638958849684,0 -74.06973487299996,4.57853140484968,0 -74.06978847999994,4.578446249849724,0 -74.06984875099994,4.578383540849704,0 -74.06998297999996,4.578310533849677,0 -74.06997838699994,4.578296901849689,0 -74.06999135999996,4.578289978849684,0 -74.07003739299995,4.578271768849675,0 -74.06996589499994,4.578026420849722,0 -74.06994077599995,4.57790008184971,0 -74.07001087499998,4.577748532849699,0 -74.07002169099997,4.577683558849712,0 -74.07004151599995,4.577620428849706,0 -74.07006142699998,4.577586252849725,0 -74.06979300099994,4.57742601084974,0</coordinates></LinearRing></outerBoundaryIs>
        </Polygon>
        <Polygon>
          <extrude>0</extrude><altitudeMode>clampToGround</altitudeMode>
          <outerBoundaryIs><LinearRing><coordinates> -74.06658608699996,4.582577066849563,0 -74.06646728799996,4.582616036849545,0 -74.06636444299994,4.582819977849531,0 -74.06635919499996,4.583038057849556,0 -74.06637579099998,4.583009471849569,0 -74.06641004199997,4.582826923849581,0 -74.06648932799999,4.582700162849527,0 -74.06657167299994,4.582675196849575,0 -74.06663363699994,4.582656049849536,0 -74.06686397899995,4.582687286849564,0 -74.06692440799998,4.582706786849567,0 -74.06705233599996,4.582721693849548,0 -74.06714178499993,4.582623579849586,0 -74.06714333199994,4.582616466849546,0 -74.06701776599994,4.582650494849557,0 -74.06680762199994,4.58264594984954,0 -74.06658608699996,4.582577066849563,0</coordinates></LinearRing></outerBoundaryIs>
        </Polygon>
        <Polygon>
          <extrude>0</extrude><altitudeMode>clampToGround</altitudeMode>
          <outerBoundaryIs><LinearRing><coordinates> -74.06585290099997,4.583426519849525,0 -74.06594471099999,4.583473143849518,0 -74.06594671099998,4.583473342849524,0 -74.06585533799995,4.583426829849551,0 -74.06585290099997,4.583426519849525,0</coordinates></LinearRing></outerBoundaryIs>
        </Polygon>
      </MultiGeometry>
    </Placemark>
    <Placemark id="ID_00035">
      <name>RAMIREZ</name>
      <snippet></snippet>
      <description><![CDATA[<html xmlns:fo="http://www.w3.org/1999/XSL/Format" xmlns:msxsl="urn:schemas-microsoft-com:xslt">
<head>
<META http-equiv="Content-Type" content="text/html">
<meta http-equiv="content-type" content="text/html; charset=UTF-8">
</head>
<body style="margin:0px 0px 0px 0px;overflow:auto;background:#FFFFFF;">
<table style="font-family:Arial,Verdana,Times;font-size:12px;text-align:left;width:100%;border-collapse:collapse;padding:3px 3px 3px 3px">
<tr style="text-align:center;font-weight:bold;background:#9CBCE2">
<td>003210</td>
</tr>
<tr>
<td>
<table style="font-family:Arial,Verdana,Times;font-size:12px;text-align:left;width:100%;border-spacing:0px; padding:3px 3px 3px 3px">
<tr>
<td>OBJECTID1</td>
<td>41</td>
</tr>
<tr bgcolor="#D4E4F3">
<td>SCaCodigo</td>
<td>003210</td>
</tr>
<tr>
<td>SCaTipo</td>
<td>0</td>
</tr>
<tr bgcolor="#D4E4F3">
<td>SCaNombre</td>
<td>RAMIREZ</td>
</tr>
<tr>
<td>SHAPE</td>
<td>Polígono</td>
</tr>
<tr bgcolor="#D4E4F3">
<td>SHAPE_Length</td>
<td>0.021867</td>
</tr>
<tr>
<td>SHAPE_Area</td>
<td>0.000022</td>
</tr>
</table>
</td>
</tr>
</table>
</body><script type="text/javascript">
				function changeImage(attElement, nameElement) {
				document.getElementById('imageAttachment').src = attElement;
				document.getElementById('imageName').innerHTML = nameElement;}
			</script></html>
]]></description>
      <styleUrl>#PolyStyle035</styleUrl>
      <MultiGeometry>
        <Polygon>
          <extrude>0</extrude><altitudeMode>clampToGround</altitudeMode>
          <outerBoundaryIs><LinearRing><coordinates> -74.07356631599998,4.584600275849503,0 -74.07362026099997,4.584623928849475,0 -74.07366161199997,4.584641876849465,0 -74.07370255499995,4.584660679849514,0 -74.07374425499995,4.584677761849517,0 -74.07378556399993,4.584695704849506,0 -74.07382490299995,4.584713716849505,0 -74.07386628199998,4.584731659849484,0 -74.07390801299994,4.584748542849492,0 -74.07394911099993,4.584767120849463,0 -74.07403053199994,4.584805758849507,0 -74.07407162899995,4.584824336849486,0 -74.07411251699995,4.584842844849468,0 -74.07413961699996,4.584790728849518,0 -74.07436947799994,4.584910267849481,0 -74.07435883599999,4.584935195849495,0 -74.07458005699993,4.585016767849494,0 -74.07463088699996,4.585036967849478,0 -74.07464057999994,4.585039790849477,0 -74.07465715399996,4.585043742849461,0 -74.07467345899994,4.585047703849469,0 -74.07470057299997,4.585054630849482,0 -74.07470363499993,4.585056745849448,0 -74.07480443299994,4.585100326849451,0 -74.07488289099996,4.585130209849472,0 -74.07491324699998,4.585148499849483,0 -74.07493063199996,4.585157685849485,0 -74.07495891599996,4.585168770849467,0 -74.07499864099998,4.585184178849497,0 -74.07502242099997,4.585193500849478,0 -74.07504052699994,4.585200489849457,0 -74.07505809299994,4.585207343849454,0 -74.07509061099995,4.585219495849467,0 -74.07510105999995,4.585223383849499,0 -74.07512565199994,4.585232488849442,0 -74.07515258499996,4.585242380849484,0 -74.07516438499994,4.585246693849458,0 -74.07517339299994,4.585250084849466,0 -74.07517933799994,4.585252272849464,0 -74.07518429299995,4.585254035849461,0 -74.07518663499997,4.585255030849456,0 -74.07518789599999,4.585255735849451,0 -74.07518960699997,4.585256793849459,0 -74.07526518299994,4.585288999849469,0 -74.07528454999994,4.585290484849452,0 -74.07544551999996,4.58535568384946,0 -74.07554271499998,4.585395666849484,0 -74.07555748799996,4.585402167849449,0 -74.07557343099995,4.585409300849447,0 -74.07559261799997,4.585418414849471,0 -74.07562903599995,4.585437476849454,0 -74.07564179999997,4.585444055849447,0 -74.07575114299993,4.585509905849444,0 -74.07589030399998,4.585562354849456,0 -74.07590930999999,4.585571400849453,0 -74.07604365099996,4.585623774849459,0 -74.07618964999995,4.58567024084947,0 -74.07641058199994,4.58576478784947,0 -74.07653900299994,4.585819782849438,0 -74.07674866699995,4.585909443849437,0 -74.07681081499999,4.585936034849432,0 -74.07688570099998,4.585968102849432,0 -74.07694063399998,4.585978199849461,0 -74.07705308399994,4.58599848784943,0 -74.07707392199995,4.585995162849466,0 -74.07710173699996,4.585990959849468,0 -74.07709163299995,4.585819761849441,0 -74.07711524499996,4.585716722849482,0 -74.07728912699997,4.585463145849474,0 -74.07745895599999,4.585217468849468,0 -74.07748868399995,4.585197557849488,0 -74.07759405999997,4.584945094849458,0 -74.07778045999999,4.584540875849518,0 -74.07781650499999,4.584414254849527,0 -74.07786477099995,4.583750633849548,0 -74.07786463699995,4.583737218849535,0 -74.07786456599996,4.58372380484951,0 -74.07786477499997,4.583710380849531,0 -74.07786506399998,4.583696965849522,0 -74.07786555199993,4.583683551849503,0 -74.07786612099994,4.583670127849529,0 -74.07786689699998,4.583656713849508,0 -74.07786773599997,4.583643289849531,0 -74.07786998999995,4.583616523849517,0 -74.07787140599999,4.583603181849527,0 -74.07787288399999,4.583589830849521,0 -74.07787639999998,4.583563209849502,0 -74.07788049199996,4.583536660849515,0 -74.07788280899996,4.583523454849517,0 -74.07788520599996,4.583510175849539,0 -74.07788781099998,4.583497041849515,0 -74.07789048699993,4.58348390784955,0 -74.07789639899994,4.583457702849511,0 -74.07790287899996,4.583431642849528,0 -74.07790646499996,4.583418652849509,0 -74.07790998899998,4.583405726849556,0 -74.07791386299994,4.583392800849546,0 -74.07791766599996,4.583380019849542,0 -74.07792181099995,4.583367237849537,0 -74.07792590199995,4.583354456849525,0 -74.07793033499996,4.58334174784955,0 -74.07793476799998,4.583329110849554,0 -74.07794412999993,4.583303963849529,0 -74.07795412299998,4.583279042849554,0 -74.07795940299997,4.583266676849531,0 -74.07796468299995,4.583254320849526,0 -74.07797580999994,4.583229887849558,0 -74.07798749599993,4.583205735849518,0 -74.07799361399998,4.583193731849533,0 -74.07799966799996,4.583181799849523,0 -74.07800600199994,4.583170003849556,0 -74.07801240799995,4.583158208849525,0 -74.07802571499997,4.583134905849549,0 -74.07803950899995,4.583111883849551,0 -74.07804668999995,4.583100584849566,0 -74.07805386999996,4.583089222849559,0 -74.07806871799994,4.583066833849517,0 -74.07807639399994,4.583055887849542,0 -74.07808406099997,4.583044868849547,0 -74.07809989899994,4.583023193849524,0 -74.07811629599996,4.583001934849525,0 -74.07812467499997,4.582991485849522,0 -74.07813312499997,4.582981036849526,0 -74.07814178299998,4.582970795849544,0 -74.07815036899996,4.582960554849562,0 -74.07815923399994,4.582950458849575,0 -74.07816809899998,4.582940434849569,0 -74.07818633299996,4.582920730849563,0 -74.07820498199999,4.582901450849555,0 -74.07821455899995,4.582892059849564,0 -74.07822405399997,4.582882668849577,0 -74.07823383799996,4.582873485849543,0 -74.07824362199995,4.58286423884956,0 -74.07825354999994,4.582855344849543,0 -74.07826353999997,4.582846306849575,0 -74.07827367499993,4.58283762084957,0 -74.07828380999996,4.582828861849549,0 -74.07830457599994,4.582811842849565,0 -74.07832569299995,4.582795320849555,0 -74.07834715199994,4.58277929584958,0 -74.07867047799994,4.582628619849551,0 -74.07891617599995,4.582521661849547,0 -74.07890816999998,4.582507412849549,0 -74.07883845099997,4.582285445849596,0 -74.07866607399995,4.581855275849595,0 -74.07847399399998,4.581410342849626,0 -74.07841522599995,4.581302628849601,0 -74.07839212899995,4.581265184849623,0 -74.07831381099999,4.581176264849627,0 -74.07818207899999,4.581047574849634,0 -74.07798890699996,4.580876655849612,0 -74.07793738899994,4.580839510849593,0 -74.07791816299994,4.580849757849632,0 -74.07782204299997,4.580940060849604,0 -74.07757087199997,4.580911851849607,0 -74.07762420299997,4.58079800584964,0 -74.07763058299997,4.580783070849614,0 -74.07770440199994,4.580606925849606,0 -74.07774832599995,4.580502975849624,0 -74.07778761299994,4.580382853849634,0 -74.07778768599997,4.580381723849645,0 -74.07773286699995,4.58029657684965,0 -74.07772523999995,4.580287957849631,0 -74.07747889299998,4.579917173849649,0 -74.07732562799998,4.579667189849674,0 -74.07717511999994,4.579480047849662,0 -74.07703725499994,4.57937070884966,0 -74.07690750699999,4.579313938849643,0 -74.07667105599995,4.579210100849676,0 -74.07646645099999,4.579151416849671,0 -74.07630199799996,4.579122404849648,0 -74.07614823099993,4.579101345849699,0 -74.07600852399997,4.57901023184966,0 -74.07578822899995,4.578838935849705,0 -74.07573432699996,4.578804776849708,0 -74.07561314699996,4.5787438888497,0 -74.07557140799997,4.578729746849713,0 -74.07545455299999,4.57872973584971,0 -74.07550336099996,4.578889486849659,0 -74.07565257799996,4.579374949849665,0 -74.07567590099995,4.57945433684969,0 -74.07569831599994,4.579613090849667,0 -74.07571803399998,4.579706949849665,0 -74.07572892699994,4.579777358849648,0 -74.07571439399999,4.580078698849664,0 -74.07557149999997,4.580333064849639,0 -74.07549419699995,4.580472038849604,0 -74.07547337699998,4.580584388849595,0 -74.07544768599996,4.580762563849623,0 -74.07539516399999,4.580811217849635,0 -74.07540588199998,4.580823856849615,0 -74.07529633099995,4.580950190849622,0 -74.07507506699994,4.581193737849584,0 -74.07501938899998,4.581269509849579,0 -74.07490604699996,4.58146081084961,0 -74.07485018799997,4.581543787849579,0 -74.07472262099998,4.58166467784958,0 -74.07466506199995,4.581632184849592,0 -74.07449786299998,4.581707945849599,0 -74.07443309099995,4.581742261849572,0 -74.07437381099999,4.581805387849561,0 -74.07435939599998,4.581825236849568,0 -74.07433570099994,4.581864917849601,0 -74.07421632099994,4.582085668849571,0 -74.07400352299999,4.582336284849576,0 -74.07393217199996,4.582392349849535,0 -74.07375577999994,4.582517049849551,0 -74.07370604199997,4.582643380849534,0 -74.07371936899995,4.582698676849555,0 -74.07375160699996,4.582805038849552,0 -74.07383851299994,4.583032019849573,0 -74.07386508099995,4.583093111849531,0 -74.07382434999994,4.583231104849531,0 -74.07380876399998,4.583248539849549,0 -74.07378885699995,4.58323688584955,0 -74.07347975499994,4.583551898849517,0 -74.07331840599994,4.583679067849507,0 -74.07317660399997,4.583804973849504,0 -74.07309219099994,4.583866478849524,0 -74.07300841099999,4.583905520849547,0 -74.07292814599998,4.583929665849545,0 -74.07281499599998,4.583995615849507,0 -74.07279732599994,4.584140877849488,0 -74.07280858199994,4.58417470484953,0 -74.07283325899994,4.584230924849495,0 -74.07286324999995,4.584294628849508,0 -74.07294404599998,4.584327958849521,0 -74.07306874699998,4.58438016084952,0 -74.07314664699999,4.584415761849503,0 -74.07331512099995,4.584491556849485,0 -74.07345171599997,4.584550399849512,0 -74.07349393999993,4.584568553849492,0 -74.07356631599998,4.584600275849503,0</coordinates></LinearRing></outerBoundaryIs>
        </Polygon>
      </MultiGeometry>
    </Placemark>
    <Placemark id="ID_00036">
      <name>SAGRADO CORAZON</name>
      <snippet></snippet>
      <description><![CDATA[<html xmlns:fo="http://www.w3.org/1999/XSL/Format" xmlns:msxsl="urn:schemas-microsoft-com:xslt">
<head>
<META http-equiv="Content-Type" content="text/html">
<meta http-equiv="content-type" content="text/html; charset=UTF-8">
</head>
<body style="margin:0px 0px 0px 0px;overflow:auto;background:#FFFFFF;">
<table style="font-family:Arial,Verdana,Times;font-size:12px;text-align:left;width:100%;border-collapse:collapse;padding:3px 3px 3px 3px">
<tr style="text-align:center;font-weight:bold;background:#9CBCE2">
<td>008101</td>
</tr>
<tr>
<td>
<table style="font-family:Arial,Verdana,Times;font-size:12px;text-align:left;width:100%;border-spacing:0px; padding:3px 3px 3px 3px">
<tr>
<td>OBJECTID1</td>
<td>3</td>
</tr>
<tr bgcolor="#D4E4F3">
<td>SCaCodigo</td>
<td>008101</td>
</tr>
<tr>
<td>SCaTipo</td>
<td>0</td>
</tr>
<tr bgcolor="#D4E4F3">
<td>SCaNombre</td>
<td>SAGRADO CORAZON</td>
</tr>
<tr>
<td>SHAPE</td>
<td>Polígono</td>
</tr>
<tr bgcolor="#D4E4F3">
<td>SHAPE_Length</td>
<td>0.017207</td>
</tr>
<tr>
<td>SHAPE_Area</td>
<td>0.000016</td>
</tr>
</table>
</td>
</tr>
</table>
</body><script type="text/javascript">
				function changeImage(attElement, nameElement) {
				document.getElementById('imageAttachment').src = attElement;
				document.getElementById('imageName').innerHTML = nameElement;}
			</script></html>
]]></description>
      <styleUrl>#PolyStyle036</styleUrl>
      <MultiGeometry>
        <Polygon>
          <extrude>0</extrude><altitudeMode>clampToGround</altitudeMode>
          <outerBoundaryIs><LinearRing><coordinates> -74.06711254699997,4.621371611848327,0 -74.06698639899997,4.621616567848279,0 -74.06681617699996,4.622052793848303,0 -74.06657205199997,4.622767517848247,0 -74.06645426299997,4.62317482384824,0 -74.06644957699996,4.623191094848225,0 -74.06640163299994,4.623344036848217,0 -74.06607203699997,4.624667108848174,0 -74.06581742599997,4.625722756848171,0 -74.06587079199994,4.625806718848134,0 -74.06587957199997,4.62580877284818,0 -74.06602712799997,4.625869354848125,0 -74.06611990599998,4.625968075848149,0 -74.06621511199995,4.626110006848119,0 -74.06626626799994,4.626229604848136,0 -74.06629931599997,4.626353268848143,0 -74.06636213799999,4.626488716848117,0 -74.06666390599997,4.626883016848137,0 -74.06693267099996,4.627122705848085,0 -74.06711288799994,4.627207591848102,0 -74.06723134099997,4.627282418848094,0 -74.06741382099995,4.627340891848118,0 -74.06743907799995,4.627347739848121,0 -74.06743947099994,4.627349110848115,0 -74.06745040799996,4.627352615848104,0 -74.06746244299995,4.627429357848083,0 -74.06751490199997,4.627612605848117,0 -74.06753705099999,4.62772623384806,0 -74.06764134999997,4.627926921848069,0 -74.06777106699997,4.627999884848101,0 -74.06789042699995,4.62805720884811,0 -74.06799951199997,4.628156112848074,0 -74.06813435099997,4.628348849848085,0 -74.06821172399998,4.628457422848061,0 -74.06839936699998,4.628539430848055,0 -74.06853015799999,4.627864015848085,0 -74.06898393099993,4.625353710848183,0 -74.06933963199998,4.623344363848233,0 -74.06942850499996,4.622903246848271,0 -74.06946708299995,4.622706641848229,0 -74.06897208499998,4.62244688384827,0 -74.06803137299994,4.621885156848295,0 -74.06711254699997,4.621371611848327,0</coordinates></LinearRing></outerBoundaryIs>
        </Polygon>
      </MultiGeometry>
    </Placemark>
    <Placemark id="ID_00037">
      <name>SAMPER</name>
      <snippet></snippet>
      <description><![CDATA[<html xmlns:fo="http://www.w3.org/1999/XSL/Format" xmlns:msxsl="urn:schemas-microsoft-com:xslt">
<head>
<META http-equiv="Content-Type" content="text/html">
<meta http-equiv="content-type" content="text/html; charset=UTF-8">
</head>
<body style="margin:0px 0px 0px 0px;overflow:auto;background:#FFFFFF;">
<table style="font-family:Arial,Verdana,Times;font-size:12px;text-align:left;width:100%;border-collapse:collapse;padding:3px 3px 3px 3px">
<tr style="text-align:center;font-weight:bold;background:#9CBCE2">
<td>008108</td>
</tr>
<tr>
<td>
<table style="font-family:Arial,Verdana,Times;font-size:12px;text-align:left;width:100%;border-spacing:0px; padding:3px 3px 3px 3px">
<tr>
<td>OBJECTID1</td>
<td>24</td>
</tr>
<tr bgcolor="#D4E4F3">
<td>SCaCodigo</td>
<td>008108</td>
</tr>
<tr>
<td>SCaTipo</td>
<td>0</td>
</tr>
<tr bgcolor="#D4E4F3">
<td>SCaNombre</td>
<td>SAMPER</td>
</tr>
<tr>
<td>SHAPE</td>
<td>Polígono</td>
</tr>
<tr bgcolor="#D4E4F3">
<td>SHAPE_Length</td>
<td>0.019739</td>
</tr>
<tr>
<td>SHAPE_Area</td>
<td>0.000017</td>
</tr>
</table>
</td>
</tr>
</table>
</body><script type="text/javascript">
				function changeImage(attElement, nameElement) {
				document.getElementById('imageAttachment').src = attElement;
				document.getElementById('imageName').innerHTML = nameElement;}
			</script></html>
]]></description>
      <styleUrl>#PolyStyle037</styleUrl>
      <MultiGeometry>
        <Polygon>
          <extrude>0</extrude><altitudeMode>clampToGround</altitudeMode>
          <outerBoundaryIs><LinearRing><coordinates> -74.06898049999995,4.61548503584849,0 -74.06871159899998,4.616266107848459,0 -74.06862299999995,4.616671699848439,0 -74.06846075199996,4.61752826384842,0 -74.06836106599997,4.617990893848419,0 -74.06812654499998,4.61905517684839,0 -74.06811374899996,4.619093140848388,0 -74.06791803399994,4.61952746584833,0 -74.06774556499994,4.619923918848325,0 -74.06770888999995,4.620008162848317,0 -74.06748812499995,4.620490032848346,0 -74.06714976099994,4.621299661848323,0 -74.06711254699997,4.621371611848327,0 -74.06803137299994,4.621885156848295,0 -74.06897208499998,4.62244688384827,0 -74.06946708299995,4.622706641848229,0 -74.06951593699995,4.622457337848275,0 -74.06963481899999,4.621921490848259,0 -74.06973080199998,4.62154780884829,0 -74.06984340799994,4.621232131848305,0 -74.06989208999994,4.621081908848315,0 -74.06992928399995,4.621001987848302,0 -74.07000375299998,4.620806148848303,0 -74.07017946299999,4.620425062848312,0 -74.07021568499994,4.620356457848342,0 -74.07039904699997,4.620008998848338,0 -74.07061893399998,4.619625064848342,0 -74.07138505599994,4.618166525848397,0 -74.07141794399996,4.618101867848414,0 -74.07175673699999,4.617439941848413,0 -74.07113419199999,4.616220177848467,0 -74.07078603399998,4.615996684848454,0 -74.06994765699994,4.615514428848472,0 -74.06963213799997,4.615868742848448,0 -74.06937356399999,4.616134113848452,0 -74.06916697099996,4.616375625848448,0 -74.06903193499994,4.616343159848455,0 -74.06917228399993,4.615564061848469,0 -74.06898049999995,4.61548503584849,0</coordinates></LinearRing></outerBoundaryIs>
        </Polygon>
      </MultiGeometry>
    </Placemark>
    <Placemark id="ID_00038">
      <name>SAN ANTONIO</name>
      <snippet></snippet>
      <description><![CDATA[<html xmlns:fo="http://www.w3.org/1999/XSL/Format" xmlns:msxsl="urn:schemas-microsoft-com:xslt">
<head>
<META http-equiv="Content-Type" content="text/html">
<meta http-equiv="content-type" content="text/html; charset=UTF-8">
</head>
<body style="margin:0px 0px 0px 0px;overflow:auto;background:#FFFFFF;">
<table style="font-family:Arial,Verdana,Times;font-size:12px;text-align:left;width:100%;border-collapse:collapse;padding:3px 3px 3px 3px">
<tr style="text-align:center;font-weight:bold;background:#9CBCE2">
<td>002102</td>
</tr>
<tr>
<td>
<table style="font-family:Arial,Verdana,Times;font-size:12px;text-align:left;width:100%;border-spacing:0px; padding:3px 3px 3px 3px">
<tr>
<td>OBJECTID1</td>
<td>31</td>
</tr>
<tr bgcolor="#D4E4F3">
<td>SCaCodigo</td>
<td>002102</td>
</tr>
<tr>
<td>SCaTipo</td>
<td>0</td>
</tr>
<tr bgcolor="#D4E4F3">
<td>SCaNombre</td>
<td>SAN ANTONIO</td>
</tr>
<tr>
<td>SHAPE</td>
<td>Polígono</td>
</tr>
<tr bgcolor="#D4E4F3">
<td>SHAPE_Length</td>
<td>0.000063</td>
</tr>
<tr>
<td>SHAPE_Area</td>
<td>0</td>
</tr>
</table>
</td>
</tr>
</table>
</body><script type="text/javascript">
				function changeImage(attElement, nameElement) {
				document.getElementById('imageAttachment').src = attElement;
				document.getElementById('imageName').innerHTML = nameElement;}
			</script></html>
]]></description>
      <styleUrl>#PolyStyle038</styleUrl>
      <MultiGeometry>
        <Polygon>
          <extrude>0</extrude><altitudeMode>clampToGround</altitudeMode>
          <outerBoundaryIs><LinearRing><coordinates> -74.08896589799997,4.591874385849235,0 -74.08895410399998,4.591875652849252,0 -74.08893876299999,4.591881092849249,0 -74.08895650299996,4.591887596849252,0 -74.08896589799997,4.591874385849235,0</coordinates></LinearRing></outerBoundaryIs>
        </Polygon>
      </MultiGeometry>
    </Placemark>
    <Placemark id="ID_00039">
      <name>SAN BERNARDO</name>
      <snippet></snippet>
      <description><![CDATA[<html xmlns:fo="http://www.w3.org/1999/XSL/Format" xmlns:msxsl="urn:schemas-microsoft-com:xslt">
<head>
<META http-equiv="Content-Type" content="text/html">
<meta http-equiv="content-type" content="text/html; charset=UTF-8">
</head>
<body style="margin:0px 0px 0px 0px;overflow:auto;background:#FFFFFF;">
<table style="font-family:Arial,Verdana,Times;font-size:12px;text-align:left;width:100%;border-collapse:collapse;padding:3px 3px 3px 3px">
<tr style="text-align:center;font-weight:bold;background:#9CBCE2">
<td>003201</td>
</tr>
<tr>
<td>
<table style="font-family:Arial,Verdana,Times;font-size:12px;text-align:left;width:100%;border-spacing:0px; padding:3px 3px 3px 3px">
<tr>
<td>OBJECTID1</td>
<td>16</td>
</tr>
<tr bgcolor="#D4E4F3">
<td>SCaCodigo</td>
<td>003201</td>
</tr>
<tr>
<td>SCaTipo</td>
<td>0</td>
</tr>
<tr bgcolor="#D4E4F3">
<td>SCaNombre</td>
<td>SAN BERNARDO</td>
</tr>
<tr>
<td>SHAPE</td>
<td>Polígono</td>
</tr>
<tr bgcolor="#D4E4F3">
<td>SHAPE_Length</td>
<td>0.022874</td>
</tr>
<tr>
<td>SHAPE_Area</td>
<td>0.00003</td>
</tr>
</table>
</td>
</tr>
</table>
</body><script type="text/javascript">
				function changeImage(attElement, nameElement) {
				document.getElementById('imageAttachment').src = attElement;
				document.getElementById('imageName').innerHTML = nameElement;}
			</script></html>
]]></description>
      <styleUrl>#PolyStyle039</styleUrl>
      <MultiGeometry>
        <Polygon>
          <extrude>0</extrude><altitudeMode>clampToGround</altitudeMode>
          <outerBoundaryIs><LinearRing><coordinates> -74.08807235199998,4.591272499849294,0 -74.08690381999997,4.590530377849292,0 -74.08493086799996,4.589319822849329,0 -74.08477778799994,4.589219792849333,0 -74.08289742399995,4.59207845384925,0 -74.08285187399997,4.592047764849274,0 -74.08280767799994,4.592114197849249,0 -74.08279381699998,4.592135557849252,0 -74.08279395199997,4.59213636084923,0 -74.08268605999996,4.592310568849256,0 -74.08271407399997,4.592325685849232,0 -74.08155386299995,4.594091763849184,0 -74.08140955099998,4.594335465849205,0 -74.08141522399995,4.594364550849189,0 -74.08142026099995,4.594390681849164,0 -74.08142605699999,4.594421145849179,0 -74.08142933199997,4.594438543849198,0 -74.08143176899995,4.594451585849182,0 -74.08143419099997,4.594464620849168,0 -74.08143819199995,4.594486339849182,0 -74.08144135999999,4.594503703849158,0 -74.08144527899998,4.594525393849195,0 -74.08144914499997,4.594547069849162,0 -74.08144972099996,4.594551369849158,0 -74.08145004599999,4.59455562584916,0 -74.08145013199999,4.594559836849194,0 -74.08144998499995,4.594564008849194,0 -74.08144961099998,4.594568142849185,0 -74.08144901899993,4.594572236849144,0 -74.08144821899998,4.594576293849156,0 -74.08144721599996,4.594580313849165,0 -74.08144601899994,4.594584300849179,0 -74.08144463499997,4.594588258849154,0 -74.08144307199996,4.594592180849172,0 -74.08144133899998,4.594596077849171,0 -74.08143944199998,4.594599944849144,0 -74.08143738999996,4.594603782849146,0 -74.08143518799994,4.594607596849169,0 -74.08143284799996,4.594611388849144,0 -74.08143037699995,4.594615155849156,0 -74.08142778099995,4.594618905849175,0 -74.08142506599995,4.594622631849157,0 -74.08142224399995,4.594626341849144,0 -74.08141932299998,4.594630034849142,0 -74.08141630599994,4.594633713849182,0 -74.08141320399994,4.594637378849185,0 -74.08141002399998,4.594641030849163,0 -74.08140677599994,4.59464467284918,0 -74.08140346499994,4.594648302849159,0 -74.08140009699997,4.594651926849151,0 -74.08139668599995,4.594655544849145,0 -74.08139323299997,4.594659157849189,0 -74.08138975299994,4.59466276684917,0 -74.08137214599998,4.594680806849152,0 -74.08136864099998,4.594684422849164,0 -74.08136515999996,4.594688046849146,0 -74.08136170899996,4.594691678849168,0 -74.08135829599996,4.594695317849162,0 -74.08135493099996,4.594698969849142,0 -74.08135162099995,4.594702634849152,0 -74.08134837199998,4.594706311849142,0 -74.08134519299995,4.594710003849157,0 -74.08134209399998,4.594713713849141,0 -74.08133907999996,4.59471744184917,0 -74.08133615699995,4.594721187849168,0 -74.08133333899997,4.594724954849175,0 -74.08133062599995,4.594728745849163,0 -74.08132803099994,4.59473255884914,0 -74.08132556099997,4.594736396849195,0 -74.08132321399995,4.594740261849188,0 -74.08131859999997,4.59474801784919,0 -74.08131403299996,4.594755805849138,0 -74.08130951199996,4.594763619849154,0 -74.08130726799999,4.594767533849145,0 -74.08130280599994,4.594775382849189,0 -74.08129837899997,4.594783252849174,0 -74.08129398299997,4.594791141849191,0 -74.08128743999998,4.594803004849188,0 -74.08127878699997,4.594818864849149,0 -74.08127018999994,4.594834759849137,0 -74.08125304199996,4.59486657884915,0 -74.08124658599996,4.594878495849152,0 -74.08124226399997,4.594886432849166,0 -74.08123792199996,4.594894355849172,0 -74.08123356099998,4.594902268849156,0 -74.08122917099996,4.594910162849178,0 -74.08122475199997,4.594918041849184,0 -74.08122029799995,4.594925899849135,0 -74.08121580699998,4.594933734849146,0 -74.08119548399998,4.594968930849143,0 -74.08117519099994,4.595004146849163,0 -74.08115717699997,4.595035464849128,0 -74.08113654199997,4.595071394849151,0 -74.08114145399998,4.595074253849155,0 -74.08174617599997,4.595449302849159,0 -74.08211479899995,4.595525042849157,0 -74.08317881599999,4.59584455784915,0 -74.08379041699999,4.596374307849134,0 -74.08465825599995,4.597069701849103,0 -74.08716966999998,4.593861934849211,0 -74.08887092099997,4.591881439849276,0 -74.08888478499995,4.591880799849276,0 -74.08889864899999,4.591880095849277,0 -74.08893876299999,4.591881092849249,0 -74.08892988999997,4.591877837849282,0 -74.08891497299999,4.591872403849287,0 -74.08888781499996,4.591844433849263,0 -74.08876972699994,4.591715394849263,0 -74.08807235199998,4.591272499849294,0</coordinates></LinearRing></outerBoundaryIs>
        </Polygon>
      </MultiGeometry>
    </Placemark>
    <Placemark id="ID_00040">
      <name>SAN DIEGO</name>
      <snippet></snippet>
      <description><![CDATA[<html xmlns:fo="http://www.w3.org/1999/XSL/Format" xmlns:msxsl="urn:schemas-microsoft-com:xslt">
<head>
<META http-equiv="Content-Type" content="text/html">
<meta http-equiv="content-type" content="text/html; charset=UTF-8">
</head>
<body style="margin:0px 0px 0px 0px;overflow:auto;background:#FFFFFF;">
<table style="font-family:Arial,Verdana,Times;font-size:12px;text-align:left;width:100%;border-collapse:collapse;padding:3px 3px 3px 3px">
<tr style="text-align:center;font-weight:bold;background:#9CBCE2">
<td>008107</td>
</tr>
<tr>
<td>
<table style="font-family:Arial,Verdana,Times;font-size:12px;text-align:left;width:100%;border-spacing:0px; padding:3px 3px 3px 3px">
<tr>
<td>OBJECTID1</td>
<td>36</td>
</tr>
<tr bgcolor="#D4E4F3">
<td>SCaCodigo</td>
<td>008107</td>
</tr>
<tr>
<td>SCaTipo</td>
<td>0</td>
</tr>
<tr bgcolor="#D4E4F3">
<td>SCaNombre</td>
<td>SAN DIEGO</td>
</tr>
<tr>
<td>SHAPE</td>
<td>Polígono</td>
</tr>
<tr bgcolor="#D4E4F3">
<td>SHAPE_Length</td>
<td>0.02758</td>
</tr>
<tr>
<td>SHAPE_Area</td>
<td>0.000027</td>
</tr>
</table>
</td>
</tr>
</table>
</body><script type="text/javascript">
				function changeImage(attElement, nameElement) {
				document.getElementById('imageAttachment').src = attElement;
				document.getElementById('imageName').innerHTML = nameElement;}
			</script></html>
]]></description>
      <styleUrl>#PolyStyle040</styleUrl>
      <MultiGeometry>
        <Polygon>
          <extrude>0</extrude><altitudeMode>clampToGround</altitudeMode>
          <outerBoundaryIs><LinearRing><coordinates> -74.07078603399998,4.615996684848454,0 -74.07113419199999,4.616220177848467,0 -74.07175673699999,4.617439941848413,0 -74.07212210999995,4.616726222848458,0 -74.07275049599997,4.615495652848482,0 -74.07279698999997,4.615405533848496,0 -74.07226502399999,4.614633596848489,0 -74.07204777099997,4.614309959848555,0 -74.07204542899996,4.614305259848518,0 -74.07114097499993,4.612548249848568,0 -74.07073489899994,4.61228226484858,0 -74.07086077299994,4.612044268848571,0 -74.06986412799995,4.611498266848635,0 -74.06986008399997,4.611406334848602,0 -74.06981632099996,4.611238376848643,0 -74.06966500099998,4.611018429848651,0 -74.06952952999995,4.61085832584862,0 -74.06939000199998,4.610734469848668,0 -74.06915895699996,4.610518580848667,0 -74.06893970599998,4.610366603848639,0 -74.06848444599996,4.610092385848692,0 -74.06769039999995,4.60960371384869,0 -74.06633534199995,4.608803567848699,0 -74.06613959399994,4.608744156848715,0 -74.06599002199994,4.608750545848728,0 -74.06590499699996,4.608885597848686,0 -74.06594398899995,4.609016764848694,0 -74.06597791699994,4.609317964848702,0 -74.06595547099994,4.609452198848668,0 -74.06583427499999,4.609729606848708,0 -74.06574155799996,4.609904238848684,0 -74.06569660499997,4.609905860848698,0 -74.06567606199997,4.609936773848682,0 -74.06567249699998,4.609946149848665,0 -74.06567156899996,4.609945677848651,0 -74.06566892099994,4.609953772848649,0 -74.06566660099998,4.609961630848653,0 -74.06565416499996,4.609992273848653,0 -74.06564037699997,4.610036745848666,0 -74.06559676399996,4.610148197848661,0 -74.06554783199994,4.610285320848661,0 -74.06545140899993,4.610564087848647,0 -74.06537111299997,4.610828121848638,0 -74.06531558099994,4.611184000848615,0 -74.06527266699999,4.6114721738486,0 -74.06526942299996,4.611486275848626,0 -74.06526761999999,4.611497303848641,0 -74.06527815599998,4.611524513848622,0 -74.06532481599999,4.611564111848626,0 -74.06739636199995,4.612048319848598,0 -74.06743401699998,4.6120586288486,0 -74.06691164699998,4.614172453848515,0 -74.06690903299994,4.614183391848515,0 -74.06909972099999,4.615138474848492,0 -74.06898049999995,4.61548503584849,0 -74.06917228399993,4.615564061848469,0 -74.06903193499994,4.616343159848455,0 -74.06916697099996,4.616375625848448,0 -74.06937356399999,4.616134113848452,0 -74.06963213799997,4.615868742848448,0 -74.06994765699994,4.615514428848472,0 -74.07078603399998,4.615996684848454,0</coordinates></LinearRing></outerBoundaryIs>
        </Polygon>
      </MultiGeometry>
    </Placemark>
    <Placemark id="ID_00041">
      <name>SAN FRANCISCO RURAL</name>
      <snippet></snippet>
      <description><![CDATA[<html xmlns:fo="http://www.w3.org/1999/XSL/Format" xmlns:msxsl="urn:schemas-microsoft-com:xslt">
<head>
<META http-equiv="Content-Type" content="text/html">
<meta http-equiv="content-type" content="text/html; charset=UTF-8">
</head>
<body style="margin:0px 0px 0px 0px;overflow:auto;background:#FFFFFF;">
<table style="font-family:Arial,Verdana,Times;font-size:12px;text-align:left;width:100%;border-collapse:collapse;padding:3px 3px 3px 3px">
<tr style="text-align:center;font-weight:bold;background:#9CBCE2">
<td>003215</td>
</tr>
<tr>
<td>
<table style="font-family:Arial,Verdana,Times;font-size:12px;text-align:left;width:100%;border-spacing:0px; padding:3px 3px 3px 3px">
<tr>
<td>OBJECTID1</td>
<td>38</td>
</tr>
<tr bgcolor="#D4E4F3">
<td>SCaCodigo</td>
<td>003215</td>
</tr>
<tr>
<td>SCaTipo</td>
<td>0</td>
</tr>
<tr bgcolor="#D4E4F3">
<td>SCaNombre</td>
<td>SAN FRANCISCO RURAL</td>
</tr>
<tr>
<td>SHAPE</td>
<td>Polígono</td>
</tr>
<tr bgcolor="#D4E4F3">
<td>SHAPE_Length</td>
<td>0.035511</td>
</tr>
<tr>
<td>SHAPE_Area</td>
<td>0.000022</td>
</tr>
</table>
</td>
</tr>
</table>
</body><script type="text/javascript">
				function changeImage(attElement, nameElement) {
				document.getElementById('imageAttachment').src = attElement;
				document.getElementById('imageName').innerHTML = nameElement;}
			</script></html>
]]></description>
      <styleUrl>#PolyStyle041</styleUrl>
      <MultiGeometry>
        <Polygon>
          <extrude>0</extrude><altitudeMode>clampToGround</altitudeMode>
          <outerBoundaryIs><LinearRing><coordinates> -74.06564718099997,4.594857795849159,0 -74.06560019999995,4.594893702849132,0 -74.06556749499998,4.594930136849172,0 -74.06555298699993,4.594973849849136,0 -74.06555289099998,4.595024769849174,0 -74.06555657999996,4.595061207849164,0 -74.06556017899999,4.595104923849155,0 -74.06557828199993,4.595134023849166,0 -74.06585394999996,4.595814908849153,0 -74.06589024499993,4.595895066849149,0 -74.06591564499996,4.595927837849101,0 -74.06593744399999,4.595935116849149,0 -74.06636557399997,4.596255677849103,0 -74.06639817999996,4.596292020849139,0 -74.06641267999998,4.596324744849119,0 -74.06641997199995,4.59636479084911,0 -74.06641996799993,4.596397604849113,0 -74.06610424099995,4.597071100849076,0 -74.06605342599994,4.597136631849095,0 -74.06600261399996,4.597187608849104,0 -74.06594450699998,4.597213093849074,0 -74.06588649099996,4.597234962849097,0 -74.06584658399998,4.597234957849089,0 -74.06579577699995,4.597231335849087,0 -74.06574496999997,4.597231330849085,0 -74.06570866799996,4.597216682849092,0 -74.06561075199994,4.597176626849103,0 -74.06556355099997,4.597151129849074,0 -74.06552724999995,4.597125724849111,0 -74.06548381799996,4.597092640849117,0 -74.06537493299999,4.597001865849073,0 -74.06532412899998,4.596979984849122,0 -74.06526971999995,4.596969130849081,0 -74.06520801099998,4.596979971849085,0 -74.06518260499996,4.59700184384907,0 -74.06515719799995,4.597038089849105,0 -74.06514629299994,4.597081929849103,0 -74.06515718799994,4.597118360849108,0 -74.06518619199994,4.597143854849106,0 -74.06525392999998,4.597193218849116,0 -74.06572418799993,4.597514868849093,0 -74.06572921699996,4.597516636849095,0 -74.06573813399996,4.597519708849063,0 -74.06574706599997,4.597522701849076,0 -74.06575153699998,4.597524162849088,0 -74.06575600899998,4.597525601849099,0 -74.06576048399995,4.597527016849086,0 -74.06576496099996,4.597528407849104,0 -74.06576943699997,4.597529771849054,0 -74.06577439699998,4.597531249849059,0 -74.06596825399998,4.597526314849064,0 -74.06614257899997,4.597401498849083,0 -74.06616032699998,4.597388302849089,0 -74.06650682599997,4.597052705849098,0 -74.06653853799997,4.59702251784911,0 -74.06670547899995,4.596873565849103,0 -74.06680560099994,4.596525194849088,0 -74.06687310999996,4.596196869849103,0 -74.06694415599998,4.595651335849149,0 -74.06705759199997,4.595456854849162,0 -74.06715688999998,4.59522437984915,0 -74.06721519099995,4.595065353849144,0 -74.06730606399998,4.59493574984916,0 -74.06730845299995,4.594930014849153,0 -74.06731021199994,4.59492586584915,0 -74.06731199299998,4.594921731849154,0 -74.06731379499996,4.59491760984915,0 -74.06731561699996,4.594913503849142,0 -74.06731746199995,4.594909411849165,0 -74.06731932999998,4.594905333849146,0 -74.06732122499994,4.59490127384916,0 -74.06732314199996,4.594897228849136,0 -74.06732508199997,4.594893202849144,0 -74.06732704799998,4.594889190849162,0 -74.06732904199998,4.594885195849175,0 -74.06733106299998,4.594881220849152,0 -74.06733311099998,4.59487726184918,0 -74.06733518899995,4.594873323849163,0 -74.06733729499996,4.594869402849191,0 -74.06733943099994,4.594865504849141,0 -74.06734159699994,4.594861623849147,0 -74.06734379399995,4.594857764849149,0 -74.06734602399996,4.594853927849132,0 -74.06734828399993,4.59485011284918,0 -74.06735057899994,4.594846316849195,0 -74.06735290899996,4.594842545849167,0 -74.06735526999995,4.594838796849138,0 -74.06735766899999,4.594835069849158,0 -74.06736010499998,4.59483136984918,0 -74.06736259299998,4.594827701849148,0 -74.06736512799995,4.594824069849186,0 -74.06736771599998,4.594820468849192,0 -74.06737034999998,4.594816899849182,0 -74.06737303099999,4.594813362849186,0 -74.06737575699998,4.594809856849148,0 -74.06737852699996,4.594806378849146,0 -74.06738133799996,4.594802928849139,0 -74.06738419199996,4.594799508849154,0 -74.06738708699999,4.59479611484918,0 -74.06739001799997,4.594792744849182,0 -74.06739298899998,4.594789402849165,0 -74.06739599599996,4.594786081849154,0 -74.06739903599998,4.594782787849151,0 -74.06740211199997,4.594779512849165,0 -74.06740521899997,4.594776259849175,0 -74.06740835799997,4.594773029849174,0 -74.06741152499995,4.594769817849151,0 -74.06741472099998,4.594766625849138,0 -74.06741794599998,4.594763450849181,0 -74.06742119599994,4.594760293849148,0 -74.06742447099998,4.59475715284916,0 -74.06742776599998,4.594754028849174,0 -74.06743109899998,4.594750906849165,0 -74.06744358899994,4.594729643849153,0 -74.06747368299995,4.59467258984919,0 -74.06770460899997,4.594285327849201,0 -74.06781894599999,4.594085901849221,0 -74.06787634899996,4.593900038849204,0 -74.06794626699997,4.593778437849218,0 -74.06812916099994,4.593542373849188,0 -74.06822059499996,4.593542446849216,0 -74.06824428199997,4.593588216849197,0 -74.06826720099997,4.59358942984922,0 -74.06827103499995,4.593588706849189,0 -74.06827484399997,4.59358771484922,0 -74.06827833199998,4.593586489849219,0 -74.06828147499994,4.593585009849187,0 -74.06828425199996,4.59358325284923,0 -74.06828663899995,4.593581202849197,0 -74.06828861499997,4.59357884084922,0 -74.06829015299996,4.593576144849203,0 -74.06829123699998,4.593573094849221,0 -74.06829183999997,4.593569671849209,0 -74.06829209599994,4.593565981849187,0 -74.06829231599994,4.593562264849215,0 -74.06829250799996,4.593558527849225,0 -74.06829266799997,4.593554769849183,0 -74.06829279899995,4.593550990849183,0 -74.06829290399997,4.593547191849228,0 -74.06829297799999,4.593543370849232,0 -74.06829302399996,4.59353953184918,0 -74.06829304299998,4.593535673849228,0 -74.06829278999999,4.593532051849214,0 -74.06829172699997,4.593528083849227,0 -74.06829059899997,4.593524430849205,0 -74.06828902499996,4.593520851849198,0 -74.06828699899995,4.593517009849189,0 -74.06828452499997,4.593512662849227,0 -74.06828272299998,4.593509325849213,0 -74.06828046899994,4.593503677849201,0 -74.06827934399996,4.593501643849226,0 -74.06827821999997,4.593498704849218,0 -74.06827686899999,4.593495089849189,0 -74.06827466399994,4.593489814849212,0 -74.06823154399996,4.593314810849193,0 -74.06820017699994,4.593133100849208,0 -74.06816789699997,4.592934723849202,0 -74.06814622599995,4.592901599849242,0 -74.06800148299999,4.592704194849247,0 -74.06803914399995,4.592624823849227,0 -74.06807645199996,4.592546296849254,0 -74.06803233199997,4.592507520849264,0 -74.06809342699995,4.592431327849225,0 -74.06807309599998,4.592363104849256,0 -74.06807225199998,4.592360422849254,0 -74.06784450799995,4.592386664849245,0 -74.06782452799996,4.592336451849231,0 -74.06780890799996,4.59229732784923,0 -74.06785128799999,4.592209832849225,0 -74.06789852199995,4.592105460849274,0 -74.06789901599996,4.59210482584922,0 -74.06791534599995,4.592085122849261,0 -74.06792991499998,4.592067821849255,0 -74.06796820099999,4.592064297849229,0 -74.06801598699997,4.592058017849252,0 -74.06807003799997,4.592052163849258,0 -74.06812718599997,4.592032960849228,0 -74.06820390899998,4.59193494684923,0 -74.06819912799995,4.591896599849251,0 -74.06819407599994,4.591774284849257,0 -74.06819303399999,4.591653945849282,0 -74.06818257299994,4.591444202849265,0 -74.06822320599997,4.591212145849267,0 -74.06823876699997,4.591159816849299,0 -74.06825348299998,4.591098873849297,0 -74.06828051799994,4.591012718849282,0 -74.06828094099995,4.591011093849304,0 -74.06825553599998,4.590995272849269,0 -74.06824427599997,4.590988279849278,0 -74.06820880799995,4.590974293849273,0 -74.06819818099996,4.590968430849257,0 -74.06819325599997,4.590965745849288,0 -74.06816018199999,4.590943072849298,0 -74.06814744499997,4.590932266849263,0 -74.06812985299996,4.590917223849302,0 -74.06810156499995,4.590892500849284,0 -74.06810705499998,4.590875270849314,0 -74.06810712399994,4.590874846849309,0 -74.06804589999996,4.590846519849319,0 -74.06798369199998,4.590817911849282,0 -74.06805429899998,4.590656905849301,0 -74.06811298799994,4.590683605849275,0 -74.06817533999998,4.590711932849271,0 -74.06822847299998,4.590735878849268,0 -74.06823023099997,4.590736655849296,0 -74.06830962799995,4.590619999849312,0 -74.06831005299995,4.590619646849288,0 -74.06831977099995,4.590559620849324,0 -74.06832603899994,4.590520709849281,0 -74.06808120299996,4.590469903849291,0 -74.06815019699997,4.590286298849332,0 -74.06818560699998,4.590192588849291,0 -74.06826058099995,4.589993304849337,0 -74.06826431199994,4.589989421849299,0 -74.06827451799995,4.589979252849298,0 -74.06832146399995,4.589936038849341,0 -74.06838304899998,4.589892968849332,0 -74.06843759299994,4.589865291849342,0 -74.06846911799994,4.589900321849342,0 -74.06848987499995,4.589925042849322,0 -74.06851569999998,4.589955906849321,0 -74.06853160199995,4.589983310849302,0 -74.06854349299994,4.590023776849322,0 -74.06855235599994,4.590052802849311,0 -74.06855721099998,4.590068622849306,0 -74.06857494199994,4.590091221849343,0 -74.06860801699997,4.590125689849306,0 -74.06861871199999,4.590128656849304,0 -74.06864918399998,4.590140101849281,0 -74.06868043099996,4.590147097849309,0 -74.06879021799995,4.590167024849293,0 -74.06885636299995,4.590226989849336,0 -74.06886986499995,4.590305240849331,0 -74.06889237899998,4.590376285849296,0 -74.06895936699993,4.590469232849276,0 -74.06902564999996,4.590563235849293,0 -74.06904021599996,4.590583081849275,0 -74.06904521199993,4.590587601849284,0 -74.06907082899994,4.590599751849306,0 -74.06910052699999,4.590609077849305,0 -74.06918237199994,4.590631968849327,0 -74.06950299699997,4.590725437849293,0 -74.06954134499995,4.590787659849286,0 -74.06960954099998,4.590800095849309,0 -74.06966337499995,4.590834213849279,0 -74.06974254899995,4.590829983849284,0 -74.06979208999996,4.590852305849286,0 -74.06986253499997,4.590879786849304,0 -74.06994318399995,4.59090981084931,0 -74.07013980799996,4.590990482849282,0 -74.07022776999997,4.591072200849267,0 -74.07030341299998,4.591172984849301,0 -74.07032459399994,4.591194880849271,0 -74.07032578899998,4.591209075849275,0 -74.07032705499995,4.591209850849264,0 -74.07038214299996,4.591244114849284,0 -74.07038266499995,4.591243270849285,0 -74.07037220999996,4.5912035958493,0 -74.07036598599996,4.59120170784926,0 -74.07034388099999,4.591173502849286,0 -74.07033531299999,4.591187315849294,0 -74.07030552699996,4.591168621849286,0 -74.07026691599998,4.591122071849305,0 -74.07026289099997,4.591097084849292,0 -74.07026574699995,4.591092480849268,0 -74.07024584499999,4.591081905849287,0 -74.07022292499994,4.5910229568493,0 -74.07019719199997,4.591004675849302,0 -74.07018857199995,4.590982916849313,0 -74.07023028899994,4.590909973849298,0 -74.06996216899995,4.590754484849294,0 -74.06990179199994,4.590719150849277,0 -74.06985838099996,4.59080043284927,0 -74.06984351499995,4.590828403849276,0 -74.06979683199995,4.59080106784932,0 -74.06980902099997,4.590776814849269,0 -74.06977010699995,4.590754055849282,0 -74.06977821999999,4.590737912849296,0 -74.06971366699997,4.590700051849296,0 -74.06973090299994,4.59066575984929,0 -74.06970432799994,4.590652321849293,0 -74.06969980499997,4.590660781849288,0 -74.06969018399997,4.590655541849283,0 -74.06960895599997,4.590610926849311,0 -74.06957063399994,4.590589685849297,0 -74.06956949799996,4.590589201849291,0 -74.06951186199996,4.590588483849279,0 -74.06940690599998,4.590555772849317,0 -74.06935558099997,4.590538959849314,0 -74.06933679799994,4.590524792849296,0 -74.06933651999998,4.59052536384928,0 -74.06924863299997,4.590479436849306,0 -74.06927729499995,4.59042103784931,0 -74.06923524999996,4.590404826849302,0 -74.06922366799995,4.590424209849296,0 -74.06914987299996,4.590380771849321,0 -74.06917572499998,4.590339408849282,0 -74.06910811899996,4.590299628849333,0 -74.06905239099996,4.590240539849286,0 -74.06900330099995,4.590190093849301,0 -74.06897326599994,4.590167005849324,0 -74.06889775499997,4.590114453849327,0 -74.06880937899996,4.590042999849306,0 -74.06878676999997,4.590071176849295,0 -74.06874819099994,4.59003998284932,0 -74.06870542799999,4.590073151849326,0 -74.06862094099995,4.590005499849346,0 -74.06867698599996,4.589934749849326,0 -74.06862654599996,4.589897251849342,0 -74.06855241399995,4.589812284849329,0 -74.06855097499994,4.589808468849323,0 -74.06852080499993,4.589739683849336,0 -74.06848774899998,4.589694907849356,0 -74.06838102199998,4.589510788849316,0 -74.06833031399998,4.589431822849328,0 -74.06842085499994,4.589354291849346,0 -74.06824629199997,4.589206323849329,0 -74.06819584799996,4.589180889849321,0 -74.06810730199999,4.589134417849375,0 -74.06804190499997,4.589109551849323,0 -74.06787579699994,4.589077967849331,0 -74.06782156599996,4.589089323849342,0 -74.06777850199995,4.589128939849325,0 -74.06764085599997,4.589128923849324,0 -74.06725892599997,4.588954735849369,0 -74.06713309499997,4.588828376849341,0 -74.06704627699997,4.588636775849358,0 -74.06702026399995,4.588445107849358,0 -74.06696820799993,4.588340578849359,0 -74.06683805299997,4.588218675849385,0 -74.06662101899997,4.588445063849361,0 -74.06652371799998,4.588553526849365,0 -74.06646012699997,4.588488045849382,0 -74.06629069999997,4.588328922849387,0 -74.06617477299994,4.588252146849382,0 -74.06613576799998,4.588240842849385,0 -74.06611361099993,4.588219434849373,0 -74.06570798199994,4.588112469849382,0 -74.06564637299994,4.588050533849384,0 -74.06546134199994,4.588065056849386,0 -74.06525451899995,4.58801411384937,0 -74.06522533199995,4.588807822849331,0 -74.06481900299997,4.588527407849378,0 -74.06396627799995,4.588578228849378,0 -74.06394635499998,4.588707464849343,0 -74.06390279999994,4.589093400849373,0 -74.06382649599993,4.589912595849307,0 -74.06384459299994,4.590000027849291,0 -74.06388618799997,4.590202082849331,0 -74.06395516299995,4.590442414849292,0 -74.06397334899998,4.59054072184932,0 -74.06409663499994,4.590861140849302,0 -74.06444506899999,4.590904895849283,0 -74.06452118499993,4.590941269849271,0 -74.06462990999995,4.590981327849293,0 -74.06477502699994,4.591036005849265,0 -74.06493482399998,4.591119847849297,0 -74.06509083699996,4.59121449984927,0 -74.06520694599999,4.591276451849272,0 -74.06508896899999,4.591798893849239,0 -74.06514326699994,4.591988231849268,0 -74.06551709499996,4.592126623849255,0 -74.06564770099999,4.592254104849244,0 -74.06576381499997,4.592279608849255,0 -74.06583272199998,4.592330535849217,0 -74.06576007899997,4.592654611849234,0 -74.06612466599995,4.593264538849236,0 -74.06621535399995,4.593493925849224,0 -74.06622622799995,4.593723303849186,0 -74.06622621999998,4.593796107849199,0 -74.06620450299994,4.59385797184917,0 -74.06616819199996,4.593923503849177,0 -74.06607385799998,4.59407645984919,0 -74.06600852999998,4.594240292849168,0 -74.06601211699996,4.5943859108492,0 -74.06603021199999,4.594487895849154,0 -74.06604110199999,4.59457892484919,0 -74.06603929499994,4.594624402849187,0 -74.06599937499993,4.594744595849169,0 -74.06597396799998,4.594770011849141,0 -74.06593036599998,4.594791900849183,0 -74.06588324999996,4.594810118849156,0 -74.06583595699993,4.594810113849159,0 -74.06575623199996,4.594817308849175,0 -74.06567641599997,4.594835451849161,0 -74.06564718099997,4.594857795849159,0</coordinates></LinearRing></outerBoundaryIs>
        </Polygon>
        <Polygon>
          <extrude>0</extrude><altitudeMode>clampToGround</altitudeMode>
          <outerBoundaryIs><LinearRing><coordinates> -74.07043688699997,4.591315448849263,0 -74.07044013799998,4.591324270849301,0 -74.07044168599998,4.591324836849288,0 -74.07045400299995,4.591329002849287,0 -74.07047723599999,4.591353085849258,0 -74.07048155999996,4.591346261849286,0 -74.07043976899996,4.591317908849287,0 -74.07043688699997,4.591315448849263,0</coordinates></LinearRing></outerBoundaryIs>
        </Polygon>
        <Polygon>
          <extrude>0</extrude><altitudeMode>clampToGround</altitudeMode>
          <outerBoundaryIs><LinearRing><coordinates> -74.07049355099997,4.591369997849287,0 -74.07050353999995,4.591380351849272,0 -74.07050557999997,4.591382540849263,0 -74.07057360299996,4.591451008849252,0 -74.07056819999997,4.591441091849248,0 -74.07056760599994,4.591440404849298,0 -74.07052364299994,4.591387588849249,0 -74.07049355099997,4.591369997849287,0</coordinates></LinearRing></outerBoundaryIs>
        </Polygon>
      </MultiGeometry>
    </Placemark>
    <Placemark id="ID_00042">
      <name>SAN MARTIN</name>
      <snippet></snippet>
      <description><![CDATA[<html xmlns:fo="http://www.w3.org/1999/XSL/Format" xmlns:msxsl="urn:schemas-microsoft-com:xslt">
<head>
<META http-equiv="Content-Type" content="text/html">
<meta http-equiv="content-type" content="text/html; charset=UTF-8">
</head>
<body style="margin:0px 0px 0px 0px;overflow:auto;background:#FFFFFF;">
<table style="font-family:Arial,Verdana,Times;font-size:12px;text-align:left;width:100%;border-collapse:collapse;padding:3px 3px 3px 3px">
<tr style="text-align:center;font-weight:bold;background:#9CBCE2">
<td>008109</td>
</tr>
<tr>
<td>
<table style="font-family:Arial,Verdana,Times;font-size:12px;text-align:left;width:100%;border-spacing:0px; padding:3px 3px 3px 3px">
<tr>
<td>OBJECTID1</td>
<td>37</td>
</tr>
<tr bgcolor="#D4E4F3">
<td>SCaCodigo</td>
<td>008109</td>
</tr>
<tr>
<td>SCaTipo</td>
<td>0</td>
</tr>
<tr bgcolor="#D4E4F3">
<td>SCaNombre</td>
<td>SAN MARTIN</td>
</tr>
<tr>
<td>SHAPE</td>
<td>Polígono</td>
</tr>
<tr bgcolor="#D4E4F3">
<td>SHAPE_Length</td>
<td>0.014678</td>
</tr>
<tr>
<td>SHAPE_Area</td>
<td>0.000011</td>
</tr>
</table>
</td>
</tr>
</table>
</body><script type="text/javascript">
				function changeImage(attElement, nameElement) {
				document.getElementById('imageAttachment').src = attElement;
				document.getElementById('imageName').innerHTML = nameElement;}
			</script></html>
]]></description>
      <styleUrl>#PolyStyle042</styleUrl>
      <MultiGeometry>
        <Polygon>
          <extrude>0</extrude><altitudeMode>clampToGround</altitudeMode>
          <outerBoundaryIs><LinearRing><coordinates> -74.06898049999995,4.61548503584849,0 -74.06909972099999,4.615138474848492,0 -74.06690903299994,4.614183391848515,0 -74.06676095099994,4.614828793848529,0 -74.06652094799995,4.615757212848489,0 -74.06626752399995,4.616679572848457,0 -74.06624156799995,4.616776563848477,0 -74.06605735499994,4.617466616848428,0 -74.06567623599994,4.61875008984839,0 -74.06588370599997,4.618734203848355,0 -74.06608612399998,4.618780598848379,0 -74.06606945299995,4.618824257848409,0 -74.06602394799995,4.618930647848386,0 -74.06774556499994,4.619923918848325,0 -74.06791803399994,4.61952746584833,0 -74.06811374899996,4.619093140848388,0 -74.06812654499998,4.61905517684839,0 -74.06836106599997,4.617990893848419,0 -74.06846075199996,4.61752826384842,0 -74.06862299999995,4.616671699848439,0 -74.06871159899998,4.616266107848459,0 -74.06898049999995,4.61548503584849,0</coordinates></LinearRing></outerBoundaryIs>
        </Polygon>
      </MultiGeometry>
    </Placemark>
    <Placemark id="ID_00043">
      <name>SAN VICTORINO</name>
      <snippet></snippet>
      <description><![CDATA[<html xmlns:fo="http://www.w3.org/1999/XSL/Format" xmlns:msxsl="urn:schemas-microsoft-com:xslt">
<head>
<META http-equiv="Content-Type" content="text/html">
<meta http-equiv="content-type" content="text/html; charset=UTF-8">
</head>
<body style="margin:0px 0px 0px 0px;overflow:auto;background:#FFFFFF;">
<table style="font-family:Arial,Verdana,Times;font-size:12px;text-align:left;width:100%;border-collapse:collapse;padding:3px 3px 3px 3px">
<tr style="text-align:center;font-weight:bold;background:#9CBCE2">
<td>006105</td>
</tr>
<tr>
<td>
<table style="font-family:Arial,Verdana,Times;font-size:12px;text-align:left;width:100%;border-spacing:0px; padding:3px 3px 3px 3px">
<tr>
<td>OBJECTID1</td>
<td>14</td>
</tr>
<tr bgcolor="#D4E4F3">
<td>SCaCodigo</td>
<td>006105</td>
</tr>
<tr>
<td>SCaTipo</td>
<td>0</td>
</tr>
<tr bgcolor="#D4E4F3">
<td>SCaNombre</td>
<td>SAN VICTORINO</td>
</tr>
<tr>
<td>SHAPE</td>
<td>Polígono</td>
</tr>
<tr bgcolor="#D4E4F3">
<td>SHAPE_Length</td>
<td>0.006239</td>
</tr>
<tr>
<td>SHAPE_Area</td>
<td>0</td>
</tr>
</table>
</td>
</tr>
</table>
</body><script type="text/javascript">
				function changeImage(attElement, nameElement) {
				document.getElementById('imageAttachment').src = attElement;
				document.getElementById('imageName').innerHTML = nameElement;}
			</script></html>
]]></description>
      <styleUrl>#PolyStyle043</styleUrl>
      <MultiGeometry>
        <Polygon>
          <extrude>0</extrude><altitudeMode>clampToGround</altitudeMode>
          <outerBoundaryIs><LinearRing><coordinates> -74.07988187899997,4.603646041848866,0 -74.07809100599997,4.606167256848785,0 -74.07810091799996,4.606174333848806,0 -74.07991687999998,4.603676769848878,0 -74.07988187899997,4.603646041848866,0</coordinates></LinearRing></outerBoundaryIs>
        </Polygon>
      </MultiGeometry>
    </Placemark>
    <Placemark id="ID_00044">
      <name>SANTA BARBARA</name>
      <snippet></snippet>
      <description><![CDATA[<html xmlns:fo="http://www.w3.org/1999/XSL/Format" xmlns:msxsl="urn:schemas-microsoft-com:xslt">
<head>
<META http-equiv="Content-Type" content="text/html">
<meta http-equiv="content-type" content="text/html; charset=UTF-8">
</head>
<body style="margin:0px 0px 0px 0px;overflow:auto;background:#FFFFFF;">
<table style="font-family:Arial,Verdana,Times;font-size:12px;text-align:left;width:100%;border-collapse:collapse;padding:3px 3px 3px 3px">
<tr style="text-align:center;font-weight:bold;background:#9CBCE2">
<td>003203</td>
</tr>
<tr>
<td>
<table style="font-family:Arial,Verdana,Times;font-size:12px;text-align:left;width:100%;border-spacing:0px; padding:3px 3px 3px 3px">
<tr>
<td>OBJECTID1</td>
<td>22</td>
</tr>
<tr bgcolor="#D4E4F3">
<td>SCaCodigo</td>
<td>003203</td>
</tr>
<tr>
<td>SCaTipo</td>
<td>0</td>
</tr>
<tr bgcolor="#D4E4F3">
<td>SCaNombre</td>
<td>SANTA BARBARA</td>
</tr>
<tr>
<td>SHAPE</td>
<td>Polígono</td>
</tr>
<tr bgcolor="#D4E4F3">
<td>SHAPE_Length</td>
<td>0.022104</td>
</tr>
<tr>
<td>SHAPE_Area</td>
<td>0.000007</td>
</tr>
</table>
</td>
</tr>
</table>
</body><script type="text/javascript">
				function changeImage(attElement, nameElement) {
				document.getElementById('imageAttachment').src = attElement;
				document.getElementById('imageName').innerHTML = nameElement;}
			</script></html>
]]></description>
      <styleUrl>#PolyStyle044</styleUrl>
      <MultiGeometry>
        <Polygon>
          <extrude>0</extrude><altitudeMode>clampToGround</altitudeMode>
          <outerBoundaryIs><LinearRing><coordinates> -74.07526748899994,4.589664576849345,0 -74.07520262799994,4.589631685849358,0 -74.07517115599995,4.589616494849317,0 -74.07509569399997,4.589589384849349,0 -74.07505290199998,4.589599089849322,0 -74.07503955599998,4.589643868849319,0 -74.07490943699997,4.589657767849334,0 -74.07458304599999,4.589885909849297,0 -74.07455089099994,4.589973320849333,0 -74.07455658999999,4.589973134849311,0 -74.07456111799996,4.589972955849325,0 -74.07456563699998,4.589972751849323,0 -74.07457015499995,4.589972523849346,0 -74.07457466499994,4.589972271849348,0 -74.07457917199997,4.589971994849313,0 -74.07458367099997,4.589971691849332,0 -74.07458816499997,4.589971366849302,0 -74.07459265099999,4.589971014849332,0 -74.07459713199995,4.589970637849344,0 -74.07460160399995,4.589970238849296,0 -74.07460606999996,4.589969810849332,0 -74.07461052599996,4.58996935984932,0 -74.07461497699995,4.5899688838493,0 -74.07461941599996,4.589968384849292,0 -74.07462384799999,4.589967857849293,0 -74.07462827099994,4.589967306849327,0 -74.07463711299994,4.589966155849331,0 -74.07464153299998,4.589965557849351,0 -74.07465036399998,4.589964313849318,0 -74.07465919399993,4.589963009849353,0 -74.07466360699993,4.589962337849295,0 -74.07467242999996,4.589960950849291,0 -74.07468124799993,4.589959507849312,0 -74.07469006299993,4.589958010849297,0 -74.07469887199994,4.589956461849304,0 -74.07470767699994,4.58995486184934,0 -74.07471647999995,4.589953211849337,0 -74.07472527699997,4.589951516849304,0 -74.07473407299995,4.589949772849335,0 -74.07474286099995,4.589947984849309,0 -74.07475164999994,4.589946153849344,0 -74.07476043499997,4.589944280849315,0 -74.07476921399996,4.589942364849343,0 -74.07477799099996,4.58994041384934,0 -74.07478676599999,4.589938423849291,0 -74.07479553699994,4.589936396849303,0 -74.07480430699997,4.58993433684932,0 -74.07481745499996,4.589931184849341,0 -74.07483059499998,4.589927961849317,0 -74.07484373099999,4.589924677849313,0 -74.07485686299998,4.589921332849333,0 -74.07486998899998,4.589917932849311,0 -74.07488311099996,4.589914483849346,0 -74.07489185699995,4.589912160849304,0 -74.07490934199996,4.589907461849319,0 -74.07491808199995,4.589905084849327,0 -74.07493118899998,4.589901499849327,0 -74.07494429399998,4.589897888849319,0 -74.07495302999996,4.589895469849322,0 -74.07497486299997,4.589889387849344,0 -74.07502288199998,4.589875954849302,0 -74.07504033999999,4.589871087849323,0 -74.07506216299998,4.589865045849329,0 -74.07508398899995,4.589859070849312,0 -74.07510145099997,4.589854353849346,0 -74.07511891599995,4.58984970784931,0 -74.07512764899997,4.589847414849343,0 -74.07514075299997,4.589844017849336,0 -74.07514948799997,4.589841779849304,0 -74.07516259499994,4.589838467849316,0 -74.07516695999993,4.589837322849314,0 -74.07517131799995,4.589836137849344,0 -74.07517567499997,4.589834915849306,0 -74.07518002699999,4.589833653849353,0 -74.07518437599998,4.589832358849351,0 -74.07518872099996,4.589831031849337,0 -74.07519306399996,4.589829674849308,0 -74.07519740099997,4.589828289849351,0 -74.07520173799998,4.589826880849299,0 -74.07521040199998,4.589823993849298,0 -74.07521905899995,4.589821034849336,0 -74.07522770799994,4.58981802084932,0 -74.07523634799998,4.589814971849339,0 -74.07525794299994,4.589807307849322,0 -74.07526657999995,4.589804276849318,0 -74.07527521699996,4.589801291849336,0 -74.07527953999994,4.589799823849339,0 -74.07528818299994,4.589796945849318,0 -74.07529250699997,4.589795539849342,0 -74.07529683299998,4.589794160849321,0 -74.07530116199996,4.589792807849306,0 -74.07530549099994,4.589791487849332,0 -74.07530982399999,4.589790198849331,0 -74.07531415999995,4.589788942849312,0 -74.07531849799994,4.589787725849331,0 -74.07532283699999,4.589786547849346,0 -74.07532718199997,4.589785411849302,0 -74.07533153099996,4.589784319849316,0 -74.07533587899997,4.589783274849336,0 -74.07534023399995,4.589782277849312,0 -74.07534459199996,4.589781331849305,0 -74.07534895499998,4.589780440849355,0 -74.07535332299994,4.589779603849343,0 -74.07535769599997,4.58977882484933,0 -74.07536206999998,4.589778107849348,0 -74.07536645199997,4.589777451849295,0 -74.07537084099994,4.589776861849344,0 -74.07537523099995,4.58977633684932,0 -74.07537962899994,4.58977588384934,0 -74.07538403399997,4.589775502849339,0 -74.07538844299995,4.589775191849326,0 -74.07539285899998,4.589774961849314,0 -74.07540236499995,4.589774611849322,0 -74.07531643899995,4.589730594849325,0 -74.07526746199994,4.58970915284934,0 -74.07528379299998,4.589678205849311,0 -74.07526748899994,4.589664576849345,0</coordinates></LinearRing></outerBoundaryIs>
        </Polygon>
        <Polygon>
          <extrude>0</extrude><altitudeMode>clampToGround</altitudeMode>
          <outerBoundaryIs><LinearRing><coordinates> -74.07691399499998,4.589230705849322,0 -74.07664324599995,4.589749745849334,0 -74.07651890999995,4.589979959849328,0 -74.07648260199994,4.590031725849337,0 -74.07630676899998,4.589943500849323,0 -74.07628190999998,4.589905080849316,0 -74.07614419199996,4.589717072849315,0 -74.07603528999994,4.589647990849332,0 -74.07594349199996,4.589678707849348,0 -74.07584782099997,4.589713228849323,0 -74.07571197499993,4.589734258849347,0 -74.07563567299997,4.58975346084932,0 -74.07561861999994,4.589778032849354,0 -74.07562182699996,4.589778443849331,0 -74.07562636099993,4.589779061849328,0 -74.07563088399996,4.589779714849295,0 -74.07563539599994,4.589780400849323,0 -74.07563989899995,4.589781123849347,0 -74.07564438699995,4.589781882849342,0 -74.07564886699998,4.589782679849319,0 -74.07565333099996,4.589783513849313,0 -74.07565778299994,4.589784386849343,0 -74.07566222099996,4.589785296849321,0 -74.07566664599995,4.589786247849331,0 -74.07567105599998,4.58978724084935,0 -74.07567544799997,4.589788275849313,0 -74.07567982799998,4.589789349849327,0 -74.07568418799997,4.589790470849347,0 -74.07568853499998,4.589791631849346,0 -74.07569286299997,4.589792838849321,0 -74.07569717399997,4.589794090849325,0 -74.07570146699999,4.589795389849338,0 -74.07570573999999,4.58979673484933,0 -74.07570999599994,4.589798127849321,0 -74.07571423099995,4.589799568849315,0 -74.07571844699999,4.589801056849323,0 -74.07572264399994,4.589802595849304,0 -74.07572681699997,4.589804183849336,0 -74.07573096799996,4.589805821849348,0 -74.07573509799994,4.589807514849355,0 -74.07573920599998,4.589809257849333,0 -74.07574329099998,4.58981105584931,0 -74.07574735099996,4.589812907849329,0 -74.07575138999994,4.589814812849312,0 -74.07575540199997,4.589816772849328,0 -74.07576338199993,4.589820803849332,0 -74.07577932299995,4.589828903849332,0 -74.07579923199995,4.589839078849332,0 -74.07582310299995,4.589851355849329,0 -74.07584297699998,4.589861643849323,0 -74.07585489399997,4.589867839849349,0 -74.07587077299996,4.589876130849313,0 -74.07588267599994,4.589882367849348,0 -74.07589457299997,4.589888624849346,0 -74.07591438799994,4.589899088849305,0 -74.07593418899995,4.589909601849307,0 -74.07595397499995,4.589920159849355,0 -74.07597769899996,4.589932886849306,0 -74.07600140199997,4.589945678849315,0 -74.07602508399998,4.589958531849297,0 -74.07604874699996,4.589971445849321,0 -74.07606845299995,4.58998225084931,0 -74.07608814299994,4.589993094849341,0 -74.07611175599999,4.590006161849336,0 -74.07613535299998,4.590019279849304,0 -74.07615500499998,4.590030253849328,0 -74.07616678799997,4.590036853849329,0 -74.07618641999994,4.590047882849334,0 -74.07620996499998,4.590061161849311,0 -74.07623349299996,4.590074488849347,0 -74.07625308799999,4.590085628849306,0 -74.07627658999996,4.590099038849322,0 -74.07630007699998,4.590112488849307,0 -74.07632746399997,4.590128234849335,0 -74.07635092199996,4.590141772849297,0 -74.07638218099999,4.590159880849295,0 -74.07640561499994,4.590173504849319,0 -74.07643293799998,4.59018944284931,0 -74.07646024599995,4.590205419849338,0 -74.07648364299996,4.59021914984931,0 -74.07650313399995,4.590230611849294,0 -74.07653041199995,4.590246690849324,0 -74.07655378199996,4.590260498849327,0 -74.07658103899996,4.590276639849326,0 -74.07661217799995,4.590295118849335,0 -74.07664330599994,4.590313634849291,0 -74.07666664599998,4.590327540849279,0 -74.07671719699994,4.59035772284933,0 -74.07677161699996,4.590390286849312,0 -74.07683379499997,4.590427558849291,0 -74.07696590299997,4.590506812849302,0 -74.07703974699996,4.590551043849302,0 -74.07707862599995,4.590574282849274,0 -74.07712529599996,4.59060212284931,0 -74.07716809699997,4.590627581849272,0 -74.07720702399996,4.590650671849292,0 -74.07724597099997,4.590673698849285,0 -74.07726935199997,4.590687483849306,0 -74.07728883999994,4.590698950849282,0 -74.07732393599997,4.590719540849301,0 -74.07734734699994,4.590733228849273,0 -74.07736295999996,4.590742336849301,0 -74.07738638799998,4.59075596984928,0 -74.07740591999993,4.590767307849314,0 -74.07743718799998,4.590785390849295,0 -74.07745674199998,4.590796659849266,0 -74.07747630599994,4.590807902849286,0 -74.07750762499995,4.590825827849288,0 -74.07753113099994,4.590839222849294,0 -74.07755073099997,4.590850350849274,0 -74.07757426299997,4.590863661849307,0 -74.07759781299995,4.590876923849284,0 -74.07761351999994,4.590885739849271,0 -74.07763709599999,4.590898918849287,0 -74.07766462199999,4.590914229849302,0 -74.07768429899994,4.590925121849287,0 -74.07770792899998,4.590938141849264,0 -74.07772763399998,4.590948945849259,0 -74.07774340699996,4.590957562849313,0 -74.07775524299996,4.590964006849267,0 -74.07777103199999,4.590972575849309,0 -74.07779077799995,4.590983246849297,0 -74.07781449499998,4.590995998849268,0 -74.07783427499999,4.591006572849312,0 -74.07784614899998,4.591012896849275,0 -74.07786595299996,4.591023398849287,0 -74.07788973899994,4.591035938849291,0 -74.07790957499998,4.591046337849307,0 -74.07792148499993,4.591052552849284,0 -74.07793737699996,4.591060810849271,0 -74.07796122999997,4.591073137849309,0 -74.07797714699996,4.591081313849294,0 -74.07799705799994,4.591091487849312,0 -74.07800901199994,4.591097565849266,0 -74.07802097599995,4.591103623849262,0 -74.07802498799998,4.591105597849305,0 -74.07802902299994,4.591107528849285,0 -74.07803308599995,4.591109412849263,0 -74.07803717299998,4.591111250849269,0 -74.07804128199996,4.591113046849255,0 -74.07804541599995,4.591114798849259,0 -74.07804957199994,4.591116504849301,0 -74.07805375099997,4.59111816884926,0 -74.07805795199994,4.5911197888493,0 -74.07806217299998,4.591121367849308,0 -74.07806641499997,4.591122902849278,0 -74.07807067699997,4.591124395849291,0 -74.07807495899993,4.591125849849258,0 -74.07807926199996,4.591127257849255,0 -74.07808358099999,4.591128626849287,0 -74.07808791899998,4.591129955849265,0 -74.07809227299998,4.591131244849274,0 -74.07809664499996,4.591132492849264,0 -74.07810103699995,4.591133700849284,0 -74.07810544099993,4.591134870849298,0 -74.07810986099997,4.591136000849294,0 -74.07811429599997,4.591137092849278,0 -74.07811874399994,4.59113814584928,0 -74.07812320799997,4.591139162849274,0 -74.07812768499997,4.591140139849281,0 -74.07813217499995,4.591141078849306,0 -74.07813667599999,4.591141982849297,0 -74.07814118899995,4.591142850849263,0 -74.07814571599994,4.591143680849297,0 -74.07815024999996,4.591144475849303,0 -74.07815479799996,4.591145232849249,0 -74.07815935199994,4.591145958849308,0 -74.07816391499995,4.591146647849295,0 -74.07816848799996,4.591147300849268,0 -74.07817307099998,4.591147922849283,0 -74.07817765999994,4.591148507849293,0 -74.07818225599993,4.59114906184929,0 -74.07818685899997,4.591149580849258,0 -74.07819146499997,4.591150069849261,0 -74.07819607999994,4.591150523849294,0 -74.07820069999997,4.591150944849274,0 -74.07820532099998,4.591151336849273,0 -74.07820994799994,4.59115169684928,0 -74.07821457999995,4.591152021849311,0 -74.07821921299995,4.59115231884929,0 -74.07822384799994,4.591152585849255,0 -74.07822848599994,4.591152821849255,0 -74.07823312599999,4.59115303084927,0 -74.07823776299995,4.591153207849273,0 -74.07824240199994,4.591153355849301,0 -74.07824704299998,4.591153474849292,0 -74.07825168299996,4.591153566849284,0 -74.07825631799994,4.591153630849289,0 -74.07826095299998,4.591153666849309,0 -74.07826558599999,4.591153672849297,0 -74.07827021699995,4.591153655849304,0 -74.07827484299997,4.591153609849285,0 -74.07827946699996,4.591153538849295,0 -74.07828408399996,4.591153438849277,0 -74.07828869899998,4.591153316849255,0 -74.07829330499999,4.591153167849294,0 -74.07829790599999,4.591152994849306,0 -74.07830250299997,4.591152794849262,0 -74.07830708999995,4.591152570849299,0 -74.07831166999995,4.591152325849277,0 -74.07831624099998,4.591152056849277,0 -74.07832080299994,4.591151762849258,0 -74.07832535799997,4.591151445849261,0 -74.07832990199995,4.591151106849267,0 -74.07833443599998,4.59115074684926,0 -74.07833895999994,4.591150362849294,0 -74.07834347099998,4.591149957849312,0 -74.07834797199996,4.591149531849272,0 -74.07835245799998,4.591149086849309,0 -74.07835693399994,4.591148619849304,0 -74.07836139399996,4.591148131849287,0 -74.07837027499994,4.591147097849259,0 -74.07837469399993,4.59114655284928,0 -74.07837909599994,4.591145985849311,0 -74.07838348299998,4.591145403849265,0 -74.07838786399998,4.591144796849258,0 -74.07839224399999,4.591144163849301,0 -74.07839661999998,4.591143506849258,0 -74.07840099499998,4.591142826849288,0 -74.07840536799995,4.591142122849291,0 -74.07840973799995,4.591141393849269,0 -74.07841410599997,4.591140641849261,0 -74.07841847099996,4.591139869849296,0 -74.07842283499997,4.591139071849266,0 -74.07842719799999,4.591138252849287,0 -74.07843155599994,4.591137412849301,0 -74.07843591499994,4.591136550849275,0 -74.07844462299994,4.59113476284931,0 -74.07844897599995,4.591133839849283,0 -74.07845332399995,4.591132892849305,0 -74.07845767299995,4.591131928849258,0 -74.07846636299996,4.591129944849268,0 -74.07847504899996,4.591127883849299,0 -74.07848372699993,4.591125749849295,0 -74.07849239699993,4.591123546849288,0 -74.07850106299998,4.591121278849279,0 -74.07850539399993,4.591120119849264,0 -74.07851404799999,4.591117756849299,0 -74.07852270099994,4.591115334849274,0 -74.07853134599998,4.591112854849299,0 -74.07853998699994,4.591110321849254,0 -74.07854862499994,4.591107735849265,0 -74.07855725599995,4.591105102849308,0 -74.07856157199996,4.591103767849273,0 -74.07857451199999,4.591099701849298,0 -74.07858313499997,4.591096937849259,0 -74.07859175199997,4.591094137849303,0 -74.07860467699999,4.59108987384927,0 -74.07861328999996,4.591086991849282,0 -74.07862620699996,4.591082617849271,0 -74.07863481399994,4.591079672849261,0 -74.07864772599999,4.591075214849281,0 -74.07866063399996,4.5910707198493,0 -74.07867354199993,4.591066194849292,0 -74.07872087699997,4.591049514849304,0 -74.07873809899996,4.591043476849265,0 -74.07875533099997,4.591037484849311,0 -74.07876394899995,4.591034514849281,0 -74.07877257199993,4.591031564849271,0 -74.07878119999998,4.591028639849282,0 -74.07878982699998,4.591025740849301,0 -74.07879846099996,4.59102286884926,0 -74.07880709799997,4.591020027849296,0 -74.07881574199996,4.591017221849295,0 -74.07882438799999,4.591014454849285,0 -74.07883303999995,4.591011724849285,0 -74.07883736699995,4.591010376849268,0 -74.07884602599995,4.59100771484928,0 -74.07885469299998,4.591005097849278,0 -74.07885902899994,4.591003806849285,0 -74.07886770199997,4.591001263849292,0 -74.07887638499994,4.59099877784927,0 -74.07888507299998,4.590996344849296,0 -74.07889376799994,4.590993973849312,0 -74.07890246999995,4.590991661849259,0 -74.07891118099997,4.590989416849297,0 -74.07891989899997,4.590987236849272,0 -74.07892862799997,4.590985129849274,0 -74.07893735999994,4.590983094849311,0 -74.07894172999994,4.590982104849266,0 -74.07894610499994,4.590981134849289,0 -74.07895047999995,4.590980184849268,0 -74.07895923699994,4.590978343849309,0 -74.07896800499998,4.590976585849305,0 -74.07897239099998,4.590975739849274,0 -74.07897677999995,4.590974913849312,0 -74.07898117199994,4.59097411184927,0 -74.07898557299995,4.590973328849301,0 -74.07898998199994,4.590972568849267,0 -74.07899439899995,4.590971829849297,0 -74.07900325599996,4.59097041984932,0 -74.07901214399999,4.590969097849315,0 -74.07901659799995,4.590968468849313,0 -74.07902552699994,4.590967275849313,0 -74.07902999999999,4.590966711849308,0 -74.07903448199994,4.590966169849296,0 -74.07903896899995,4.590965647849302,0 -74.07904346199996,4.590965147849309,0 -74.07904795899998,4.59096467184928,0 -74.07905246099995,4.590964214849283,0 -74.07905696999995,4.590963778849286,0 -74.07906599999995,4.590962972849288,0 -74.07907504699995,4.590962251849292,0 -74.07908410999994,4.590961616849301,0 -74.07908864599995,4.590961330849312,0 -74.07909318399999,4.590961066849261,0 -74.07909772699998,4.590960822849284,0 -74.07910682099998,4.590960396849303,0 -74.07911137099995,4.590960216849272,0 -74.07911592199997,4.590960057849309,0 -74.07912047499997,4.590959919849289,0 -74.07912502899995,4.590959801849284,0 -74.07912958699995,4.590959704849281,0 -74.07913414599994,4.590959628849292,0 -74.07914326199995,4.590959539849265,0 -74.07915237999998,4.590959532849284,0 -74.07916149799996,4.590959610849311,0 -74.07916605699995,4.590959680849314,0 -74.07917517099997,4.590959880849301,0 -74.07918428299996,4.590960163849262,0 -74.07919338499994,4.590960531849293,0 -74.07919793199994,4.590960744849314,0 -74.07920247799996,4.590960977849296,0 -74.07920702099995,4.590961231849283,0 -74.07921609999994,4.590961801849278,0 -74.07922063299998,4.590962116849301,0 -74.07922968999998,4.590962806849285,0 -74.07923421199996,4.590963182849283,0 -74.07924324499999,4.590963995849262,0 -74.07924775399994,4.590964431849258,0 -74.07925225599996,4.590964887849272,0 -74.07925675699994,4.590965364849281,0 -74.07926125099993,4.590965862849303,0 -74.07927022099994,4.590966913849279,0 -74.07927916699998,4.590968045849293,0 -74.07928808499997,4.590969260849291,0 -74.07929253499998,4.590969894849301,0 -74.07929697599997,4.590970550849299,0 -74.07930141199995,4.590971226849304,0 -74.07930583899997,4.590971920849303,0 -74.07931025699997,4.59097263684929,0 -74.07931906899995,4.59097412384931,0 -74.07932785899999,4.590975675849266,0 -74.07933665199994,4.590977267849309,0 -74.07934544999995,4.590978891849304,0 -74.07935424799996,4.590980550849262,0 -74.07936304999998,4.590982243849272,0 -74.07937185299994,4.590983972849284,0 -74.07938505899995,4.590986630849261,0 -74.07939386599998,4.590988445849274,0 -74.07940267299995,4.590990293849295,0 -74.07941147699995,4.590992178849312,0 -74.07942028499997,4.590994095849265,0 -74.07942908899997,4.59099604884931,0 -74.07943788999995,4.5909980328493,0 -74.07945109099995,4.591001077849271,0 -74.07945988899996,4.591003147849266,0 -74.07947307799998,4.591006316849287,0 -74.07948186699997,4.591008471849298,0 -74.07949065299994,4.591010660849275,0 -74.07949943299997,4.591012882849313,0 -74.07950820899998,4.591015136849295,0 -74.07951697899995,4.591017423849268,0 -74.07952574199999,4.591019746849314,0 -74.07953887699995,4.591023289849302,0 -74.07954762399999,4.59102569384929,0 -74.07955636399998,4.591028131849317,0 -74.07956509699994,4.591030598849256,0 -74.07957382099994,4.591033101849283,0 -74.07958688899998,4.591036914849307,0 -74.07959558999994,4.591039497849279,0 -74.07960428099994,4.591042113849294,0 -74.07961296299999,4.591044760849271,0 -74.07962596499993,4.591048791849273,0 -74.07963461699995,4.591051519849302,0 -74.07964326099994,4.591054280849261,0 -74.07965188999998,4.591057070849257,0 -74.07966050499994,4.591059892849263,0 -74.07966910899995,4.591062748849294,0 -74.07967769799995,4.591065634849298,0 -74.07968627499997,4.591068551849261,0 -74.07969483499994,4.591071500849285,0 -74.07970338399997,4.591074482849293,0 -74.07971617299995,4.591079009849281,0 -74.07972467899998,4.591082067849283,0 -74.07973316999994,4.591085157849289,0 -74.07974164499996,4.591088275849287,0 -74.07975010199993,4.591091424849289,0 -74.07976275199997,4.591096210849266,0 -74.07977116499995,4.591099436849255,0 -74.07977955599995,4.591102693849258,0 -74.07978792899996,4.591105981849281,0 -74.07980045099998,4.591110969849274,0 -74.07980877399996,4.591114331849313,0 -74.07982121899994,4.591119434849287,0 -74.07982948799997,4.591122870849276,0 -74.07983773599994,4.591126343849266,0 -74.07984596899996,4.59112986784929,0 -74.07985007799994,4.591131649849255,0 -74.07985828599993,4.591135256849312,0 -74.07986647699994,4.591138913849291,0 -74.07987464999997,4.591142624849266,0 -74.07988280699993,4.591146385849279,0 -74.07989094799996,4.591150197849268,0 -74.07989500999997,4.591152123849308,0 -74.07990312499999,4.591156010849297,0 -74.07991122399994,4.59115994284927,0 -74.07991930399999,4.591163922849306,0 -74.07992333999994,4.591165932849304,0 -74.07993139499996,4.591169982849276,0 -74.07993943299994,4.591174078849272,0 -74.07994344599996,4.591176143849266,0 -74.07995145899997,4.591180305849302,0 -74.07995945399995,4.591184514849299,0 -74.07996743199999,4.591188760849303,0 -74.07997539299998,4.5911930498493,0 -74.07997936599998,4.591195210849301,0 -74.07998730199995,4.591199560849282,0 -74.07999521799997,4.591203951849288,0 -74.08000311599994,4.591208381849274,0 -74.08001099799998,4.591212845849304,0 -74.08001886099999,4.591217349849256,0 -74.08002670799993,4.591221887849295,0 -74.08003453699996,4.591226464849267,0 -74.08004234399993,4.591231072849305,0 -74.08005013899998,4.591235715849264,0 -74.08005402699996,4.591238050849292,0 -74.08006179299997,4.591242742849301,0 -74.08006953899996,4.591247466849305,0 -74.08007726899996,4.591252220849283,0 -74.08008497899993,4.591257001849247,0 -74.08009267199998,4.591261816849256,0 -74.08010034399996,4.591266655849304,0 -74.08011182199994,4.591273969849261,0 -74.08011944899994,4.591278876849273,0 -74.08012705899995,4.59128380884929,0 -74.08013464999993,4.591288765849276,0 -74.08014222099996,4.591293746849296,0 -74.08014977599998,4.591298750849296,0 -74.08016106899998,4.591306297849287,0 -74.08016857599995,4.591311352849274,0 -74.08017979799996,4.5913189768493,0 -74.08018725599999,4.59132407984928,0 -74.08019840999998,4.591331770849289,0 -74.08020951699996,4.59133949684926,0 -74.08022058299997,4.591347256849283,0 -74.08023160299996,4.591355049849287,0 -74.08024993399994,4.591368082849243,0 -74.08026469799995,4.591378510849297,0 -74.08027954899995,4.591388946849269,0 -74.08032818399994,4.591423023849272,0 -74.08033944099998,4.591430948849251,0 -74.08035069899995,4.591438901849275,0 -74.08035819999998,4.591444222849273,0 -74.08036943699994,4.591452236849277,0 -74.08037691799996,4.591457600849276,0 -74.08038438399996,4.591462986849278,0 -74.08039555699997,4.591471099849255,0 -74.08040298399999,4.591476538849263,0 -74.08041039299997,4.591481998849276,0 -74.08041777599993,4.591487483849248,0 -74.08042513999999,4.591492996849266,0 -74.08043612899996,4.591501314849289,0 -74.08044342199997,4.591506897849254,0 -74.08044705299994,4.591509698849248,0 -74.08045067699999,4.591512507849274,0 -74.08045790199998,4.591518149849287,0 -74.08046508899997,4.591523824849244,0 -74.08047223799997,4.591529534849285,0 -74.08047579599997,4.59153240184926,0 -74.08047934499996,4.59153527584928,0 -74.08048640799996,4.591541055849262,0 -74.08049342699996,4.591546871849262,0 -74.08050039699998,4.591552724849261,0 -74.08050732099997,4.591558618849287,0 -74.08051076099997,4.591561580849282,0 -74.08051760199999,4.591567535849292,0 -74.08052438899995,4.591573533849292,0 -74.08053111799995,4.591579573849257,0 -74.08053778599998,4.59158565884925,0 -74.08054109699998,4.591588717849241,0 -74.08054439299997,4.591591788849278,0 -74.08054767199997,4.591594871849253,0 -74.08055093399997,4.591597965849277,0 -74.08055417999998,4.591601073849258,0 -74.08055740899994,4.591604191849252,0 -74.08056062099996,4.591607322849284,0 -74.08056381499995,4.591610467849279,0 -74.08057015199995,4.591616792849289,0 -74.08057329299999,4.591619975849282,0 -74.08057641399995,4.59162317184925,0 -74.08057951599994,4.591626378849264,0 -74.08058259799998,4.591629600849235,0 -74.08058566299997,4.591632836849236,0 -74.08058870999997,4.591636085849268,0 -74.08059173199996,4.591639348849263,0 -74.08059473599997,4.591642622849265,0 -74.08059771999996,4.591645913849248,0 -74.08060068299994,4.591649219849237,0 -74.08060362599997,4.591652539849256,0 -74.08060654499997,4.591655872849251,0 -74.08060944299996,4.591659222849236,0 -74.08061232099993,4.591662584849265,0 -74.08061517599998,4.591665963849286,0 -74.08061800699994,4.591669358849253,0 -74.08062081599996,4.591672765849262,0 -74.08062360299994,4.591676189849263,0 -74.08062636599993,4.591679629849259,0 -74.08062910499996,4.591683084849273,0 -74.08063181899996,4.59168655484924,0 -74.08063450999998,4.591690042849253,0 -74.08063717799996,4.591693547849238,0 -74.08063981999999,4.591697066849257,0 -74.08064243699994,4.591700603849251,0 -74.08064502899998,4.591704155849264,0 -74.08065016599994,4.591711306849239,0 -74.08065271199996,4.591714902849238,0 -74.08065524299997,4.591718513849249,0 -74.08065776199999,4.591722140849266,0 -74.08066026399996,4.591725780849259,0 -74.08066522499996,4.591733102849241,0 -74.08066768499998,4.591736784849236,0 -74.08067012899994,4.591740480849253,0 -74.08067497699994,4.591747911849285,0 -74.08067737899995,4.591751646849237,0 -74.08068213999996,4.591759158849263,0 -74.08068450199994,4.591762933849243,0 -74.08068917999998,4.591770519849279,0 -74.08069380299997,4.591778156849233,0 -74.08069837299996,4.591785841849249,0 -74.08070288899995,4.591793573849272,0 -74.08070512599994,4.59179745784925,0 -74.08070956399996,4.591805258849277,0 -74.08071176199996,4.591809176849287,0 -74.08071611999998,4.591817044849243,0 -74.08071827999999,4.591820995849237,0 -74.08072256099996,4.591828928849242,0 -74.08072678999997,4.591836903849259,0 -74.08072888799995,4.591840904849232,0 -74.08073304299995,4.591848938849251,0 -74.08073714899996,4.591857012849251,0 -74.08073918299993,4.591861061849237,0 -74.08074321599997,4.591869191849256,0 -74.08074720199994,4.591877355849269,0 -74.08075113799998,4.591885555849229,0 -74.08075308999997,4.591889667849227,0 -74.08075695699995,4.59189791784924,0 -74.08075887399997,4.591902052849282,0 -74.08076267299998,4.591910352849273,0 -74.08076642699996,4.591918679849258,0 -74.08077013399998,4.591927035849284,0 -74.08077197299997,4.591931226849242,0 -74.08077561699997,4.591939624849275,0 -74.08077742199998,4.591943833849268,0 -74.08077921599994,4.591948050849243,0 -74.08078277299995,4.591956502849265,0 -74.08078628699997,4.59196497684924,0 -74.08078975899997,4.591973474849239,0 -74.08079148099995,4.591977732849231,0 -74.08079319199999,4.591981994849231,0 -74.08079658399998,4.591990536849282,0 -74.08079993499996,4.591999099849272,0 -74.08080159499997,4.592003387849235,0 -74.08080324599996,4.59200768084925,0 -74.08080651999995,4.59201627884927,0 -74.08080814299996,4.592020584849262,0 -74.08081135899994,4.592029206849259,0 -74.08081453599993,4.592037845849243,0 -74.08081611299997,4.592042168849227,0 -74.08081923499998,4.592050828849271,0 -74.08082385199998,4.592063838849254,0 -74.08082839199994,4.592076873849243,0 -74.08083285099997,4.592089926849273,0 -74.08083578299994,4.592098640849268,0 -74.08083868099999,4.592107359849262,0 -74.08084296899995,4.592120445849227,0 -74.08084718399994,4.59213354184926,0 -74.08084995599995,4.592142273849229,0 -74.08085269799994,4.592151006849238,0 -74.08085675299998,4.592164105849244,0 -74.08085942299994,4.592172837849271,0 -74.08086336799994,4.592185926849259,0 -74.08086596699997,4.592194644849262,0 -74.08086853999998,4.592203361849215,0 -74.08087360299999,4.592220767849259,0 -74.08087609499995,4.592229460849245,0 -74.08087979199996,4.592242476849269,0 -74.08091175299995,4.592355454849271,0 -74.08093387999998,4.592433877849258,0 -74.08094738999995,4.592481880849218,0 -74.08096211399999,4.59253430984927,0 -74.08097681499999,4.592586800849222,0 -74.08099148599996,4.592639348849208,0 -74.08100612199996,4.592691951849234,0 -74.08101950299994,4.592740213849244,0 -74.08102920799996,4.592775337849209,0 -74.08104492899997,4.592832456849216,0 -74.08105577299995,4.592872028849213,0 -74.08106897799996,4.592920420849203,0 -74.08107854399998,4.592955632849204,0 -74.08108807899998,4.592990858849228,0 -74.08110113099997,4.593039315849217,0 -74.08111057799994,4.593074566849201,0 -74.08112233499998,4.593118650849224,0 -74.08113169299997,4.593153922849216,0 -74.08114100799997,4.593189203849222,0 -74.08115143199996,4.593228901849187,0 -74.08116179599995,4.593268604849214,0 -74.08117209599999,4.593308313849232,0 -74.08118233299996,4.593348024849232,0 -74.08119250199996,4.593387738849194,0 -74.08120148099994,4.593423038849235,0 -74.08120817699995,4.593449509849187,0 -74.08121815899995,4.593489218849205,0 -74.08122476999995,4.593515688849227,0 -74.08123352999996,4.593550977849208,0 -74.08124222499998,4.593586258849216,0 -74.08124977899996,4.593617125849185,0 -74.08125621199997,4.59364357884921,0 -74.08126472999999,4.593678838849221,0 -74.08127212299996,4.593709686849212,0 -74.08128050499994,4.593744928849173,0 -74.08128880999999,4.593780160849191,0 -74.08129498899996,4.59380657484918,0 -74.08130214199997,4.593837379849171,0 -74.08130822499999,4.59386377784922,0 -74.08131225499994,4.593881369849223,0 -74.08131626399995,4.593898959849188,0 -74.08132223799998,4.593925333849203,0 -74.08132816499995,4.593951698849202,0 -74.08133501799995,4.593982444849193,0 -74.08134180299999,4.594013175849176,0 -74.08134756599998,4.594039503849163,0 -74.08135422299995,4.59407020584916,0 -74.08136081099997,4.594100887849209,0 -74.08136732599996,4.594131553849199,0 -74.08137376799993,4.594162198849168,0 -74.08138013499996,4.594192824849181,0 -74.08138463499995,4.594214689849194,0 -74.08138998499999,4.594240910849179,0 -74.08139615399995,4.594271482849189,0 -74.08140137899994,4.594297671849168,0 -74.08140682299995,4.594325267849162,0 -74.08155113499998,4.594081565849192,0 -74.08271134599994,4.592315487849252,0 -74.08268333199999,4.592300370849213,0 -74.08172188799995,4.591781145849295,0 -74.08178037799996,4.591696478849284,0 -74.08072182299998,4.591025054849283,0 -74.08075427899996,4.590927322849313,0 -74.07974772499995,4.590418901849321,0 -74.07959181399997,4.590666551849322,0 -74.07872158299995,4.590158069849298,0 -74.07853321999994,4.590444766849322,0 -74.07832463699998,4.59031883584931,0 -74.07779051599994,4.589881073849336,0 -74.07762980399997,4.589645534849324,0 -74.07691399499998,4.589230705849322,0</coordinates></LinearRing></outerBoundaryIs>
        </Polygon>
      </MultiGeometry>
    </Placemark>
    <Placemark id="ID_00045">
      <name>SANTA FE</name>
      <snippet></snippet>
      <description><![CDATA[<html xmlns:fo="http://www.w3.org/1999/XSL/Format" xmlns:msxsl="urn:schemas-microsoft-com:xslt">
<head>
<META http-equiv="Content-Type" content="text/html">
<meta http-equiv="content-type" content="text/html; charset=UTF-8">
</head>
<body style="margin:0px 0px 0px 0px;overflow:auto;background:#FFFFFF;">
<table style="font-family:Arial,Verdana,Times;font-size:12px;text-align:left;width:100%;border-collapse:collapse;padding:3px 3px 3px 3px">
<tr style="text-align:center;font-weight:bold;background:#9CBCE2">
<td>006103</td>
</tr>
<tr>
<td>
<table style="font-family:Arial,Verdana,Times;font-size:12px;text-align:left;width:100%;border-spacing:0px; padding:3px 3px 3px 3px">
<tr>
<td>OBJECTID1</td>
<td>8</td>
</tr>
<tr bgcolor="#D4E4F3">
<td>SCaCodigo</td>
<td>006103</td>
</tr>
<tr>
<td>SCaTipo</td>
<td>0</td>
</tr>
<tr bgcolor="#D4E4F3">
<td>SCaNombre</td>
<td>SANTA FE</td>
</tr>
<tr>
<td>SHAPE</td>
<td>Polígono</td>
</tr>
<tr bgcolor="#D4E4F3">
<td>SHAPE_Length</td>
<td>0.00465</td>
</tr>
<tr>
<td>SHAPE_Area</td>
<td>0</td>
</tr>
</table>
</td>
</tr>
</table>
</body><script type="text/javascript">
				function changeImage(attElement, nameElement) {
				document.getElementById('imageAttachment').src = attElement;
				document.getElementById('imageName').innerHTML = nameElement;}
			</script></html>
]]></description>
      <styleUrl>#PolyStyle045</styleUrl>
      <MultiGeometry>
        <Polygon>
          <extrude>0</extrude><altitudeMode>clampToGround</altitudeMode>
          <outerBoundaryIs><LinearRing><coordinates> -74.07315205899994,4.614717683848496,0 -74.07279698999997,4.615405533848496,0 -74.07281873699998,4.615437092848469,0 -74.07282911699997,4.615417331848496,0 -74.07311246199998,4.61480211584848,0 -74.07313864999998,4.614746326848501,0 -74.07315205899994,4.614717683848496,0</coordinates></LinearRing></outerBoundaryIs>
        </Polygon>
        <Polygon>
          <extrude>0</extrude><altitudeMode>clampToGround</altitudeMode>
          <outerBoundaryIs><LinearRing><coordinates> -74.07548558699995,4.610090318848667,0 -74.07481618299994,4.611433628848604,0 -74.07483607199998,4.611397113848632,0 -74.07486577799995,4.611343093848634,0 -74.07489527099995,4.611289141848611,0 -74.07492497899995,4.611235191848616,0 -74.07495461399998,4.611181168848653,0 -74.07498439199998,4.611127357848618,0 -74.07501416799994,4.611073478848613,0 -74.07504394399996,4.611019669848663,0 -74.07507399999997,4.61096586084865,0 -74.07510391899996,4.610912120848659,0 -74.07513397499997,4.610858449848621,0 -74.07516396199998,4.610804641848661,0 -74.07519415999997,4.610750973848629,0 -74.07522435899995,4.610697375848674,0 -74.07528489599997,4.610590178848639,0 -74.07531530699998,4.610536511848665,0 -74.07534564499997,4.610483054848638,0 -74.07537612499993,4.610429597848659,0 -74.07540540699995,4.610375505848632,0 -74.07552578199994,4.610122767848665,0 -74.07552635799993,4.610121609848642,0 -74.07548558699995,4.610090318848667,0</coordinates></LinearRing></outerBoundaryIs>
        </Polygon>
      </MultiGeometry>
    </Placemark>
    <Placemark id="ID_00046">
      <name>SANTA INES</name>
      <snippet></snippet>
      <description><![CDATA[<html xmlns:fo="http://www.w3.org/1999/XSL/Format" xmlns:msxsl="urn:schemas-microsoft-com:xslt">
<head>
<META http-equiv="Content-Type" content="text/html">
<meta http-equiv="content-type" content="text/html; charset=UTF-8">
</head>
<body style="margin:0px 0px 0px 0px;overflow:auto;background:#FFFFFF;">
<table style="font-family:Arial,Verdana,Times;font-size:12px;text-align:left;width:100%;border-collapse:collapse;padding:3px 3px 3px 3px">
<tr style="text-align:center;font-weight:bold;background:#9CBCE2">
<td>003107</td>
</tr>
<tr>
<td>
<table style="font-family:Arial,Verdana,Times;font-size:12px;text-align:left;width:100%;border-spacing:0px; padding:3px 3px 3px 3px">
<tr>
<td>OBJECTID1</td>
<td>25</td>
</tr>
<tr bgcolor="#D4E4F3">
<td>SCaCodigo</td>
<td>003107</td>
</tr>
<tr>
<td>SCaTipo</td>
<td>0</td>
</tr>
<tr bgcolor="#D4E4F3">
<td>SCaNombre</td>
<td>SANTA INES</td>
</tr>
<tr>
<td>SHAPE</td>
<td>Polígono</td>
</tr>
<tr bgcolor="#D4E4F3">
<td>SHAPE_Length</td>
<td>0.021604</td>
</tr>
<tr>
<td>SHAPE_Area</td>
<td>0.000026</td>
</tr>
</table>
</td>
</tr>
</table>
</body><script type="text/javascript">
				function changeImage(attElement, nameElement) {
				document.getElementById('imageAttachment').src = attElement;
				document.getElementById('imageName').innerHTML = nameElement;}
			</script></html>
]]></description>
      <styleUrl>#PolyStyle046</styleUrl>
      <MultiGeometry>
        <Polygon>
          <extrude>0</extrude><altitudeMode>clampToGround</altitudeMode>
          <outerBoundaryIs><LinearRing><coordinates> -74.08114145399998,4.595074253849155,0 -74.08105551199998,4.59521293984917,0 -74.08094864199995,4.595400085849138,0 -74.08090156599997,4.595482430849143,0 -74.08087687599993,4.59552554784916,0 -74.08085215999995,4.595568644849165,0 -74.08083416199997,4.595599975849161,0 -74.08080938199998,4.595643034849113,0 -74.08078907599997,4.595678245849123,0 -74.08076873799996,4.595713436849116,0 -74.08074609599998,4.595752512849125,0 -74.08072794799995,4.595783751849124,0 -74.08070749199999,4.595818869849158,0 -74.08068470999996,4.595857858849118,0 -74.08066643999996,4.595889022849116,0 -74.08064813099998,4.595920161849103,0 -74.08063207499998,4.595947387849147,0 -74.08061828399997,4.595970705849136,0 -74.08060216399997,4.595997890849101,0 -74.08058831699998,4.596021173849119,0 -74.08057443999996,4.596044439849141,0 -74.08055821299996,4.596071559849114,0 -74.08054427299999,4.596094784849119,0 -74.08053030199994,4.596117991849142,0 -74.08051396099995,4.596145041849117,0 -74.08049991899998,4.596168202849123,0 -74.08048818999998,4.596187488849119,0 -74.08047408299996,4.596210612849102,0 -74.08046465899997,4.596226016849119,0 -74.08045049199995,4.596249101849128,0 -74.08043391399997,4.596276004849121,0 -74.08042203899998,4.596295200849102,0 -74.08041013999997,4.596314381849126,0 -74.08040060099995,4.596329714849088,0 -74.08039104699998,4.596345037849099,0 -74.08037908299997,4.596364178849098,0 -74.08036709599997,4.596383302849107,0 -74.08035508599994,4.596402414849122,0 -74.08033823499994,4.596429149849124,0 -74.08032858599995,4.596444414849125,0 -74.08031408999994,4.596467297849117,0 -74.08030198799997,4.59648635284911,0 -74.08029229499994,4.596501588849133,0 -74.08027772899999,4.596524428849117,0 -74.08026557399995,4.596543449849131,0 -74.08025096399996,4.596566261849127,0 -74.08023144799995,4.596596659849104,0 -74.08022167599995,4.596611847849119,0 -74.08020700199995,4.596634619849086,0 -74.08019230699995,4.596657379849124,0 -74.08016777799997,4.596695288849081,0 -74.08013828499998,4.596740746849125,0 -74.08010380699994,4.596793735849107,0 -74.08007173999994,4.596842909849071,0 -74.08003469399995,4.596899616849122,0 -74.07992096599997,4.597073458849104,0 -74.07987650499996,4.597141507849092,0 -74.07984690099994,4.5971868988491,0 -74.07982226199994,4.597224745849084,0 -74.07980257699995,4.597255034849084,0 -74.07977800499998,4.597292920849113,0 -74.07975102899997,4.597334629849056,0 -74.07972411499998,4.597376375849088,0 -74.07969970699997,4.597414364849051,0 -74.07968995999994,4.597429569849059,0 -74.07967535999995,4.597452391849063,0 -74.07966321299995,4.5974714218491,0 -74.07964865899999,4.597494272849073,0 -74.07963655399993,4.597513324849047,0 -74.07962446499994,4.597532391849096,0 -74.07961239699995,4.597551469849072,0 -74.07960275799996,4.59756674284909,0 -74.07959313299995,4.5975820238491,0 -74.07958112099993,4.59760113684905,0 -74.07956913099997,4.597620266849049,0 -74.07955477499996,4.597643236849078,0 -74.07954283699996,4.597662398849076,0 -74.07952854599995,4.597685411849053,0 -74.07951428599995,4.597708441849072,0 -74.07950242399994,4.597727649849045,0 -74.07948585499997,4.597754563849088,0 -74.07947404299995,4.597773801849081,0 -74.07945989199999,4.597796901849046,0 -74.07944106699995,4.597827728849094,0 -74.07942463299997,4.597854725849054,0 -74.07941291099996,4.597874021849062,0 -74.07940120699999,4.597893327849075,0 -74.07938718399998,4.597916508849086,0 -74.07937551199996,4.597935834849057,0 -74.07935454199998,4.597970646849075,0 -74.07934290999998,4.597989995849041,0 -74.07932432699994,4.598020971849039,0 -74.07931040699998,4.598044217849045,0 -74.07929187299999,4.598075228849083,0 -74.07926874099996,4.598114010849075,0 -74.07924795499997,4.598148938849061,0 -74.07922719399994,4.598183879849027,0 -74.07919724499999,4.59823437484907,0 -74.07915813599999,4.598300442849025,0 -74.07912136699997,4.598362646849042,0 -74.07902718399998,4.598522074849055,0 -74.07899959599996,4.598568721849033,0 -74.07896737899995,4.59862312284903,0 -74.07893972799997,4.59866973084902,0 -74.07890972599995,4.598720193849057,0 -74.07888429499997,4.598762864849016,0 -74.07885649599996,4.598809382849038,0 -74.07884257399996,4.59883262584903,0 -74.07882398399994,4.598863600849051,0 -74.07880535999993,4.598894555849041,0 -74.07879370299997,4.598913888849055,0 -74.07876800699995,4.598956395849046,0 -74.07875161399994,4.598983419849008,0 -74.07873519099996,4.599010423849002,0 -74.07872343899999,4.599029701849031,0 -74.07870931399998,4.599052817849048,0 -74.07869752299996,4.599072069849007,0 -74.07868098299997,4.599099001849029,0 -74.07866677499999,4.599122067849024,0 -74.07865253899996,4.599145114849024,0 -74.07863112799998,4.599179650849011,0 -74.07861205699999,4.599210325849017,0 -74.07858579299995,4.599252477849013,0 -74.07856187399994,4.599290770848992,0 -74.07854271199994,4.59932138984902,0 -74.07852592499995,4.599348166849043,0 -74.07850671899996,4.59937875684903,0 -74.07848748899994,4.599409332849008,0 -74.07846342199997,4.59944753484898,0 -74.07844173499996,4.599481898849035,0 -74.07841760799994,4.599520060848985,0 -74.07839103299995,4.599562018849031,0 -74.07836684599994,4.599600145849014,0 -74.07834505299996,4.59963444384902,0 -74.07831839099998,4.599676346849023,0 -74.07829170099996,4.59971823084901,0 -74.07826740999997,4.59975629584902,0 -74.07823093999997,4.599813365848984,0 -74.07820660099998,4.599851396849019,0 -74.07817980899995,4.599893218848975,0 -74.07813348699995,4.599965429849004,0 -74.07807979399996,4.600049007848988,0 -74.07803582499997,4.600117364849018,0 -74.07799672199997,4.600178114849002,0 -74.07784756499996,4.600409677848995,0 -74.07779134499998,4.60049699884896,0 -74.07773760099997,4.600580543848952,0 -74.07768878199994,4.600656520848999,0 -74.07764732799995,4.60072112584898,0 -74.07761321999999,4.60077434884898,0 -74.07758157999996,4.600823788848976,0 -74.07754541099996,4.600880391848933,0 -74.08049055399994,4.602836264848918,0 -74.08168270299996,4.601134587848947,0 -74.08191302699998,4.600781787848985,0 -74.08232930299994,4.600167778849005,0 -74.08275613499995,4.599561118849005,0 -74.08319351999995,4.598962083849033,0 -74.08344449799995,4.598630648849015,0 -74.08352631199995,4.598515468849053,0 -74.08465825599995,4.597069701849103,0 -74.08379041699999,4.596374307849134,0 -74.08317881599999,4.59584455784915,0 -74.08211479899995,4.595525042849157,0 -74.08174617599997,4.595449302849159,0 -74.08114145399998,4.595074253849155,0</coordinates></LinearRing></outerBoundaryIs>
        </Polygon>
      </MultiGeometry>
    </Placemark>
    <Placemark id="ID_00047">
      <name>SIBERIA</name>
      <snippet></snippet>
      <description><![CDATA[<html xmlns:fo="http://www.w3.org/1999/XSL/Format" xmlns:msxsl="urn:schemas-microsoft-com:xslt">
<head>
<META http-equiv="Content-Type" content="text/html">
<meta http-equiv="content-type" content="text/html; charset=UTF-8">
</head>
<body style="margin:0px 0px 0px 0px;overflow:auto;background:#FFFFFF;">
<table style="font-family:Arial,Verdana,Times;font-size:12px;text-align:left;width:100%;border-collapse:collapse;padding:3px 3px 3px 3px">
<tr style="text-align:center;font-weight:bold;background:#9CBCE2">
<td>101502</td>
</tr>
<tr>
<td>
<table style="font-family:Arial,Verdana,Times;font-size:12px;text-align:left;width:100%;border-spacing:0px; padding:3px 3px 3px 3px">
<tr>
<td>OBJECTID1</td>
<td>2</td>
</tr>
<tr bgcolor="#D4E4F3">
<td>SCaCodigo</td>
<td>101502</td>
</tr>
<tr>
<td>SCaTipo</td>
<td>1</td>
</tr>
<tr bgcolor="#D4E4F3">
<td>SCaNombre</td>
<td>SIBERIA</td>
</tr>
<tr>
<td>SHAPE</td>
<td>Polígono</td>
</tr>
<tr bgcolor="#D4E4F3">
<td>SHAPE_Length</td>
<td>0.043212</td>
</tr>
<tr>
<td>SHAPE_Area</td>
<td>0.000003</td>
</tr>
</table>
</td>
</tr>
</table>
</body><script type="text/javascript">
				function changeImage(attElement, nameElement) {
				document.getElementById('imageAttachment').src = attElement;
				document.getElementById('imageName').innerHTML = nameElement;}
			</script></html>
]]></description>
      <styleUrl>#PolyStyle047</styleUrl>
      <MultiGeometry>
        <Polygon>
          <extrude>0</extrude><altitudeMode>clampToGround</altitudeMode>
          <outerBoundaryIs><LinearRing><coordinates> -74.04455413699998,4.613223496848553,0 -74.04449625799998,4.613161139848557,0 -74.04446085799998,4.613132207848546,0 -74.04442302599995,4.613107343848586,0 -74.04438384199995,4.613084287848557,0 -74.04434231599998,4.613065117848585,0 -74.04430042899997,4.613046671848575,0 -74.04425863199998,4.613028224848571,0 -74.04421863699997,4.613007247848551,0 -74.04418098499997,4.612982383848541,0 -74.04414639599997,4.612953180848545,0 -74.04414252299995,4.61294902284858,0 -74.04411586199996,4.612919730848557,0 -74.04409001299996,4.612882574848602,0 -74.04405974899998,4.612848581848553,0 -74.04402831399995,4.612815492848554,0 -74.04399255399994,4.612787374848571,0 -74.04395517199998,4.612761787848587,0 -74.04391941299997,4.612733669848597,0 -74.04388518399998,4.612703653848556,0 -74.04385221799998,4.61267264384858,0 -74.04382168399997,4.612639192848601,0 -74.04378880699994,4.6126080928486,0 -74.04375322699997,4.612579341848595,0 -74.04371296199997,4.612558996848607,0 -74.04367080499998,4.612541273848557,0 -74.04362828699993,4.612524905848569,0 -74.04358558899997,4.612508628848584,0 -74.04354298099997,4.612492260848597,0 -74.04350037299997,4.612475983848615,0 -74.04345776499997,4.612459615848564,0 -74.04341659899995,4.61243981384857,0 -74.04337903699997,4.612414316848604,0 -74.04334183499998,4.612387916848575,0 -74.04330310199998,4.612363594848579,0 -74.04326409899994,4.612339724848568,0 -74.04322203099997,4.6123220008486,0 -74.04317951399997,4.612305633848596,0 -74.04313681599996,4.612289355848625,0 -74.04309474799999,4.612271632848579,0 -74.04305213999999,4.61225526484859,0 -74.04300962199994,4.6122389878486,0 -74.04296584299993,4.612225421848605,0 -74.04292053099994,4.612220895848604,0 -74.04287548699995,4.612227758848615,0 -74.04283053299997,4.612236339848582,0 -74.04278665999993,4.612248355848614,0 -74.04274521799994,4.612267061848601,0 -74.04270269599994,4.612282151848579,0 -74.04265972299999,4.612296065848604,0 -74.04261566999998,4.612306635848568,0 -74.04257431799994,4.612325160848605,0 -74.04253188499996,4.612341877848601,0 -74.04248810199994,4.612354074848585,0 -74.04244846099994,4.612375763848579,0 -74.04240701899994,4.612394468848577,0 -74.04236674799995,4.612416067848613,0 -74.04232440599998,4.612432603848589,0 -74.04228152299999,4.612446788848582,0 -74.04224080199998,4.612467392848571,0 -74.04219854899998,4.612484019848607,0 -74.04215602699998,4.612499109848581,0 -74.04211197299998,4.612509407848591,0 -74.04206764999998,4.612520700848588,0 -74.04202314699995,4.612528467848585,0 -74.04197810299996,4.61253524084858,0 -74.04193422999998,4.612547437848576,0 -74.04189188699996,4.61256415484857,0 -74.04184945399999,4.612580780848611,0 -74.04180801199993,4.612599395848604,0 -74.04176693099998,4.612619095848598,0 -74.04172602899996,4.612640332848588,0 -74.04168449699995,4.612659038848586,0 -74.04164125399996,4.612672048848562,0 -74.04161754199998,4.612677629848593,0 -74.04180811399993,4.612732296848574,0 -74.04201758299996,4.612601258848571,0 -74.04222317499995,4.61250475084861,0 -74.04244218699995,4.612534164848592,0 -74.04277429699994,4.612595232848575,0 -74.04300851699998,4.612595269848576,0 -74.04332220899994,4.612520106848561,0 -74.04358056199999,4.612567037848604,0 -74.04380525399995,4.612762620848591,0 -74.04407097699993,4.612934907848578,0 -74.04435021099994,4.613140102848558,0 -74.04459841399995,4.61328752784857,0 -74.04462510799993,4.613299958848589,0 -74.04455413699998,4.613223496848553,0</coordinates></LinearRing></outerBoundaryIs>
        </Polygon>
        <Polygon>
          <extrude>0</extrude><altitudeMode>clampToGround</altitudeMode>
          <outerBoundaryIs><LinearRing><coordinates> -74.04512226699995,4.613533437848553,0 -74.04551573899994,4.613854168848529,0 -74.04551457499997,4.613852262848567,0 -74.04548998699994,4.613813931848528,0 -74.04546557999998,4.613774877848567,0 -74.04544000099997,4.61373699884852,0 -74.04541415199998,4.613699842848563,0 -74.04538830199994,4.613662506848576,0 -74.04535434499996,4.61363185784858,0 -74.04531507099995,4.613608801848551,0 -74.04527381399998,4.613589089848565,0 -74.04523174699995,4.613571365848537,0 -74.04519021999994,4.613552196848556,0 -74.04514680099999,4.613537998848577,0 -74.04512226699995,4.613533437848553,0</coordinates></LinearRing></outerBoundaryIs>
        </Polygon>
        <Polygon>
          <extrude>0</extrude><altitudeMode>clampToGround</altitudeMode>
          <outerBoundaryIs><LinearRing><coordinates> -74.04571598999996,4.614161674848528,0 -74.04567023799996,4.614545939848499,0 -74.04572375999999,4.614792273848481,0 -74.04581880999996,4.615003515848514,0 -74.04590371099994,4.615113853848524,0 -74.04590771599999,4.615074185848527,0 -74.04590655199996,4.615028716848482,0 -74.04590142299998,4.614983337848518,0 -74.04589296199998,4.614938319848485,0 -74.04588179699994,4.614894024848535,0 -74.04586675899998,4.614851265848538,0 -74.04585181099998,4.614808597848493,0 -74.04583424999998,4.614766561848522,0 -74.04580740999995,4.614729766848493,0 -74.04578164999998,4.614692610848533,0 -74.04576850399997,4.614649038848495,0 -74.04576076299998,4.614604201848537,0 -74.04575959799996,4.614558913848516,0 -74.04576014499997,4.614513264848498,0 -74.04576060199997,4.61446770584851,0 -74.04576313699994,4.614377130848498,0 -74.04575890999996,4.614331389848553,0 -74.04575341899994,4.61430164984855,0 -74.04575053799994,4.614286281848509,0 -74.04573928399998,4.614241986848556,0 -74.04572541699997,4.614198775848505,0 -74.04571598999996,4.614161674848528,0</coordinates></LinearRing></outerBoundaryIs>
        </Polygon>
        <Polygon>
          <extrude>0</extrude><altitudeMode>clampToGround</altitudeMode>
          <outerBoundaryIs><LinearRing><coordinates> -74.04730437099994,4.615963233848476,0 -74.04725923699993,4.615964493848454,0 -74.04725806599998,4.615964476848465,0 -74.04732308999996,4.61598798184846,0 -74.04749422299994,4.616191395848448,0 -74.04762431599994,4.616448402848461,0 -74.04778466699997,4.616734863848429,0 -74.04781630799994,4.616756761848424,0 -74.04781153599998,4.616742236848432,0 -74.04779766799999,4.616699025848455,0 -74.04779136399998,4.616684471848433,0 -74.04778001699998,4.616657080848432,0 -74.04775948299994,4.616616309848445,0 -74.04773714799995,4.616576351848449,0 -74.04771472199997,4.616536394848435,0 -74.04768896299998,4.616498515848446,0 -74.04757899599997,4.616293303848481,0 -74.04755846199998,4.616252532848438,0 -74.04753810899996,4.616211852848458,0 -74.04751685399998,4.616170809848446,0 -74.04749631999994,4.616129948848449,0 -74.04747578599995,4.616089177848459,0 -74.04745633299996,4.616047954848483,0 -74.04743165499997,4.616009714848498,0 -74.04739165999996,4.615988737848484,0 -74.04734896199994,4.615972279848475,0 -74.04730437099994,4.615963233848476,0</coordinates></LinearRing></outerBoundaryIs>
        </Polygon>
        <Polygon>
          <extrude>0</extrude><altitudeMode>clampToGround</altitudeMode>
          <outerBoundaryIs><LinearRing><coordinates> -74.04787403699999,4.616898889848464,0 -74.04786796399998,4.616954649848422,0 -74.04791522299996,4.617201617848412,0 -74.04802503199994,4.617564836848401,0 -74.04808898999994,4.617640038848411,0 -74.04807653999995,4.61759849284843,0 -74.04807132099995,4.617553113848411,0 -74.04807357999994,4.617507464848447,0 -74.04807331599994,4.617461634848413,0 -74.04806881799993,4.617416527848415,0 -74.04806440799996,4.617387148848404,0 -74.04806206799998,4.61737132884842,0 -74.04805522699996,4.617326130848411,0 -74.04804478299997,4.617282106848434,0 -74.04803632199997,4.617236998848438,0 -74.04802515699998,4.617192703848427,0 -74.04801029899994,4.617150035848447,0 -74.04799165699995,4.617108360848409,0 -74.04797013199999,4.61706804184842,0 -74.04795004799996,4.617026457848447,0 -74.04792437899994,4.616988668848415,0 -74.04790159299995,4.616949343848423,0 -74.04787997799997,4.616909657848452,0 -74.04787403699999,4.616898889848464,0</coordinates></LinearRing></outerBoundaryIs>
        </Polygon>
        <Polygon>
          <extrude>0</extrude><altitudeMode>clampToGround</altitudeMode>
          <outerBoundaryIs><LinearRing><coordinates> -74.04842875299994,4.618208428848402,0 -74.04844270399997,4.618241233848388,0 -74.04849672999995,4.618423654848415,0 -74.04853303799996,4.618482740848384,0 -74.04853225499994,4.618472583848421,0 -74.04852937799996,4.618427294848409,0 -74.04852172699998,4.618382548848394,0 -74.04850858099996,4.618339066848367,0 -74.04848813699994,4.618298205848377,0 -74.04846679099995,4.618263400848386,0 -74.04846444899994,4.618259422848391,0 -74.04843796899996,4.618221995848399,0 -74.04842875299994,4.618208428848402,0</coordinates></LinearRing></outerBoundaryIs>
        </Polygon>
        <Polygon>
          <extrude>0</extrude><altitudeMode>clampToGround</altitudeMode>
          <outerBoundaryIs><LinearRing><coordinates> -74.05147749299994,4.618742451848386,0 -74.05065858599994,4.618920599848355,0 -74.05004688199995,4.619063159848378,0 -74.04971750899995,4.61919527184839,0 -74.04943570599994,4.619300362848358,0 -74.04894975399998,4.619481714848376,0 -74.04896951299997,4.619561070848329,0 -74.04898301199995,4.619661001848348,0 -74.04901449899995,4.619956554848343,0 -74.04904534599996,4.620286498848317,0 -74.04913990399996,4.620516383848317,0 -74.04920292899999,4.620758834848334,0 -74.04916235799993,4.620987072848295,0 -74.04916682799995,4.621212425848305,0 -74.04917427399994,4.621232889848298,0 -74.04917446399998,4.621219317848301,0 -74.04917483099996,4.621173577848285,0 -74.04917609799998,4.621128289848317,0 -74.04917826599996,4.621082640848305,0 -74.04918664999997,4.621037625848288,0 -74.04919773699999,4.620993695848288,0 -74.04921116599996,4.620949855848294,0 -74.04922684699994,4.620906829848288,0 -74.04923216399999,4.620888118848293,0 -74.04923955499999,4.620862809848333,0 -74.04924784899998,4.620817703848317,0 -74.04926704999997,4.620726045848347,0 -74.04927498299998,4.620687628848307,0 -74.04926228499994,4.620658972848322,0 -74.04926229199998,4.620602384848312,0 -74.04914817999997,4.620401873848316,0 -74.04930512399994,4.62030173784831,0 -74.04934792699999,4.62021586884834,0 -74.04934793899997,4.620129993848312,0 -74.04941921399995,4.620001009848362,0 -74.04956200499998,4.619972555848347,0 -74.04964758899996,4.619958103848332,0 -74.04977596799995,4.619915183848335,0 -74.04991877799995,4.619743362848363,0 -74.05004715399997,4.619714905848372,0 -74.05033256299998,4.619600324848331,0 -74.05060374699997,4.619414237848359,0 -74.05076061099999,4.619242509848371,0 -74.05094620499995,4.619113631848371,0 -74.05107457599996,4.619128021848366,0 -74.05117440299995,4.619042069848358,0 -74.05128855799995,4.618927554848356,0 -74.05141703399994,4.618827414848393,0 -74.05147749299994,4.618742451848386,0</coordinates></LinearRing></outerBoundaryIs>
        </Polygon>
        <Polygon>
          <extrude>0</extrude><altitudeMode>clampToGround</altitudeMode>
          <outerBoundaryIs><LinearRing><coordinates> -74.04931658099997,4.621532280848284,0 -74.04937621799996,4.621624385848308,0 -74.04948722199998,4.621626627848303,0 -74.04945512099994,4.621604708848293,0 -74.04941728799997,4.621579664848315,0 -74.04937774299998,4.621557331848309,0 -74.04933576499997,4.621539608848267,0 -74.04931658099997,4.621532280848284,0</coordinates></LinearRing></outerBoundaryIs>
        </Polygon>
        <Polygon>
          <extrude>0</extrude><altitudeMode>clampToGround</altitudeMode>
          <outerBoundaryIs><LinearRing><coordinates> -74.04983657099996,4.62178041484828,0 -74.04995273699996,4.621849823848277,0 -74.05016242699998,4.621902929848266,0 -74.05012118199994,4.621887825848273,0 -74.04999344599997,4.621838904848294,0 -74.04995516099996,4.621825069848296,0 -74.04995056699994,4.621823351848265,0 -74.04990822799994,4.621806351848259,0 -74.04986543899997,4.621789893848309,0 -74.04983657099996,4.62178041484828,0</coordinates></LinearRing></outerBoundaryIs>
        </Polygon>
        <Polygon>
          <extrude>0</extrude><altitudeMode>clampToGround</altitudeMode>
          <outerBoundaryIs><LinearRing><coordinates> -74.05198902299998,4.621976935848301,0 -74.05189848599997,4.6219792738483,0 -74.05185371199997,4.621985414848271,0 -74.05180947799994,4.621996527848302,0 -74.05176614499999,4.622009628848279,0 -74.05172182099994,4.622020741848305,0 -74.05163497399997,4.622046944848254,0 -74.05159019999996,4.622055435848267,0 -74.05154569599995,4.622067361848275,0 -74.05150092199995,4.622073502848252,0 -74.05145587799996,4.622080366848246,0 -74.05141128399998,4.622088134848297,0 -74.05136560999995,4.622088399848279,0 -74.05132056699995,4.622082336848274,0 -74.05127516399995,4.622084138848271,0 -74.05122957999998,4.6220819638483,0 -74.05118417699998,4.622081414848255,0 -74.05113886399994,4.622076165848285,0 -74.05109382099994,4.622068566848266,0 -74.05104832799998,4.622063859848255,0 -74.05104750399994,4.62206379384827,0 -74.05105464599995,4.622065304848267,0 -74.05143130799996,4.622137675848248,0 -74.05168974099996,4.622147244848286,0 -74.05191206799998,4.622163661848275,0 -74.05213502699996,4.622202675848254,0 -74.05232420999994,4.622187519848294,0 -74.05257539099995,4.622229856848257,0 -74.05270999599998,4.622253672848264,0 -74.05270085099994,4.622247220848289,0 -74.05266319899994,4.62222235684828,0 -74.05262284199995,4.62220219384829,0 -74.05258104499995,4.622183747848278,0 -74.05253924699997,4.622165210848264,0 -74.05249717899994,4.62214757884828,0 -74.05245790399994,4.622124432848294,0 -74.05241898999998,4.622100653848296,0 -74.05237908499998,4.622079133848274,0 -74.05233953999993,4.6220566208483,0 -74.05229801199994,4.622037541848274,0 -74.05225549299996,4.622021174848272,0 -74.05221342499993,4.622003451848281,0 -74.05216991499998,4.621991603848309,0 -74.05212532399997,4.62198255884829,0 -74.05208010099994,4.62197739984828,0 -74.05203442699997,4.621977484848287,0 -74.05198902299998,4.621976935848301,0</coordinates></LinearRing></outerBoundaryIs>
        </Polygon>
        <Polygon>
          <extrude>0</extrude><altitudeMode>clampToGround</altitudeMode>
          <outerBoundaryIs><LinearRing><coordinates> -74.05330856499995,4.622326576848244,0 -74.05326388099996,4.622334435848294,0 -74.05322162799996,4.622351152848287,0 -74.05317957999995,4.622366601848269,0 -74.05336981099998,4.622429473848274,0 -74.05394634999993,4.622527223848284,0 -74.05427001999993,4.622578115848263,0 -74.05460227999998,4.622612695848241,0 -74.05511369399994,4.622707924848247,0 -74.05507502599994,4.622686126848277,0 -74.05503295799997,4.622668313848276,0 -74.05499061999996,4.622651313848259,0 -74.05494801099996,4.62263494684826,0 -74.05490422999998,4.622623822848237,0 -74.05486017899995,4.622613421848238,0 -74.05481648899996,4.62259985684828,0 -74.05477216699995,4.622590178848254,0 -74.05472739499999,4.622583393848272,0 -74.05468271299998,4.62257669884825,0 -74.05463766999998,4.622575517848289,0 -74.05459199599994,4.62257334184828,0 -74.05454695299994,4.622572070848247,0 -74.05450181999998,4.622570889848234,0 -74.05445641599994,4.622574318848232,0 -74.05441146199996,4.622578832848244,0 -74.05436614899997,4.622575933848264,0 -74.05432281899994,4.622561736848286,0 -74.05427912899995,4.622548171848263,0 -74.05423480799993,4.622538493848238,0 -74.05419075699996,4.622528001848235,0 -74.05414670599998,4.622517600848231,0 -74.05410265499995,4.622507109848287,0 -74.05405851299997,4.622496798848245,0 -74.05401310999997,4.622492091848284,0 -74.05396779699998,4.622489193848243,0 -74.05392266499996,4.622483944848275,0 -74.05387762199996,4.622480322848263,0 -74.05383239899999,4.622472633848286,0 -74.05378852899997,4.622459972848262,0 -74.05374618999997,4.62244279184829,0 -74.05370358199997,4.622426515848288,0 -74.05366070199995,4.622410871848262,0 -74.05361809399994,4.622394594848277,0 -74.05357566499998,4.622377594848262,0 -74.05353170399997,4.622367103848251,0 -74.05348711199997,4.62235805784825,0 -74.05344360199996,4.622346300848271,0 -74.05339928099994,4.62233644184828,0 -74.05335396799995,4.622331193848239,0 -74.05330856499995,4.622326576848244,0</coordinates></LinearRing></outerBoundaryIs>
        </Polygon>
        <Polygon>
          <extrude>0</extrude><altitudeMode>clampToGround</altitudeMode>
          <outerBoundaryIs><LinearRing><coordinates> -74.05636371199995,4.623504718848218,0 -74.05647679099997,4.623659032848201,0 -74.05643810399994,4.623535893848221,0 -74.05636371199995,4.623504718848218,0</coordinates></LinearRing></outerBoundaryIs>
        </Polygon>
        <Polygon>
          <extrude>0</extrude><altitudeMode>clampToGround</altitudeMode>
          <outerBoundaryIs><LinearRing><coordinates> -74.04090663699998,4.612475783848569,0 -74.04077456699997,4.612509480848613,0 -74.04074177099994,4.612541113848601,0 -74.04069771799993,4.612551502848555,0 -74.04065303699997,4.612544897848603,0 -74.04060898699998,4.612534314848594,0 -74.04056538699996,4.612520929848612,0 -74.04052196799995,4.612509081848568,0 -74.04047737399998,4.612518566848585,0 -74.04043458199999,4.612534288848591,0 -74.04039394999995,4.612554802848556,0 -74.04036340599998,4.612588876848601,0 -74.04033358299995,4.612623131848611,0 -74.04030366899997,4.612657567848562,0 -74.04027195399993,4.612690375848582,0 -74.04024104999996,4.612723455848556,0 -74.04021176699996,4.612758072848599,0 -74.04019861299997,4.612769279848592,0 -74.04017744099997,4.612787355848596,0 -74.04013878999996,4.612811213848558,0 -74.04010095099994,4.612836789848605,0 -74.04006248099995,4.612860648848557,0 -74.04002058799995,4.612879986848573,0 -74.03997815599996,4.612894895848584,0 -74.03993293299999,4.612897781848587,0 -74.03988851899999,4.612907265848567,0 -74.03984752699995,4.612926785848592,0 -74.03980968799993,4.612952541848597,0 -74.03977301899994,4.612979473848563,0 -74.03973490899995,4.613004236848562,0 -74.03969535799996,4.613025925848557,0 -74.03965661799998,4.613049783848569,0 -74.03961652699996,4.613071291848547,0 -74.03957499499995,4.613089816848583,0 -74.03953670499999,4.613114668848545,0 -74.03949850499998,4.61313934084854,0 -74.03946183599999,4.613166273848554,0 -74.03942570799995,4.613194199848583,0 -74.03939876699997,4.613231167848546,0 -74.03939416999998,4.613248431848548,0 -74.03938695899996,4.613274916848575,0 -74.03938163699996,4.613320293848574,0 -74.03937712599998,4.613365761848567,0 -74.03936883099993,4.613410867848584,0 -74.03935603299993,4.613454887848541,0 -74.03934116199997,4.613498184848529,0 -74.03932493999997,4.61354102984853,0 -74.03930466499997,4.613581432848542,0 -74.03928384899996,4.613621655848526,0 -74.03925834899997,4.613659255848565,0 -74.03923528199994,4.613698664848569,0 -74.03921302399993,4.613738253848551,0 -74.03918500199995,4.613774136848569,0 -74.03915761099995,4.613810199848543,0 -74.03913670499998,4.613850331848528,0 -74.03911904199998,4.613892633848513,0 -74.03908804799994,4.613925713848549,0 -74.03904408399995,4.613936192848524,0 -74.03899868099995,4.613937993848516,0 -74.03895363799995,4.613942506848537,0 -74.03891660899995,4.613968444848556,0 -74.03888327199996,4.613999082848557,0 -74.03885272799994,4.61403306684852,0 -74.03884470899999,4.61404499784854,0 -74.03882722799995,4.614070757848515,0 -74.03882839299996,4.614116135848551,0 -74.03881504699996,4.614205715848554,0 -74.03880170699995,4.614249644848507,0 -74.03877179399996,4.614283899848509,0 -74.03873845699997,4.614314538848497,0 -74.03870403999997,4.614343911848518,0 -74.03867430699995,4.614378257848519,0 -74.03864088099994,4.614408805848509,0 -74.03860700399997,4.614439263848539,0 -74.03857600899994,4.614472343848509,0 -74.03854267299994,4.614502982848496,0 -74.03851176899997,4.61453597184853,0 -74.03847464999996,4.614562089848517,0 -74.03843599899994,4.614585677848496,0 -74.03839788899995,4.614610529848523,0 -74.03836221099994,4.614638637848504,0 -74.03833418899995,4.614674429848506,0 -74.03830364499998,4.614708503848489,0 -74.03827994699998,4.61474764084853,0 -74.03825552799998,4.614786416848526,0 -74.03823254999998,4.61482582484849,0 -74.03820452799994,4.614861616848496,0 -74.03818163999995,4.614901025848499,0 -74.03815929299998,4.614940705848482,0 -74.03813235199993,4.61497785384853,0 -74.03810613099995,4.615015182848483,0 -74.03808252299996,4.615054229848511,0 -74.03807957599997,4.615057713848503,0 -74.03812671399999,4.615015865848479,0 -74.03831761399994,4.614818228848501,0 -74.03848880399994,4.614645306848516,0 -74.03884020099997,4.614247627848528,0 -74.03905806599994,4.61398382384855,0 -74.03926303699996,4.613815002848564,0 -74.03938242999999,4.61363020684853,0 -74.03942300399996,4.613407050848534,0 -74.03954753699998,4.61319464584858,0 -74.03973223699995,4.613042698848579,0 -74.03996478999994,4.612916182848561,0 -74.04030995799997,4.61272189084857,0 -74.04054468799995,4.612619103848572,0 -74.04077729999995,4.612567799848555,0 -74.04101602699996,4.612551381848581,0 -74.04112717799995,4.612567652848572,0 -74.04111733399998,4.612563678848592,0 -74.04107544699997,4.612545231848598,0 -74.04103364999997,4.612526875848597,0 -74.04099185299998,4.612508428848594,0 -74.04094924499998,4.612492150848563,0 -74.04090663699998,4.612475783848569,0</coordinates></LinearRing></outerBoundaryIs>
        </Polygon>
        <Polygon>
          <extrude>0</extrude><altitudeMode>clampToGround</altitudeMode>
          <outerBoundaryIs><LinearRing><coordinates> -74.03753918999996,4.615565133848504,0 -74.03752985899996,4.615568581848474,0 -74.03749363999998,4.61559632784848,0 -74.03745814199993,4.615624615848485,0 -74.03742192399994,4.615652451848502,0 -74.03738237299996,4.615674139848505,0 -74.03734174099998,4.615694743848485,0 -74.03730110899994,4.615715437848488,0 -74.03725912699997,4.615733058848471,0 -74.03721894499995,4.615754475848496,0 -74.03717831299997,4.6157751698485,0 -74.03713777099995,4.615795773848474,0 -74.03709533899996,4.615812399848465,0 -74.03705236599995,4.615826494848454,0 -74.03700813199998,4.615837696848502,0 -74.03696281899994,4.615838684848456,0 -74.03691822499997,4.615846631848489,0 -74.03687363099993,4.615854398848482,0 -74.03683218899994,4.615872923848463,0 -74.03680227499996,4.615907359848483,0 -74.03671883099997,4.616068068848472,0 -74.03669576299995,4.616107476848492,0 -74.03667026299996,4.616144986848463,0 -74.03664106999997,4.61617960384844,0 -74.03660890399993,4.616211507848465,0 -74.03657917099997,4.616245762848473,0 -74.03655421099995,4.61628372484849,0 -74.03653348499995,4.616323856848469,0 -74.03651356999995,4.616365344848495,0 -74.03649275399994,4.61640556784847,0 -74.03647112699997,4.616445427848432,0 -74.03645698099996,4.616467120848438,0 -74.03638170799996,4.616720734848452,0 -74.03662988699995,4.616323517848471,0 -74.03674478399995,4.616088509848478,0 -74.03691372099996,4.615922437848466,0 -74.03728598299995,4.615771724848485,0 -74.03748130899999,4.615621404848509,0 -74.03753918999996,4.615565133848504,0</coordinates></LinearRing></outerBoundaryIs>
        </Polygon>
      </MultiGeometry>
    </Placemark>
    <Placemark id="ID_00048">
      <name>SUCRE</name>
      <snippet></snippet>
      <description><![CDATA[<html xmlns:fo="http://www.w3.org/1999/XSL/Format" xmlns:msxsl="urn:schemas-microsoft-com:xslt">
<head>
<META http-equiv="Content-Type" content="text/html">
<meta http-equiv="content-type" content="text/html; charset=UTF-8">
</head>
<body style="margin:0px 0px 0px 0px;overflow:auto;background:#FFFFFF;">
<table style="font-family:Arial,Verdana,Times;font-size:12px;text-align:left;width:100%;border-collapse:collapse;padding:3px 3px 3px 3px">
<tr style="text-align:center;font-weight:bold;background:#9CBCE2">
<td>008112</td>
</tr>
<tr>
<td>
<table style="font-family:Arial,Verdana,Times;font-size:12px;text-align:left;width:100%;border-spacing:0px; padding:3px 3px 3px 3px">
<tr>
<td>OBJECTID1</td>
<td>21</td>
</tr>
<tr bgcolor="#D4E4F3">
<td>SCaCodigo</td>
<td>008112</td>
</tr>
<tr>
<td>SCaTipo</td>
<td>0</td>
</tr>
<tr bgcolor="#D4E4F3">
<td>SCaNombre</td>
<td>SUCRE</td>
</tr>
<tr>
<td>SHAPE</td>
<td>Polígono</td>
</tr>
<tr bgcolor="#D4E4F3">
<td>SHAPE_Length</td>
<td>0.00595</td>
</tr>
<tr>
<td>SHAPE_Area</td>
<td>0</td>
</tr>
</table>
</td>
</tr>
</table>
</body><script type="text/javascript">
				function changeImage(attElement, nameElement) {
				document.getElementById('imageAttachment').src = attElement;
				document.getElementById('imageName').innerHTML = nameElement;}
			</script></html>
]]></description>
      <styleUrl>#PolyStyle048</styleUrl>
      <MultiGeometry>
        <Polygon>
          <extrude>0</extrude><altitudeMode>clampToGround</altitudeMode>
          <outerBoundaryIs><LinearRing><coordinates> -74.06839936699998,4.628539430848055,0 -74.06821172399998,4.628457422848061,0 -74.06813435099997,4.628348849848085,0 -74.06799951199997,4.628156112848074,0 -74.06789042699995,4.62805720884811,0 -74.06777106699997,4.627999884848101,0 -74.06764134999997,4.627926921848069,0 -74.06753705099999,4.62772623384806,0 -74.06751490199997,4.627612605848117,0 -74.06746244299995,4.627429357848083,0 -74.06753409699996,4.627886264848062,0 -74.06757595699997,4.628020731848072,0 -74.06768901199996,4.628092178848054,0 -74.06794444599996,4.628172043848084,0 -74.06807003899996,4.628470392848062,0 -74.06835769699995,4.628754980848051,0 -74.06839936699998,4.628539430848055,0</coordinates></LinearRing></outerBoundaryIs>
        </Polygon>
        <Polygon>
          <extrude>0</extrude><altitudeMode>clampToGround</altitudeMode>
          <outerBoundaryIs><LinearRing><coordinates> -74.06587079199994,4.625806718848134,0 -74.06602073099998,4.626042622848149,0 -74.06636213799999,4.626488716848117,0 -74.06629931599997,4.626353268848143,0 -74.06626626799994,4.626229604848136,0 -74.06621511199995,4.626110006848119,0 -74.06611990599998,4.625968075848149,0 -74.06602712799997,4.625869354848125,0 -74.06587957199997,4.62580877284818,0 -74.06587079199994,4.625806718848134,0</coordinates></LinearRing></outerBoundaryIs>
        </Polygon>
        <Polygon>
          <extrude>0</extrude><altitudeMode>clampToGround</altitudeMode>
          <outerBoundaryIs><LinearRing><coordinates> -74.06693267099996,4.627122705848085,0 -74.06704469199997,4.627222608848113,0 -74.06723134099997,4.627282418848094,0 -74.06711288799994,4.627207591848102,0 -74.06693267099996,4.627122705848085,0</coordinates></LinearRing></outerBoundaryIs>
        </Polygon>
        <Polygon>
          <extrude>0</extrude><altitudeMode>clampToGround</altitudeMode>
          <outerBoundaryIs><LinearRing><coordinates> -74.06741382099995,4.627340891848118,0 -74.06743947099994,4.627349110848115,0 -74.06743907799995,4.627347739848121,0 -74.06741382099995,4.627340891848118,0</coordinates></LinearRing></outerBoundaryIs>
        </Polygon>
      </MultiGeometry>
    </Placemark>
    <Placemark id="ID_00049">
      <name>TEUSAQUILLO</name>
      <snippet></snippet>
      <description><![CDATA[<html xmlns:fo="http://www.w3.org/1999/XSL/Format" xmlns:msxsl="urn:schemas-microsoft-com:xslt">
<head>
<META http-equiv="Content-Type" content="text/html">
<meta http-equiv="content-type" content="text/html; charset=UTF-8">
</head>
<body style="margin:0px 0px 0px 0px;overflow:auto;background:#FFFFFF;">
<table style="font-family:Arial,Verdana,Times;font-size:12px;text-align:left;width:100%;border-collapse:collapse;padding:3px 3px 3px 3px">
<tr style="text-align:center;font-weight:bold;background:#9CBCE2">
<td>007104</td>
</tr>
<tr>
<td>
<table style="font-family:Arial,Verdana,Times;font-size:12px;text-align:left;width:100%;border-spacing:0px; padding:3px 3px 3px 3px">
<tr>
<td>OBJECTID1</td>
<td>27</td>
</tr>
<tr bgcolor="#D4E4F3">
<td>SCaCodigo</td>
<td>007104</td>
</tr>
<tr>
<td>SCaTipo</td>
<td>0</td>
</tr>
<tr bgcolor="#D4E4F3">
<td>SCaNombre</td>
<td>TEUSAQUILLO</td>
</tr>
<tr>
<td>SHAPE</td>
<td>Polígono</td>
</tr>
<tr bgcolor="#D4E4F3">
<td>SHAPE_Length</td>
<td>0.009894</td>
</tr>
<tr>
<td>SHAPE_Area</td>
<td>0</td>
</tr>
</table>
</td>
</tr>
</table>
</body><script type="text/javascript">
				function changeImage(attElement, nameElement) {
				document.getElementById('imageAttachment').src = attElement;
				document.getElementById('imageName').innerHTML = nameElement;}
			</script></html>
]]></description>
      <styleUrl>#PolyStyle049</styleUrl>
      <MultiGeometry>
        <Polygon>
          <extrude>0</extrude><altitudeMode>clampToGround</altitudeMode>
          <outerBoundaryIs><LinearRing><coordinates> -74.07021568499994,4.620356457848342,0 -74.07017946299999,4.620425062848312,0 -74.07000375299998,4.620806148848303,0 -74.06992928399995,4.621001987848302,0 -74.07007639099999,4.620685889848332,0 -74.07023421699995,4.620365892848328,0 -74.07021568499994,4.620356457848342,0</coordinates></LinearRing></outerBoundaryIs>
        </Polygon>
        <Polygon>
          <extrude>0</extrude><altitudeMode>clampToGround</altitudeMode>
          <outerBoundaryIs><LinearRing><coordinates> -74.06984340799994,4.621232131848305,0 -74.06973080199998,4.62154780884829,0 -74.06963481899999,4.621921490848259,0 -74.06951593699995,4.622457337848275,0 -74.06946708299995,4.622706641848229,0 -74.06942850499996,4.622903246848271,0 -74.06933963199998,4.623344363848233,0 -74.06898393099993,4.625353710848183,0 -74.06901092099997,4.62536303484814,0 -74.06944172399994,4.622907896848263,0 -74.06952806799995,4.622435807848248,0 -74.06961396899999,4.622092247848281,0 -74.06971171199996,4.621638520848268,0 -74.06984340799994,4.621232131848305,0</coordinates></LinearRing></outerBoundaryIs>
        </Polygon>
      </MultiGeometry>
    </Placemark>
    <Placemark id="ID_00050">
      <name>VERACRUZ</name>
      <snippet></snippet>
      <description><![CDATA[<html xmlns:fo="http://www.w3.org/1999/XSL/Format" xmlns:msxsl="urn:schemas-microsoft-com:xslt">
<head>
<META http-equiv="Content-Type" content="text/html">
<meta http-equiv="content-type" content="text/html; charset=UTF-8">
</head>
<body style="margin:0px 0px 0px 0px;overflow:auto;background:#FFFFFF;">
<table style="font-family:Arial,Verdana,Times;font-size:12px;text-align:left;width:100%;border-collapse:collapse;padding:3px 3px 3px 3px">
<tr style="text-align:center;font-weight:bold;background:#9CBCE2">
<td>003109</td>
</tr>
<tr>
<td>
<table style="font-family:Arial,Verdana,Times;font-size:12px;text-align:left;width:100%;border-spacing:0px; padding:3px 3px 3px 3px">
<tr>
<td>OBJECTID1</td>
<td>30</td>
</tr>
<tr bgcolor="#D4E4F3">
<td>SCaCodigo</td>
<td>003109</td>
</tr>
<tr>
<td>SCaTipo</td>
<td>0</td>
</tr>
<tr bgcolor="#D4E4F3">
<td>SCaNombre</td>
<td>VERACRUZ</td>
</tr>
<tr>
<td>SHAPE</td>
<td>Polígono</td>
</tr>
<tr bgcolor="#D4E4F3">
<td>SHAPE_Length</td>
<td>0.023199</td>
</tr>
<tr>
<td>SHAPE_Area</td>
<td>0.000028</td>
</tr>
</table>
</td>
</tr>
</table>
</body><script type="text/javascript">
				function changeImage(attElement, nameElement) {
				document.getElementById('imageAttachment').src = attElement;
				document.getElementById('imageName').innerHTML = nameElement;}
			</script></html>
]]></description>
      <styleUrl>#PolyStyle050</styleUrl>
      <MultiGeometry>
        <Polygon>
          <extrude>0</extrude><altitudeMode>clampToGround</altitudeMode>
          <outerBoundaryIs><LinearRing><coordinates> -74.07380236599994,4.606919944848793,0 -74.07409838099994,4.606399175848764,0 -74.07560466399997,4.603888880848869,0 -74.07664382799999,4.602144643848898,0 -74.07664218599996,4.602145397848943,0 -74.07663840699996,4.602147069848932,0 -74.07663459599996,4.602148691848952,0 -74.07663075599999,4.602150266848947,0 -74.07662688899995,4.602151792848948,0 -74.07662299199995,4.602153268848918,0 -74.07661906799996,4.602154697848923,0 -74.07661511499998,4.602156081848892,0 -74.07661113699999,4.602157417848923,0 -74.07660713099995,4.602158711848935,0 -74.07660309999994,4.60215995784895,0 -74.07659904099995,4.602161162848939,0 -74.07659495799999,4.602162322848952,0 -74.07659084999995,4.60216344184894,0 -74.07658671499996,4.602164516848939,0 -74.07658255599995,4.602165550848917,0 -74.07657837499994,4.602166545848911,0 -74.07657416899997,4.602167500848934,0 -74.07656994199994,4.602168416848905,0 -74.07656568999994,4.602169293848896,0 -74.07656141599995,4.602170133848936,0 -74.07655711899997,4.602170935848923,0 -74.07655280299997,4.602171701848889,0 -74.07654846199995,4.602172428848937,0 -74.07654410299995,4.602173125848895,0 -74.07653972099996,4.602173784848918,0 -74.07653532099994,4.602174410848898,0 -74.07653090299993,4.602175005848915,0 -74.07652646399998,4.602175564848912,0 -74.07652200499996,4.60217609484894,0 -74.07651752999993,4.602176592848896,0 -74.07651303299997,4.602177059848909,0 -74.07650851999995,4.602177498848926,0 -74.07650399099998,4.602177905848939,0 -74.07649944399998,4.6021782858489,0 -74.07649487999998,4.602178637848928,0 -74.07649030299996,4.602178963848953,0 -74.07648570599997,4.602179263848908,0 -74.07648109599995,4.602179535848924,0 -74.07647646999999,4.602179782848929,0 -74.07647182999995,4.602180007848942,0 -74.07646717599994,4.602180207848929,0 -74.07646250799996,4.602180382848951,0 -74.07645782699996,4.60218053684891,0 -74.07645313399996,4.602180670848917,0 -74.07644842699995,4.602180784848908,0 -74.07644370599996,4.602180874848915,0 -74.07643423499997,4.602180997848928,0 -74.07642471799994,4.602181050848935,0 -74.07641994199997,4.602181049848942,0 -74.07641036399997,4.602181000848953,0 -74.07640556299998,4.602180953848934,0 -74.07639593299996,4.60218081584892,0 -74.07638626999994,4.602180627848912,0 -74.07638142899998,4.602180515848908,0 -74.07637172499994,4.602180256848921,0 -74.07636199799998,4.602179962848896,0 -74.07634736999995,4.602179459848926,0 -74.07632781299998,4.602178702848922,0 -74.07631311899996,4.6021780978489,0 -74.07628861199998,4.602177061848939,0 -74.07626901699996,4.602176261848931,0 -74.07625434399995,4.602175706848949,0 -74.07623970399999,4.602175212848945,0 -74.07623483299994,4.602175061848948,0 -74.07622510499993,4.602174791848904,0 -74.07622025099994,4.602174670848928,0 -74.07621055999994,4.602174466848932,0 -74.07620089799997,4.602174310848937,0 -74.07619607799995,4.602174254848903,0 -74.07618646599997,4.602174183848912,0 -74.07618167099997,4.602174171848925,0 -74.07617211299998,4.602174200848903,0 -74.07616735099998,4.602174239848945,0 -74.07616259399998,4.602174299848932,0 -74.07615785299998,4.602174376848917,0 -74.07615312399997,4.602174474848905,0 -74.07614840299993,4.602174593848945,0 -74.07614369599997,4.602174732848898,0 -74.07613900199993,4.602174893848912,0 -74.07613432099998,4.602175078848934,0 -74.07612965399994,4.602175285848911,0 -74.07612499799995,4.602175519848934,0 -74.07612035699998,4.602175773848919,0 -74.07611573299994,4.602176054848904,0 -74.07611112099994,4.602176362848945,0 -74.07610652799997,4.602176697848924,0 -74.07610194699998,4.602177058848913,0 -74.07609738399998,4.602177448848938,0 -74.07609283799997,4.602177864848919,0 -74.07608830599997,4.602178313848944,0 -74.07608379599998,4.602178789848914,0 -74.07607930099994,4.602179296848893,0 -74.07607035299998,4.602180391848912,0 -74.07606141399998,4.602181519848921,0 -74.07604800599995,4.602183263848951,0 -74.07603460299998,4.60218505984894,0 -74.07602566899999,4.602186285848942,0 -74.07601673699997,4.602187531848949,0 -74.07600333799996,4.602189440848944,0 -74.07598547799995,4.602192052848944,0 -74.07597208599998,4.602194055848908,0 -74.07595423499998,4.602196776848949,0 -74.07593638399999,4.602199548848905,0 -74.07592299999999,4.602201657848946,0 -74.07590069199995,4.602205214848902,0 -74.07588731099997,4.602207370848898,0 -74.07582486899997,4.602217506848905,0 -74.07578918999997,4.602223257848912,0 -74.07576242899995,4.602227498848905,0 -74.07574904599994,4.602229587848923,0 -74.07573566299999,4.602231647848918,0 -74.07571781799999,4.602234345848924,0 -74.07570443299994,4.602236327848927,0 -74.07568658399998,4.602238907848934,0 -74.07567319499998,4.602240792848892,0 -74.07565980399994,4.602242630848899,0 -74.07564640999993,4.602244416848943,0 -74.07563301499994,4.602246145848893,0 -74.07561961599998,4.602247817848897,0 -74.07561068499996,4.602248896848907,0 -74.07560174799994,4.602249946848952,0 -74.07558834499997,4.60225146584892,0 -74.07557493599995,4.602252914848937,0 -74.07556152599994,4.602254287848913,0 -74.07554811399996,4.60225558184893,0 -74.07553469699997,4.60225679684893,0 -74.07552127399998,4.602257921848905,0 -74.07551232399999,4.602258623848926,0 -74.07550337099997,4.602259284848931,0 -74.07549441899994,4.602259903848925,0 -74.07548994199993,4.602260197848938,0 -74.07548098499996,4.602260751848934,0 -74.07547202799998,4.602261261848941,0 -74.07546306699999,4.602261723848943,0 -74.07545858599997,4.602261938848949,0 -74.07544962399999,4.602262333848921,0 -74.07539558199994,4.602264593848946,0 -74.07537723699994,4.602265338848913,0 -74.07524286499995,4.602282707848944,0 -74.07498657699995,4.602267857848936,0 -74.07482541999997,4.602238462848924,0 -74.07463849999993,4.602192523848901,0 -74.07429554999999,4.602196013848944,0 -74.07416475499997,4.602120882848932,0 -74.07413231899994,4.602179364848912,0 -74.07398071799997,4.602080095848944,0 -74.07399279099997,4.602058130848919,0 -74.07386857299997,4.60197748584895,0 -74.07351024199994,4.601755891848915,0 -74.07349600599997,4.6017833698489,0 -74.07342024999997,4.601734910848942,0 -74.07340754499995,4.601759225848957,0 -74.07327918299995,4.601685178848956,0 -74.07320261799998,4.601628493848959,0 -74.07331641699994,4.601400257848971,0 -74.07283773999995,4.60112016584895,0 -74.07255885399996,4.600920981848966,0 -74.07255162899997,4.60091847584898,0 -74.07254739799998,4.600917034848984,0 -74.07254316299998,4.600915603848945,0 -74.07253466599997,4.600912788848976,0 -74.07253041199994,4.600911402848974,0 -74.07252188199999,4.60090866884895,0 -74.07251332899995,4.600905989848976,0 -74.07250904399996,4.600904668848966,0 -74.07250475499995,4.60090335984899,0 -74.07249615799998,4.600900780848975,0 -74.07249185199998,4.600899509848952,0 -74.07248322599997,4.600897002848971,0 -74.07247890299993,4.600895765848983,0 -74.07247024699996,4.60089332884895,0 -74.07246591199998,4.600892125848991,0 -74.07245722599998,4.60088975184897,0 -74.07244852399998,4.600887420848953,0 -74.07244416699996,4.600886269848965,0 -74.07243543899995,4.600883997848946,0 -74.07242669699997,4.600881761848947,0 -74.07241355199994,4.600878477848944,0 -74.07240477299996,4.600876328848987,0 -74.07240037799994,4.600875268848942,0 -74.07238717299998,4.600872128848957,0 -74.07237835399997,4.600870075848953,0 -74.07236952499994,4.600868046848984,0 -74.07236068299994,4.600866044848955,0 -74.07235183199998,4.600864067848936,0 -74.07234297099996,4.600862112848983,0 -74.07233334399996,4.600860018848962,0 -74.07199242399997,4.600818519849001,0 -74.07147134599995,4.600659718848943,0 -74.07145638599997,4.600656546848954,0 -74.07144316199998,4.600653792848976,0 -74.07142993699995,4.600651080848952,0 -74.07141670999994,4.600648416848978,0 -74.07140348199994,4.600645796848951,0 -74.07139025299995,4.600643229848982,0 -74.07137702399996,4.600640709848975,0 -74.07136379199994,4.600638242848973,0 -74.07135055999998,4.60063583284899,0 -74.07133732399996,4.600633475848969,0 -74.07132408999996,4.600631178848986,0 -74.07131085299994,4.600628936848992,0 -74.07129761299996,4.60062675784896,0 -74.07128437399996,4.600624639848967,0 -74.07127113499996,4.600622584848975,0 -74.07126230699998,4.600621251848983,0 -74.07124906299998,4.600619305848978,0 -74.07123581899998,4.600617429848981,0 -74.07122698899997,4.600616215848968,0 -74.07121374199994,4.600614455849001,0 -74.07120049399998,4.600612767849003,0 -74.07119166099994,4.600611683848983,0 -74.07117841299998,4.600610116848954,0 -74.07116957799997,4.600609116848957,0 -74.07116515999996,4.600608634848991,0 -74.07116074099997,4.600608196848968,0 -74.07115631799996,4.600607812848989,0 -74.07115189299998,4.600607476848966,0 -74.07114746499997,4.600607185848973,0 -74.07114303599997,4.600606947848984,0 -74.07113860299995,4.600606752848954,0 -74.07113416799996,4.600606606848961,0 -74.07112972999994,4.600606504848959,0 -74.07112528899995,4.600606445848953,0 -74.07112084799996,4.600606431848989,0 -74.07111640299996,4.600606458848993,0 -74.07111195999994,4.600606527848997,0 -74.07110751099998,4.600606638848956,0 -74.07110306299995,4.600606787848978,0 -74.07109860999998,4.600606979848994,0 -74.07109415899998,4.60060720584899,0 -74.07108970299998,4.600607470848968,0 -74.07108524699998,4.600607773848956,0 -74.07108078999994,4.600608111848957,0 -74.07107632999998,4.600608486848971,0 -74.07107186999997,4.600608892848993,0 -74.07106740699999,4.600609332848949,0 -74.07106294499994,4.600609802848979,0 -74.07105847999998,4.600610307848983,0 -74.07105401299998,4.600610844848986,0 -74.07104954899995,4.600611407848943,0 -74.07104508099997,4.600612001848978,0 -74.07104061099994,4.600612623848993,0 -74.07103614199997,4.600613271848957,0 -74.07103167299994,4.60061394684898,0 -74.07102720099994,4.600614646848976,0 -74.07102273099997,4.600615373848953,0 -74.07101825899997,4.600616122848993,0 -74.07101378599998,4.600616895849004,0 -74.07100931399998,4.600617690848949,0 -74.07100484299997,4.600618506848961,0 -74.07099589499995,4.600620199848957,0 -74.07099141999998,4.600621073848989,0 -74.07098247499994,4.600622877848951,0 -74.07097352699998,4.600624744848985,0 -74.07096905499998,4.600625701848983,0 -74.07096010899994,4.600627652848987,0 -74.07095563699994,4.600628648848968,0 -74.07094669299994,4.600630669848974,0 -74.07094222499995,4.600631694848984,0 -74.07092881899996,4.600634818848973,0 -74.07091541899996,4.600637996848959,0 -74.07087084299997,4.600648691848971,0 -74.07085750199997,4.600651838848947,0 -74.07084861599998,4.600653899848977,0 -74.07083530699998,4.600656922848958,0 -74.07082644699994,4.600658878848958,0 -74.07082201899993,4.600659836848942,0 -74.07081317199999,4.60066170984898,0 -74.07080875299994,4.600662622848987,0 -74.07079551099997,4.600665305848977,0 -74.07078668999998,4.600667141848942,0 -74.07077787499998,4.600669029848986,0 -74.07077346899996,4.600669989848957,0 -74.07076466099994,4.60067194684895,0 -74.07076025899994,4.600672938848972,0 -74.07075145799996,4.600674959848972,0 -74.07074705999997,4.60067598484899,0 -74.07073826699997,4.600678066848974,0 -74.07072508399995,4.600681256848998,0 -74.07071629999996,4.600683427848948,0 -74.07071086499997,4.600684789848981,0 -74.07043181499995,4.60077189184899,0 -74.07010336299999,4.600828533848992,0 -74.06943449199997,4.600815354848986,0 -74.06939503399997,4.600823395848986,0 -74.06920596699996,4.600861616848934,0 -74.06919529299995,4.60086536484898,0 -74.06918241099999,4.600869934848966,0 -74.06916954399998,4.600874544848983,0 -74.06916097699997,4.600877636848973,0 -74.06915241699994,4.60088074684899,0 -74.06913959299999,4.600885436848965,0 -74.06911826499999,4.600893318848938,0 -74.06909698999993,4.600901267848947,0 -74.06908425299997,4.600906061848953,0 -74.06907153499998,4.600910870848969,0 -74.06904194799995,4.600922130848971,0 -74.06900862099997,4.60093489484894,0 -74.06889009599996,4.600990570848982,0 -74.06889210499997,4.601567019848958,0 -74.06826169699997,4.603118707848913,0 -74.07209208599994,4.605806190848811,0 -74.07346202599996,4.606696046848795,0 -74.07380236599994,4.606919944848793,0</coordinates></LinearRing></outerBoundaryIs>
        </Polygon>
      </MultiGeometry>
    </Placemark>
    <Placemark id="ID_00051">
      <name>VITELMA</name>
      <snippet></snippet>
      <description><![CDATA[<html xmlns:fo="http://www.w3.org/1999/XSL/Format" xmlns:msxsl="urn:schemas-microsoft-com:xslt">
<head>
<META http-equiv="Content-Type" content="text/html">
<meta http-equiv="content-type" content="text/html; charset=UTF-8">
</head>
<body style="margin:0px 0px 0px 0px;overflow:auto;background:#FFFFFF;">
<table style="font-family:Arial,Verdana,Times;font-size:12px;text-align:left;width:100%;border-collapse:collapse;padding:3px 3px 3px 3px">
<tr style="text-align:center;font-weight:bold;background:#9CBCE2">
<td>001103</td>
</tr>
<tr>
<td>
<table style="font-family:Arial,Verdana,Times;font-size:12px;text-align:left;width:100%;border-spacing:0px; padding:3px 3px 3px 3px">
<tr>
<td>OBJECTID1</td>
<td>28</td>
</tr>
<tr bgcolor="#D4E4F3">
<td>SCaCodigo</td>
<td>001103</td>
</tr>
<tr>
<td>SCaTipo</td>
<td>0</td>
</tr>
<tr bgcolor="#D4E4F3">
<td>SCaNombre</td>
<td>VITELMA</td>
</tr>
<tr>
<td>SHAPE</td>
<td>Polígono</td>
</tr>
<tr bgcolor="#D4E4F3">
<td>SHAPE_Length</td>
<td>0.00444</td>
</tr>
<tr>
<td>SHAPE_Area</td>
<td>0</td>
</tr>
</table>
</td>
</tr>
</table>
</body><script type="text/javascript">
				function changeImage(attElement, nameElement) {
				document.getElementById('imageAttachment').src = attElement;
				document.getElementById('imageName').innerHTML = nameElement;}
			</script></html>
]]></description>
      <styleUrl>#PolyStyle051</styleUrl>
      <MultiGeometry>
        <Polygon>
          <extrude>0</extrude><altitudeMode>clampToGround</altitudeMode>
          <outerBoundaryIs><LinearRing><coordinates> -74.07403331599994,4.576269911849757,0 -74.07401396399996,4.576294278849742,0 -74.07402440099997,4.576365149849782,0 -74.07378808699997,4.57662520684977,0 -74.07400382999998,4.576608770849761,0 -74.07410004499997,4.576520148849746,0 -74.07424580099996,4.576467833849735,0 -74.07429606799997,4.576449759849774,0 -74.07433570399996,4.576444402849755,0 -74.07438806099998,4.57644134984975,0 -74.07434375399998,4.57642095884979,0 -74.07403331599994,4.576269911849757,0</coordinates></LinearRing></outerBoundaryIs>
        </Polygon>
        <Polygon>
          <extrude>0</extrude><altitudeMode>clampToGround</altitudeMode>
          <outerBoundaryIs><LinearRing><coordinates> -74.07543526999996,4.578647441849673,0 -74.07543852499998,4.578663989849691,0 -74.07545455299999,4.57872973584971,0 -74.07557140799997,4.578729746849713,0 -74.07548950099994,4.578701995849707,0 -74.07543526999996,4.578647441849673,0</coordinates></LinearRing></outerBoundaryIs>
        </Polygon>
        <Polygon>
          <extrude>0</extrude><altitudeMode>clampToGround</altitudeMode>
          <outerBoundaryIs><LinearRing><coordinates> -74.07578822899995,4.578838935849705,0 -74.07600852399997,4.57901023184966,0 -74.07614823099993,4.579101345849699,0 -74.07630199799996,4.579122404849648,0 -74.07646645099999,4.579151416849671,0 -74.07646415699998,4.579150758849702,0 -74.07616851499995,4.579096346849699,0 -74.07611925199996,4.579081509849662,0 -74.07592636999993,4.578926477849663,0 -74.07578822899995,4.578838935849705,0</coordinates></LinearRing></outerBoundaryIs>
        </Polygon>
        <Polygon>
          <extrude>0</extrude><altitudeMode>clampToGround</altitudeMode>
          <outerBoundaryIs><LinearRing><coordinates> -74.07703725499994,4.57937070884966,0 -74.07717511999994,4.579480047849662,0 -74.07732562799998,4.579667189849674,0 -74.07732127899999,4.57966009584966,0 -74.07720799299994,4.579496879849637,0 -74.07709962499996,4.579397998849652,0 -74.07703725499994,4.57937070884966,0</coordinates></LinearRing></outerBoundaryIs>
        </Polygon>
        <Polygon>
          <extrude>0</extrude><altitudeMode>clampToGround</altitudeMode>
          <outerBoundaryIs><LinearRing><coordinates> -74.07773286699995,4.58029657684965,0 -74.07778768599997,4.580381723849645,0 -74.07778796599996,4.580373814849614,0 -74.07778854699995,4.58035949684966,0 -74.07773286699995,4.58029657684965,0</coordinates></LinearRing></outerBoundaryIs>
        </Polygon>
      </MultiGeometry>
    </Placemark>
    <Placemark id="ID_00052">
      <name>VOTO NACIONAL</name>
      <snippet></snippet>
      <description><![CDATA[<html xmlns:fo="http://www.w3.org/1999/XSL/Format" xmlns:msxsl="urn:schemas-microsoft-com:xslt">
<head>
<META http-equiv="Content-Type" content="text/html">
<meta http-equiv="content-type" content="text/html; charset=UTF-8">
</head>
<body style="margin:0px 0px 0px 0px;overflow:auto;background:#FFFFFF;">
<table style="font-family:Arial,Verdana,Times;font-size:12px;text-align:left;width:100%;border-collapse:collapse;padding:3px 3px 3px 3px">
<tr style="text-align:center;font-weight:bold;background:#9CBCE2">
<td>004103</td>
</tr>
<tr>
<td>
<table style="font-family:Arial,Verdana,Times;font-size:12px;text-align:left;width:100%;border-spacing:0px; padding:3px 3px 3px 3px">
<tr>
<td>OBJECTID1</td>
<td>13</td>
</tr>
<tr bgcolor="#D4E4F3">
<td>SCaCodigo</td>
<td>004103</td>
</tr>
<tr>
<td>SCaTipo</td>
<td>0</td>
</tr>
<tr bgcolor="#D4E4F3">
<td>SCaNombre</td>
<td>VOTO NACIONAL</td>
</tr>
<tr>
<td>SHAPE</td>
<td>Polígono</td>
</tr>
<tr bgcolor="#D4E4F3">
<td>SHAPE_Length</td>
<td>0.006234</td>
</tr>
<tr>
<td>SHAPE_Area</td>
<td>0</td>
</tr>
</table>
</td>
</tr>
</table>
</body><script type="text/javascript">
				function changeImage(attElement, nameElement) {
				document.getElementById('imageAttachment').src = attElement;
				document.getElementById('imageName').innerHTML = nameElement;}
			</script></html>
]]></description>
      <styleUrl>#PolyStyle052</styleUrl>
      <MultiGeometry>
        <Polygon>
          <extrude>0</extrude><altitudeMode>clampToGround</altitudeMode>
          <outerBoundaryIs><LinearRing><coordinates> -74.08168270299996,4.601134587848947,0 -74.08049055399994,4.602836264848918,0 -74.07988187899997,4.603646041848866,0 -74.07991687999998,4.603676769848878,0 -74.08110679199996,4.602040237848914,0 -74.08150751899996,4.601402925848947,0 -74.08168270299996,4.601134587848947,0</coordinates></LinearRing></outerBoundaryIs>
        </Polygon>
      </MultiGeometry>
    </Placemark>
  </Folder>
  <Style id="PolyStyle00">
    <LabelStyle>
      <color>00000000</color>
      <scale>0.000000</scale>
    </LabelStyle>
    <LineStyle>
      <color>ffc4893e</color>
      <width>0.700000</width>
    </LineStyle>
    <PolyStyle>
      <color>ffc4893e</color>
      <outline>1</outline>
    </PolyStyle>
  </Style>
  <Style id="PolyStyle01">
    <LabelStyle>
      <color>00000000</color>
      <scale>0.000000</scale>
    </LabelStyle>
    <LineStyle>
      <color>ff4530bc</color>
      <width>0.700000</width>
    </LineStyle>
    <PolyStyle>
      <color>ff4530bc</color>
      <outline>1</outline>
    </PolyStyle>
  </Style>
  <Style id="PolyStyle02">
    <LabelStyle>
      <color>00000000</color>
      <scale>0.000000</scale>
    </LabelStyle>
    <LineStyle>
      <color>ff259d78</color>
      <width>0.700000</width>
    </LineStyle>
    <PolyStyle>
      <color>ff259d78</color>
      <outline>1</outline>
    </PolyStyle>
  </Style>
  <Style id="PolyStyle03">
    <LabelStyle>
      <color>00000000</color>
      <scale>0.000000</scale>
    </LabelStyle>
    <LineStyle>
      <color>ffc82ca2</color>
      <width>0.700000</width>
    </LineStyle>
    <PolyStyle>
      <color>ffc82ca2</color>
      <outline>1</outline>
    </PolyStyle>
  </Style>
  <Style id="PolyStyle04">
    <LabelStyle>
      <color>00000000</color>
      <scale>0.000000</scale>
    </LabelStyle>
    <LineStyle>
      <color>ffaeca41</color>
      <width>0.700000</width>
    </LineStyle>
    <PolyStyle>
      <color>ffaeca41</color>
      <outline>1</outline>
    </PolyStyle>
  </Style>
  <Style id="PolyStyle05">
    <LabelStyle>
      <color>00000000</color>
      <scale>0.000000</scale>
    </LabelStyle>
    <LineStyle>
      <color>ff9a3923</color>
      <width>0.700000</width>
    </LineStyle>
    <PolyStyle>
      <color>ff9a3923</color>
      <outline>1</outline>
    </PolyStyle>
  </Style>
  <Style id="PolyStyle06">
    <LabelStyle>
      <color>00000000</color>
      <scale>0.000000</scale>
    </LabelStyle>
    <LineStyle>
      <color>ff23639d</color>
      <width>0.700000</width>
    </LineStyle>
    <PolyStyle>
      <color>ff23639d</color>
      <outline>1</outline>
    </PolyStyle>
  </Style>
  <Style id="PolyStyle07">
    <LabelStyle>
      <color>00000000</color>
      <scale>0.000000</scale>
    </LabelStyle>
    <LineStyle>
      <color>ff934dc2</color>
      <width>0.700000</width>
    </LineStyle>
    <PolyStyle>
      <color>ff934dc2</color>
      <outline>1</outline>
    </PolyStyle>
  </Style>
  <Style id="PolyStyle08">
    <LabelStyle>
      <color>00000000</color>
      <scale>0.000000</scale>
    </LabelStyle>
    <LineStyle>
      <color>ff58c72c</color>
      <width>0.700000</width>
    </LineStyle>
    <PolyStyle>
      <color>ff58c72c</color>
      <outline>1</outline>
    </PolyStyle>
  </Style>
  <Style id="PolyStyle09">
    <LabelStyle>
      <color>00000000</color>
      <scale>0.000000</scale>
    </LabelStyle>
    <LineStyle>
      <color>ffc6332a</color>
      <width>0.700000</width>
    </LineStyle>
    <PolyStyle>
      <color>ffc6332a</color>
      <outline>1</outline>
    </PolyStyle>
  </Style>
  <Style id="PolyStyle010">
    <LabelStyle>
      <color>00000000</color>
      <scale>0.000000</scale>
    </LabelStyle>
    <LineStyle>
      <color>ff4aaec8</color>
      <width>0.700000</width>
    </LineStyle>
    <PolyStyle>
      <color>ff4aaec8</color>
      <outline>1</outline>
    </PolyStyle>
  </Style>
  <Style id="PolyStyle011">
    <LabelStyle>
      <color>00000000</color>
      <scale>0.000000</scale>
    </LabelStyle>
    <LineStyle>
      <color>ffaa9c32</color>
      <width>0.700000</width>
    </LineStyle>
    <PolyStyle>
      <color>ffaa9c32</color>
      <outline>1</outline>
    </PolyStyle>
  </Style>
  <Style id="PolyStyle012">
    <LabelStyle>
      <color>00000000</color>
      <scale>0.000000</scale>
    </LabelStyle>
    <PolyStyle>
      <color>ffdff0df</color>
      <outline>0</outline>
    </PolyStyle>
  </Style>
  <Style id="PolyStyle013">
    <LabelStyle>
      <color>00000000</color>
      <scale>0.000000</scale>
    </LabelStyle>
    <PolyStyle>
      <color>ff4c7300</color>
      <outline>0</outline>
    </PolyStyle>
  </Style>
  <Style id="PolyStyle014">
    <LabelStyle>
      <color>00000000</color>
      <scale>0.000000</scale>
    </LabelStyle>
    <LineStyle>
      <color>ffc96f30</color>
      <width>0.700000</width>
    </LineStyle>
    <PolyStyle>
      <color>ffc96f30</color>
      <outline>1</outline>
    </PolyStyle>
  </Style>
  <Style id="PolyStyle015">
    <LabelStyle>
      <color>00000000</color>
      <scale>0.000000</scale>
    </LabelStyle>
    <LineStyle>
      <color>ff6aad29</color>
      <width>0.700000</width>
    </LineStyle>
    <PolyStyle>
      <color>ff6aad29</color>
      <outline>1</outline>
    </PolyStyle>
  </Style>
  <Style id="PolyStyle016">
    <LabelStyle>
      <color>00000000</color>
      <scale>0.000000</scale>
    </LabelStyle>
    <LineStyle>
      <color>ff2438a7</color>
      <width>0.700000</width>
    </LineStyle>
    <PolyStyle>
      <color>ff2438a7</color>
      <outline>1</outline>
    </PolyStyle>
  </Style>
  <Style id="PolyStyle017">
    <LabelStyle>
      <color>00000000</color>
      <scale>0.000000</scale>
    </LabelStyle>
    <LineStyle>
      <color>ff29bf70</color>
      <width>0.700000</width>
    </LineStyle>
    <PolyStyle>
      <color>ff29bf70</color>
      <outline>1</outline>
    </PolyStyle>
  </Style>
  <Style id="PolyStyle018">
    <LabelStyle>
      <color>00000000</color>
      <scale>0.000000</scale>
    </LabelStyle>
    <LineStyle>
      <color>ffb13fb8</color>
      <width>0.700000</width>
    </LineStyle>
    <PolyStyle>
      <color>ffb13fb8</color>
      <outline>1</outline>
    </PolyStyle>
  </Style>
  <Style id="PolyStyle019">
    <LabelStyle>
      <color>00000000</color>
      <scale>0.000000</scale>
    </LabelStyle>
    <LineStyle>
      <color>ffa5235d</color>
      <width>0.700000</width>
    </LineStyle>
    <PolyStyle>
      <color>ffa5235d</color>
      <outline>1</outline>
    </PolyStyle>
  </Style>
  <Style id="PolyStyle020">
    <LabelStyle>
      <color>00000000</color>
      <scale>0.000000</scale>
    </LabelStyle>
    <LineStyle>
      <color>ff6931c3</color>
      <width>0.700000</width>
    </LineStyle>
    <PolyStyle>
      <color>ff6931c3</color>
      <outline>1</outline>
    </PolyStyle>
  </Style>
  <Style id="PolyStyle021">
    <LabelStyle>
      <color>00000000</color>
      <scale>0.000000</scale>
    </LabelStyle>
    <LineStyle>
      <color>ff47ccb4</color>
      <width>0.700000</width>
    </LineStyle>
    <PolyStyle>
      <color>ff47ccb4</color>
      <outline>1</outline>
    </PolyStyle>
  </Style>
  <Style id="PolyStyle022">
    <LabelStyle>
      <color>00000000</color>
      <scale>0.000000</scale>
    </LabelStyle>
    <LineStyle>
      <color>ff2b9c40</color>
      <width>0.700000</width>
    </LineStyle>
    <PolyStyle>
      <color>ff2b9c40</color>
      <outline>1</outline>
    </PolyStyle>
  </Style>
  <Style id="PolyStyle023">
    <LabelStyle>
      <color>00000000</color>
      <scale>0.000000</scale>
    </LabelStyle>
    <LineStyle>
      <color>ff9a6033</color>
      <width>0.700000</width>
    </LineStyle>
    <PolyStyle>
      <color>ff9a6033</color>
      <outline>1</outline>
    </PolyStyle>
  </Style>
  <Style id="PolyStyle024">
    <LabelStyle>
      <color>00000000</color>
      <scale>0.000000</scale>
    </LabelStyle>
    <PolyStyle>
      <color>fff5f2f2</color>
      <outline>0</outline>
    </PolyStyle>
  </Style>
  <Style id="PolyStyle025">
    <LabelStyle>
      <color>00000000</color>
      <scale>0.000000</scale>
    </LabelStyle>
    <LineStyle>
      <color>ff39849f</color>
      <width>0.700000</width>
    </LineStyle>
    <PolyStyle>
      <color>ff39849f</color>
      <outline>1</outline>
    </PolyStyle>
  </Style>
  <Style id="PolyStyle026">
    <LabelStyle>
      <color>00000000</color>
      <scale>0.000000</scale>
    </LabelStyle>
    <LineStyle>
      <color>ff30cc29</color>
      <width>0.700000</width>
    </LineStyle>
    <PolyStyle>
      <color>ff30cc29</color>
      <outline>1</outline>
    </PolyStyle>
  </Style>
  <Style id="PolyStyle027">
    <LabelStyle>
      <color>00000000</color>
      <scale>0.000000</scale>
    </LabelStyle>
    <LineStyle>
      <color>ff7e9b33</color>
      <width>0.700000</width>
    </LineStyle>
    <PolyStyle>
      <color>ff7e9b33</color>
      <outline>1</outline>
    </PolyStyle>
  </Style>
  <Style id="PolyStyle028">
    <LabelStyle>
      <color>00000000</color>
      <scale>0.000000</scale>
    </LabelStyle>
    <LineStyle>
      <color>ff37389d</color>
      <width>0.700000</width>
    </LineStyle>
    <PolyStyle>
      <color>ff37389d</color>
      <outline>1</outline>
    </PolyStyle>
  </Style>
  <Style id="PolyStyle029">
    <LabelStyle>
      <color>00000000</color>
      <scale>0.000000</scale>
    </LabelStyle>
    <LineStyle>
      <color>ffa22587</color>
      <width>0.700000</width>
    </LineStyle>
    <PolyStyle>
      <color>ffa22587</color>
      <outline>1</outline>
    </PolyStyle>
  </Style>
  <Style id="PolyStyle030">
    <LabelStyle>
      <color>00000000</color>
      <scale>0.000000</scale>
    </LabelStyle>
    <LineStyle>
      <color>ff2fb22f</color>
      <width>0.700000</width>
    </LineStyle>
    <PolyStyle>
      <color>ff2fb22f</color>
      <outline>1</outline>
    </PolyStyle>
  </Style>
  <Style id="PolyStyle031">
    <LabelStyle>
      <color>00000000</color>
      <scale>0.000000</scale>
    </LabelStyle>
    <LineStyle>
      <color>ff477fb3</color>
      <width>0.700000</width>
    </LineStyle>
    <PolyStyle>
      <color>ff477fb3</color>
      <outline>1</outline>
    </PolyStyle>
  </Style>
  <Style id="PolyStyle032">
    <LabelStyle>
      <color>00000000</color>
      <scale>0.000000</scale>
    </LabelStyle>
    <LineStyle>
      <color>ffc8bf39</color>
      <width>0.700000</width>
    </LineStyle>
    <PolyStyle>
      <color>ffc8bf39</color>
      <outline>1</outline>
    </PolyStyle>
  </Style>
  <Style id="PolyStyle033">
    <LabelStyle>
      <color>00000000</color>
      <scale>0.000000</scale>
    </LabelStyle>
    <LineStyle>
      <color>ff9d7e33</color>
      <width>0.700000</width>
    </LineStyle>
    <PolyStyle>
      <color>ff9d7e33</color>
      <outline>1</outline>
    </PolyStyle>
  </Style>
  <Style id="PolyStyle034">
    <LabelStyle>
      <color>00000000</color>
      <scale>0.000000</scale>
    </LabelStyle>
    <PolyStyle>
      <color>ffb7ead7</color>
      <outline>0</outline>
    </PolyStyle>
  </Style>
  <Style id="PolyStyle035">
    <LabelStyle>
      <color>00000000</color>
      <scale>0.000000</scale>
    </LabelStyle>
    <LineStyle>
      <color>ffa0523d</color>
      <width>0.700000</width>
    </LineStyle>
    <PolyStyle>
      <color>ffa0523d</color>
      <outline>1</outline>
    </PolyStyle>
  </Style>
  <Style id="PolyStyle036">
    <LabelStyle>
      <color>00000000</color>
      <scale>0.000000</scale>
    </LabelStyle>
    <LineStyle>
      <color>ffc54e63</color>
      <width>0.700000</width>
    </LineStyle>
    <PolyStyle>
      <color>ffc54e63</color>
      <outline>1</outline>
    </PolyStyle>
  </Style>
  <Style id="PolyStyle037">
    <LabelStyle>
      <color>00000000</color>
      <scale>0.000000</scale>
    </LabelStyle>
    <LineStyle>
      <color>ff3dc3c9</color>
      <width>0.700000</width>
    </LineStyle>
    <PolyStyle>
      <color>ff3dc3c9</color>
      <outline>1</outline>
    </PolyStyle>
  </Style>
  <Style id="PolyStyle038">
    <LabelStyle>
      <color>00000000</color>
      <scale>0.000000</scale>
    </LabelStyle>
    <LineStyle>
      <color>ff9f2436</color>
      <width>0.700000</width>
    </LineStyle>
    <PolyStyle>
      <color>ff9f2436</color>
      <outline>1</outline>
    </PolyStyle>
  </Style>
  <Style id="PolyStyle039">
    <LabelStyle>
      <color>00000000</color>
      <scale>0.000000</scale>
    </LabelStyle>
    <LineStyle>
      <color>ffcc4ba2</color>
      <width>0.700000</width>
    </LineStyle>
    <PolyStyle>
      <color>ffcc4ba2</color>
      <outline>1</outline>
    </PolyStyle>
  </Style>
  <Style id="PolyStyle040">
    <LabelStyle>
      <color>00000000</color>
      <scale>0.000000</scale>
    </LabelStyle>
    <LineStyle>
      <color>ff5d349e</color>
      <width>0.700000</width>
    </LineStyle>
    <PolyStyle>
      <color>ff5d349e</color>
      <outline>1</outline>
    </PolyStyle>
  </Style>
  <Style id="PolyStyle041">
    <LabelStyle>
      <color>00000000</color>
      <scale>0.000000</scale>
    </LabelStyle>
    <LineStyle>
      <color>ff9441a4</color>
      <width>0.700000</width>
    </LineStyle>
    <PolyStyle>
      <color>ff9441a4</color>
      <outline>1</outline>
    </PolyStyle>
  </Style>
  <Style id="PolyStyle042">
    <LabelStyle>
      <color>00000000</color>
      <scale>0.000000</scale>
    </LabelStyle>
    <LineStyle>
      <color>ff41aeaa</color>
      <width>0.700000</width>
    </LineStyle>
    <PolyStyle>
      <color>ff41aeaa</color>
      <outline>1</outline>
    </PolyStyle>
  </Style>
  <Style id="PolyStyle043">
    <LabelStyle>
      <color>00000000</color>
      <scale>0.000000</scale>
    </LabelStyle>
    <LineStyle>
      <color>ff4f3da0</color>
      <width>0.700000</width>
    </LineStyle>
    <PolyStyle>
      <color>ff4f3da0</color>
      <outline>1</outline>
    </PolyStyle>
  </Style>
  <Style id="PolyStyle044">
    <LabelStyle>
      <color>00000000</color>
      <scale>0.000000</scale>
    </LabelStyle>
    <LineStyle>
      <color>ff342fbb</color>
      <width>0.700000</width>
    </LineStyle>
    <PolyStyle>
      <color>ff342fbb</color>
      <outline>1</outline>
    </PolyStyle>
  </Style>
  <Style id="PolyStyle045">
    <LabelStyle>
      <color>00000000</color>
      <scale>0.000000</scale>
    </LabelStyle>
    <LineStyle>
      <color>ff2453a9</color>
      <width>0.700000</width>
    </LineStyle>
    <PolyStyle>
      <color>ff2453a9</color>
      <outline>1</outline>
    </PolyStyle>
  </Style>
  <Style id="PolyStyle046">
    <LabelStyle>
      <color>00000000</color>
      <scale>0.000000</scale>
    </LabelStyle>
    <LineStyle>
      <color>ff92c432</color>
      <width>0.700000</width>
    </LineStyle>
    <PolyStyle>
      <color>ff92c432</color>
      <outline>1</outline>
    </PolyStyle>
  </Style>
  <Style id="PolyStyle047">
    <LabelStyle>
      <color>00000000</color>
      <scale>0.000000</scale>
    </LabelStyle>
    <LineStyle>
      <color>ffc42abf</color>
      <width>0.700000</width>
    </LineStyle>
    <PolyStyle>
      <color>ffc42abf</color>
      <outline>1</outline>
    </PolyStyle>
  </Style>
  <Style id="PolyStyle048">
    <LabelStyle>
      <color>00000000</color>
      <scale>0.000000</scale>
    </LabelStyle>
    <LineStyle>
      <color>ffca2e6a</color>
      <width>0.700000</width>
    </LineStyle>
    <PolyStyle>
      <color>ffca2e6a</color>
      <outline>1</outline>
    </PolyStyle>
  </Style>
  <Style id="PolyStyle049">
    <LabelStyle>
      <color>00000000</color>
      <scale>0.000000</scale>
    </LabelStyle>
    <LineStyle>
      <color>ff7525a8</color>
      <width>0.700000</width>
    </LineStyle>
    <PolyStyle>
      <color>ff7525a8</color>
      <outline>1</outline>
    </PolyStyle>
  </Style>
  <Style id="PolyStyle050">
    <LabelStyle>
      <color>00000000</color>
      <scale>0.000000</scale>
    </LabelStyle>
    <LineStyle>
      <color>ffca9e33</color>
      <width>0.700000</width>
    </LineStyle>
    <PolyStyle>
      <color>ffca9e33</color>
      <outline>1</outline>
    </PolyStyle>
  </Style>
  <Style id="PolyStyle051">
    <LabelStyle>
      <color>00000000</color>
      <scale>0.000000</scale>
    </LabelStyle>
    <LineStyle>
      <color>ff2828c3</color>
      <width>0.700000</width>
    </LineStyle>
    <PolyStyle>
      <color>ff2828c3</color>
      <outline>1</outline>
    </PolyStyle>
  </Style>
  <Style id="PolyStyle052">
    <LabelStyle>
      <color>00000000</color>
      <scale>0.000000</scale>
    </LabelStyle>
    <LineStyle>
      <color>ff82cb39</color>
      <width>0.700000</width>
    </LineStyle>
    <PolyStyle>
      <color>ff82cb39</color>
      <outline>1</outline>
    </PolyStyle>
  </Style>
</Document>
</kml>